tasks_completed_per_day,average_task_time_minutes,distance_travelled_km,payout_amount,customer_rating,login_hours_per_day,device_changes,location_changes,cancellation_rate,late_delivery_rate
33,15,41,2654,4.65,10,1,0,0.04,0.17
19,22,58,2580,3.53,11,0,1,0.13,0.06
12,20,30,2666,4.22,5,1,2,0.09,0.16
25,19,74,2323,4.11,4,1,1,0.12,0.12
23,25,79,728,4.95,9,0,1,0.12,0.03
27,36,36,2487,3.77,6,0,1,0.1,0.03
15,35,32,1329,4.44,5,0,0,0.04,0.16
15,33,56,1349,3.8,4,1,1,0.11,0.12
28,32,21,1738,4.32,9,1,0,0.02,0.12
28,29,75,1653,4.33,5,1,0,0.04,0.08
7,26,14,1344,3.61,7,0,0,0.1,0.19
26,26,18,2819,4.18,7,1,0,0.14,0.15
6,13,29,902,4.19,5,1,2,0.12,0.19
28,14,72,2102,3.98,5,0,0,0.06,0.04
34,37,39,1126,3.92,8,1,0,0.13,0.13
6,32,25,2323,3.84,9,1,1,0.15,0.13
25,23,14,1480,3.51,10,1,1,0.06,0.04
37,29,38,1576,3.5,7,1,0,0.04,0.08
16,19,56,2794,4.38,6,0,2,0.04,0.06
26,23,31,2884,3.94,5,1,2,0.07,0.2
29,37,66,532,3.75,8,1,1,0.02,0.12
31,10,44,1298,4.53,10,0,2,0.08,0.08
32,20,69,1866,4.29,9,1,1,0.11,0.14
20,35,79,1762,4.87,11,0,2,0.08,0.14
19,32,69,2591,4.75,5,0,2,0.15,0.08
7,27,67,803,4.59,7,1,2,0.07,0.2
11,25,12,2193,3.69,4,1,1,0.01,0.17
25,38,43,2816,4.5,11,1,1,0.08,0.09
13,36,54,2530,4.54,9,0,0,0.14,0.14
22,27,59,2256,4.64,4,1,0,0.02,0.15
8,17,11,899,3.89,7,1,2,0.04,0.05
29,37,24,1421,4.46,11,0,2,0.11,0.18
18,19,46,2978,4.43,6,1,2,0.05,0.17
13,35,24,920,4.08,11,0,1,0.12,0.16
30,19,69,2678,4.5,9,0,2,0.07,0.06
6,14,73,1933,3.63,8,0,0,0.12,0.04
24,19,61,1748,4.47,5,1,2,0.09,0.05
32,27,32,1666,4.41,11,0,0,0.02,0.04
11,30,46,1077,3.82,5,1,2,0.06,0.19
12,33,50,1039,4.73,10,1,2,0.06,0.17
39,15,66,2672,4.81,5,1,2,0.12,0.04
18,12,34,1735,3.82,8,0,0,0.1,0.14
21,17,46,1433,3.61,8,0,0,0.12,0.06
8,39,49,1960,4.41,7,0,1,0.06,0.02
6,18,55,1091,4.22,8,0,0,0.11,0.07
10,14,69,1761,4.14,5,1,2,0.02,0.1
92,2,158,11127,1.8735879879086137,22,4,9,0.45826367721010475,0.42087358958578625
33,11,18,827,4.95,9,0,2,0.05,0.08
22,11,78,1642,4.22,10,0,2,0.12,0.15
30,16,14,2593,3.51,5,0,0,0.08,0.06
38,26,35,2631,4.39,8,1,1,0.07,0.11
14,19,28,851,4.48,8,1,0,0.14,0.18
18,21,39,1536,4.74,10,0,0,0.08,0.03
35,11,57,1136,3.8,7,1,2,0.1,0.16
19,19,25,1695,4.29,4,0,0,0.15,0.09
12,29,27,733,4.17,8,0,1,0.08,0.12
18,10,65,1280,4.5,4,0,2,0.12,0.06
27,13,30,1918,3.6,6,0,0,0.07,0.12
25,22,40,1432,4.83,10,1,1,0.02,0.15
20,21,10,2323,4.27,4,0,2,0.13,0.06
22,20,12,1360,4.82,11,0,1,0.14,0.08
73,1,233,7222,2.406894630321526,21,3,5,0.6469269778794889,0.7041759081849011
30,19,17,2695,4.48,5,0,2,0.08,0.1
29,24,74,799,4.94,5,0,0,0.07,0.07
33,14,71,2455,4.92,11,1,1,0.15,0.1
19,34,16,1976,4.92,8,1,2,0.14,0.07
5,26,16,2523,3.56,7,1,0,0.02,0.07
29,37,17,2930,4.1,9,1,1,0.12,0.13
11,14,28,2470,3.59,8,0,2,0.09,0.11
13,11,26,1033,3.96,8,0,1,0.01,0.14
28,18,20,1756,3.76,9,0,0,0.07,0.17
5,15,58,2157,4.43,7,0,0,0.03,0.19
12,27,20,1652,4.67,7,1,0,0.13,0.05
28,23,50,2252,4.27,6,1,2,0.01,0.13
15,28,71,2183,4.69,6,0,0,0.13,0.12
21,23,61,736,3.52,6,1,0,0.14,0.18
12,17,75,1200,4.73,7,1,2,0.02,0.18
39,26,77,1074,3.77,4,0,0,0.11,0.16
82,3,231,11074,1.7025268540022434,19,5,6,0.5430494077954975,0.5158926536368285
37,12,49,1270,4.16,10,1,0,0.14,0.06
9,38,14,2264,4.81,11,1,2,0.12,0.07
32,19,31,722,4.95,6,1,0,0.11,0.13
11,26,46,1622,3.88,11,0,1,0.14,0.05
13,36,20,2820,3.6,11,0,2,0.03,0.05
12,20,53,1922,4.48,10,1,1,0.06,0.18
16,17,62,2040,4.25,4,1,2,0.13,0.19
38,10,70,2505,4.35,8,0,2,0.02,0.02
37,22,76,929,3.57,11,1,2,0.14,0.18
27,30,22,1022,4.66,9,1,1,0.11,0.19
28,13,20,1871,3.85,9,1,0,0.07,0.11
39,16,20,2074,4.0,9,1,0,0.06,0.1
26,23,16,2998,3.84,10,0,0,0.03,0.19
31,14,26,2474,4.92,4,0,0,0.02,0.02
39,33,57,2589,3.75,9,1,2,0.07,0.17
5,37,23,2238,4.6,5,0,2,0.13,0.07
39,39,72,593,3.87,5,0,1,0.08,0.14
18,20,73,1673,4.14,9,1,0,0.07,0.08
7,26,74,998,4.99,10,0,2,0.05,0.11
5,14,43,2918,3.65,8,1,0,0.03,0.17
9,29,18,1480,4.82,4,1,0,0.15,0.05
30,12,46,984,4.92,4,0,1,0.01,0.14
18,14,39,1164,4.55,9,1,2,0.05,0.18
31,35,50,1127,3.51,7,0,0,0.12,0.18
13,24,54,2184,4.73,10,1,1,0.08,0.18
19,28,56,1231,4.82,6,1,1,0.05,0.11
19,25,16,691,4.97,10,1,0,0.15,0.16
30,17,23,2268,4.76,8,0,0,0.1,0.1
17,22,57,1744,4.17,4,1,1,0.05,0.1
36,25,15,1570,4.53,6,0,1,0.13,0.07
36,12,43,2674,4.23,9,1,0,0.03,0.07
8,10,55,1195,4.03,11,1,0,0.07,0.03
34,18,68,1639,4.44,8,1,1,0.13,0.12
27,18,79,1063,4.65,4,1,2,0.15,0.08
19,31,17,2913,4.45,9,1,1,0.06,0.05
33,35,33,2940,4.74,5,0,1,0.03,0.04
17,26,76,522,3.76,4,1,2,0.09,0.08
36,33,13,944,4.06,5,1,0,0.14,0.18
11,11,10,1276,3.97,9,0,1,0.1,0.11
26,18,43,2544,3.79,5,1,0,0.09,0.12
32,39,18,1207,4.16,7,0,2,0.05,0.03
6,33,72,932,4.92,11,0,1,0.09,0.11
10,28,19,972,4.31,11,0,0,0.13,0.14
70,1,251,9715,1.6434210658652182,17,3,6,0.4935239463404087,0.7688140762167635
32,14,59,2414,4.03,9,0,0,0.04,0.2
24,18,53,1605,4.42,7,0,0,0.08,0.18
34,22,57,2810,4.03,11,0,0,0.06,0.2
15,10,15,2390,4.31,6,0,0,0.08,0.08
32,34,33,857,3.91,8,0,1,0.02,0.17
29,24,67,1067,4.02,11,0,1,0.06,0.08
37,13,73,979,4.56,6,0,2,0.13,0.15
5,13,65,1366,4.38,10,0,0,0.07,0.19
31,29,21,1528,3.64,7,1,2,0.15,0.05
17,19,44,2313,4.96,6,1,1,0.11,0.05
7,37,15,1917,3.57,11,1,2,0.06,0.04
10,34,74,1207,3.62,8,0,1,0.05,0.16
12,39,69,2973,4.55,8,0,1,0.11,0.14
31,15,77,1550,4.56,4,1,2,0.05,0.11
13,36,38,626,3.53,11,0,1,0.14,0.16
37,33,47,2682,4.46,6,0,1,0.03,0.17
28,21,31,2878,3.55,7,1,2,0.01,0.19
19,39,17,2152,4.94,4,0,2,0.04,0.06
36,29,72,2939,4.54,6,1,0,0.09,0.1
36,25,22,507,3.78,9,1,2,0.13,0.19
28,12,36,1112,3.74,8,0,1,0.03,0.1
16,23,27,1784,4.35,7,0,0,0.09,0.11
6,10,27,1722,4.45,11,0,1,0.03,0.19
7,19,71,1097,4.75,11,1,2,0.09,0.15
21,24,23,2263,4.85,9,0,1,0.01,0.12
6,16,20,885,4.09,6,0,2,0.09,0.08
6,13,26,678,4.77,11,0,2,0.08,0.18
32,23,60,2997,4.31,11,1,2,0.02,0.02
27,33,23,1314,4.21,11,0,0,0.11,0.08
36,25,66,2317,4.55,8,0,2,0.09,0.19
37,23,15,857,3.65,8,1,1,0.1,0.11
5,12,66,2923,3.9,9,0,0,0.08,0.13
23,26,13,1201,4.73,6,0,0,0.11,0.12
6,30,20,2250,4.26,6,1,0,0.08,0.09
30,23,20,1281,4.86,11,0,1,0.14,0.14
36,27,17,581,3.63,7,0,2,0.14,0.16
10,12,68,684,3.97,4,0,0,0.11,0.09
36,39,30,2835,4.03,8,1,2,0.14,0.13
8,31,74,1382,4.13,4,1,2,0.14,0.03
15,28,33,1006,4.98,4,1,1,0.05,0.12
21,12,39,2541,3.97,11,1,0,0.15,0.15
28,21,66,1985,4.28,8,0,1,0.05,0.13
9,31,26,529,4.3,6,1,0,0.01,0.18
38,14,68,2432,4.66,8,0,0,0.14,0.07
10,19,40,2578,4.28,9,0,2,0.04,0.11
68,3,286,10232,1.673254394757771,21,5,5,0.48079974797185066,0.6458529783078302
15,10,57,1696,4.63,11,0,0,0.15,0.15
20,22,32,1651,3.65,11,1,0,0.02,0.1
37,12,79,585,4.95,7,0,2,0.05,0.12
13,28,39,1838,4.77,8,1,0,0.1,0.04
10,20,64,2575,4.08,10,1,0,0.12,0.2
20,25,16,2669,4.59,7,1,0,0.12,0.16
33,15,21,1774,4.64,6,0,1,0.13,0.09
7,33,69,2950,4.78,11,1,0,0.03,0.12
24,12,61,1182,3.78,11,0,0,0.06,0.13
23,28,36,771,4.56,6,0,2,0.11,0.19
30,15,21,2335,3.55,9,1,2,0.11,0.16
7,17,22,2660,3.67,7,0,1,0.05,0.08
23,31,71,2229,4.66,10,1,2,0.05,0.2
24,22,38,1917,4.72,7,0,0,0.05,0.07
36,21,44,518,4.39,8,0,1,0.13,0.12
11,39,69,2375,4.37,6,0,0,0.14,0.15
37,19,38,964,4.62,7,0,0,0.01,0.07
22,12,40,1190,4.86,5,1,0,0.06,0.19
5,13,70,1510,4.13,8,1,1,0.06,0.06
15,10,11,1714,3.67,11,1,2,0.15,0.1
32,22,42,2016,4.76,8,0,2,0.14,0.05
29,33,71,662,4.01,5,0,2,0.1,0.18
93,3,160,7367,2.3901558521983626,21,3,6,0.4700877532390666,0.7439335511355983
35,31,49,794,4.42,11,1,1,0.04,0.03
34,20,58,1078,4.37,6,1,2,0.07,0.03
39,28,41,2267,4.21,7,1,1,0.14,0.09
11,20,47,2085,4.79,7,1,1,0.02,0.11
20,21,22,2849,3.91,6,1,0,0.12,0.03
30,20,63,1831,3.52,10,0,1,0.04,0.04
6,15,22,2671,3.99,11,1,2,0.08,0.04
5,21,48,694,3.51,5,0,2,0.12,0.14
16,36,32,1341,4.32,5,1,1,0.11,0.07
9,18,23,2898,4.07,11,0,1,0.12,0.12
36,34,26,2366,4.72,10,0,1,0.12,0.03
13,19,33,2291,4.7,5,1,1,0.05,0.18
39,12,67,988,4.15,11,0,2,0.06,0.07
23,12,72,2747,3.82,8,0,2,0.12,0.16
20,29,43,2103,4.13,11,0,0,0.02,0.17
7,37,60,945,4.46,10,0,1,0.08,0.2
24,32,19,579,3.79,7,0,2,0.14,0.15
28,25,30,1244,4.66,4,0,1,0.13,0.1
37,12,46,2360,4.0,8,0,2,0.12,0.05
28,19,16,1965,4.9,11,0,0,0.01,0.03
15,33,22,1430,4.27,8,0,2,0.13,0.18
12,20,39,2434,4.77,7,1,2,0.14,0.1
24,17,40,771,4.42,6,1,0,0.1,0.15
39,15,14,1866,4.33,10,0,1,0.05,0.11
29,29,41,2671,4.52,10,1,2,0.08,0.18
86,1,276,8873,2.053995880668058,21,5,7,0.42890220093682646,0.6512655248935963
29,37,31,1185,4.47,7,1,0,0.12,0.04
33,36,73,2226,4.7,6,1,0,0.06,0.16
22,30,53,1151,3.79,7,1,2,0.06,0.07
22,21,49,796,3.92,8,1,1,0.11,0.16
6,25,46,1642,3.84,10,1,2,0.11,0.19
39,27,25,1120,4.7,9,0,2,0.08,0.19
20,22,52,2154,3.63,10,0,2,0.07,0.04
37,31,72,2154,4.69,5,0,0,0.1,0.03
8,12,24,2898,4.08,8,0,1,0.01,0.16
37,24,53,2172,3.62,11,0,2,0.02,0.15
18,31,18,754,4.14,8,0,1,0.09,0.05
25,37,74,1787,3.95,4,1,2,0.04,0.14
77,4,277,10281,1.7359577507919757,20,5,5,0.5278169248608156,0.5240064444559736
12,23,29,1558,4.21,8,0,0,0.12,0.13
11,27,79,1248,3.95,8,1,1,0.11,0.17
7,37,42,1817,4.79,11,1,0,0.14,0.14
21,38,15,1101,4.11,9,1,0,0.03,0.03
37,23,40,1591,4.21,4,1,1,0.05,0.2
73,4,170,11132,1.4523774315572044,17,3,6,0.4323487470058553,0.7984379529500413
26,30,27,610,3.63,9,0,2,0.12,0.09
26,23,37,1330,4.08,9,1,2,0.08,0.04
34,34,77,1165,4.1,10,0,2,0.05,0.05
12,36,74,1566,4.24,10,0,1,0.03,0.07
31,17,54,1374,3.66,10,0,2,0.14,0.16
31,37,67,1817,3.65,10,1,2,0.11,0.14
38,37,56,784,4.12,10,1,0,0.08,0.13
25,32,75,1063,3.55,4,1,1,0.15,0.18
34,24,61,518,3.88,5,0,0,0.13,0.2
37,37,45,1046,3.8,6,1,0,0.03,0.09
32,38,10,547,4.23,10,1,2,0.08,0.09
37,24,48,2268,3.52,11,1,2,0.08,0.15
9,39,10,2542,4.51,9,0,1,0.13,0.14
23,28,23,718,4.78,9,1,0,0.03,0.02
8,35,32,1265,4.56,4,1,2,0.07,0.14
39,29,52,2578,4.73,5,0,0,0.1,0.15
21,15,31,2806,4.46,10,0,2,0.14,0.2
32,28,69,807,4.26,11,0,2,0.14,0.13
34,36,36,2854,3.83,5,0,2,0.08,0.14
33,34,65,1067,3.92,7,0,2,0.09,0.16
10,17,11,1622,3.98,10,1,1,0.13,0.04
65,4,186,9078,1.6166047613612111,22,4,9,0.6136259201795977,0.5605317374062986
28,29,60,730,4.87,9,1,0,0.13,0.12
33,32,28,581,4.85,9,0,1,0.14,0.04
35,38,71,716,3.66,8,0,1,0.13,0.14
39,24,76,834,4.34,6,0,1,0.01,0.06
37,36,72,1058,4.2,4,0,2,0.05,0.12
25,12,14,1373,4.53,8,0,2,0.07,0.07
36,19,70,1252,4.4,6,1,0,0.1,0.04
27,24,16,1093,3.69,9,1,1,0.05,0.07
37,33,59,2322,4.49,7,1,0,0.06,0.1
7,25,55,2178,4.41,4,0,1,0.07,0.11
22,26,23,1052,4.3,5,1,0,0.14,0.05
29,28,78,1982,4.1,5,0,1,0.07,0.08
35,20,74,1282,4.93,8,0,1,0.03,0.17
7,25,74,2634,4.77,8,1,2,0.01,0.18
28,14,66,1012,4.38,4,0,0,0.04,0.12
36,14,71,1483,3.51,5,1,2,0.14,0.11
26,35,29,1086,4.15,10,0,2,0.14,0.12
27,23,35,2001,4.55,10,0,0,0.08,0.06
6,27,53,1455,3.68,8,1,2,0.1,0.2
31,35,76,1242,4.11,11,0,1,0.12,0.15
6,17,79,948,3.79,5,1,1,0.02,0.06
30,14,71,1087,4.01,7,1,1,0.06,0.07
21,16,54,759,3.54,8,1,1,0.1,0.14
76,1,250,9811,1.3493417660744351,22,4,8,0.47641365455949125,0.7813566914727537
13,32,43,1520,4.18,10,1,0,0.11,0.08
33,23,55,2459,4.85,6,1,2,0.06,0.16
30,14,41,1875,4.24,11,1,0,0.14,0.07
39,33,14,1631,4.18,8,1,0,0.1,0.15
29,18,72,2902,4.68,7,1,2,0.13,0.19
28,13,38,2642,3.9,4,0,2,0.06,0.04
17,13,57,1367,3.64,10,0,1,0.01,0.05
11,25,25,590,3.81,5,0,0,0.03,0.19
24,33,34,1979,4.69,10,1,0,0.14,0.06
5,26,38,1454,4.52,11,0,0,0.01,0.02
12,24,61,2931,3.64,9,0,1,0.09,0.18
20,13,55,522,4.5,4,0,0,0.07,0.07
18,15,34,2225,4.9,10,1,0,0.07,0.07
16,25,32,522,3.57,8,0,1,0.07,0.06
27,38,43,2221,4.42,6,1,2,0.02,0.19
19,13,76,2858,4.07,4,0,1,0.03,0.16
32,15,43,1940,4.25,10,1,1,0.02,0.13
38,14,41,1856,4.29,6,1,2,0.02,0.1
6,25,38,1074,4.66,8,0,0,0.02,0.05
36,39,18,2650,4.34,10,1,2,0.11,0.19
27,34,75,1327,4.39,6,1,0,0.03,0.15
26,25,66,688,4.0,6,0,1,0.05,0.07
29,19,48,959,3.69,7,0,0,0.1,0.19
26,18,16,2736,4.52,10,1,1,0.03,0.19
26,13,78,850,3.5,4,1,0,0.14,0.14
10,38,17,1080,3.99,8,0,1,0.08,0.2
19,23,27,2661,3.83,7,1,0,0.14,0.05
37,13,58,2651,4.08,6,0,0,0.04,0.15
12,21,25,1119,3.97,7,1,0,0.01,0.05
9,33,30,2031,4.56,7,1,2,0.09,0.14
8,19,19,1868,3.89,6,0,1,0.06,0.19
10,13,13,2934,4.34,8,0,1,0.09,0.12
36,27,53,2301,4.18,10,1,1,0.08,0.16
34,22,17,1732,4.7,11,1,2,0.07,0.05
39,22,64,972,4.14,5,0,2,0.13,0.13
20,23,28,1358,4.8,7,1,2,0.04,0.03
17,27,73,2940,3.5,4,0,2,0.08,0.03
34,10,49,2212,4.41,6,0,0,0.07,0.13
23,30,60,1015,3.51,5,0,1,0.1,0.12
21,25,18,2893,4.57,11,0,0,0.02,0.08
60,4,201,11130,2.004737648317514,18,5,6,0.7104498312209298,0.6421782557232999
32,31,65,2594,4.07,11,0,2,0.08,0.14
30,34,53,2890,4.07,6,1,0,0.15,0.14
30,14,68,1042,4.77,6,0,1,0.12,0.03
27,38,24,1559,3.65,7,1,2,0.03,0.14
13,15,77,1256,4.5,10,1,0,0.08,0.14
16,15,79,2898,4.97,9,0,0,0.12,0.14
5,12,70,687,3.53,9,0,0,0.08,0.17
5,25,32,2881,4.95,4,1,0,0.06,0.12
38,21,56,982,3.53,6,1,1,0.06,0.19
36,13,26,1739,4.76,6,0,1,0.06,0.2
84,2,240,7498,1.7465487215546303,17,3,8,0.4943849821847946,0.5662540741948233
5,13,63,795,4.99,5,1,2,0.11,0.08
20,10,61,544,4.19,6,0,1,0.1,0.05
9,30,31,2542,4.8,10,0,1,0.05,0.17
26,36,48,674,3.68,6,1,0,0.1,0.05
33,36,22,1869,4.14,7,1,0,0.05,0.05
7,17,75,2603,3.96,9,0,0,0.04,0.19
16,33,61,2888,4.09,6,0,2,0.11,0.12
30,14,23,2300,4.55,10,0,2,0.12,0.07
20,39,72,2409,3.63,7,1,2,0.1,0.19
26,35,37,2274,5.0,4,1,2,0.12,0.15
33,11,55,2420,4.45,7,0,0,0.06,0.12
18,21,37,2761,4.81,10,1,2,0.02,0.08
32,31,11,2022,4.74,9,1,2,0.09,0.14
9,26,26,1257,4.65,5,1,0,0.05,0.15
34,16,68,1920,3.56,6,0,0,0.12,0.15
9,20,61,996,4.27,4,1,1,0.06,0.06
16,13,13,2720,3.99,11,0,0,0.1,0.15
20,14,12,604,3.67,6,1,2,0.09,0.12
30,15,46,978,4.01,6,0,0,0.12,0.17
30,20,33,1922,4.47,10,0,2,0.13,0.13
25,10,44,2981,3.85,11,0,1,0.02,0.05
37,34,11,1192,4.17,9,1,1,0.05,0.08
34,19,42,693,4.11,7,0,1,0.13,0.15
27,29,19,1989,3.58,6,1,2,0.07,0.15
14,33,71,558,4.44,9,1,2,0.08,0.06
9,30,52,2386,4.43,4,1,1,0.04,0.08
38,20,78,977,4.95,10,1,1,0.09,0.02
35,33,68,1626,3.95,9,1,2,0.05,0.08
14,26,18,2468,4.13,9,0,2,0.13,0.02
23,17,69,1091,4.11,9,0,2,0.04,0.18
36,36,72,1338,4.88,10,1,2,0.06,0.14
5,22,61,1845,4.11,8,0,1,0.02,0.19
9,36,32,1048,4.16,9,1,1,0.09,0.18
8,29,39,720,3.88,6,0,0,0.14,0.13
20,27,52,1375,3.5,9,1,0,0.03,0.11
28,36,77,1696,3.67,7,0,2,0.01,0.18
20,31,30,835,4.56,5,1,1,0.07,0.07
6,25,52,724,4.52,6,1,2,0.11,0.06
32,11,16,2582,3.98,9,0,0,0.15,0.09
36,14,25,687,4.21,9,1,2,0.02,0.03
31,27,32,1747,3.95,7,0,0,0.12,0.07
24,12,67,1462,4.6,11,0,0,0.06,0.04
28,36,40,993,4.76,6,0,1,0.03,0.03
16,31,78,2386,4.85,8,0,2,0.04,0.12
39,26,15,810,3.76,8,1,1,0.14,0.15
37,25,74,2104,4.54,4,1,0,0.12,0.12
37,15,68,2063,4.94,8,1,0,0.05,0.03
16,28,37,868,4.48,10,1,2,0.14,0.09
7,16,27,1245,4.03,10,1,2,0.02,0.04
5,27,19,2578,4.45,11,0,2,0.06,0.14
37,23,16,1755,4.53,7,0,2,0.1,0.17
14,15,46,1497,4.1,8,1,0,0.15,0.04
33,17,54,996,3.66,7,1,0,0.08,0.03
17,24,25,2089,4.41,6,0,0,0.12,0.09
16,24,23,1463,4.7,4,1,1,0.14,0.07
35,24,20,2504,5.0,9,1,1,0.01,0.07
6,25,43,1698,3.83,9,0,1,0.05,0.06
39,10,69,2845,4.55,9,1,2,0.02,0.08
27,20,22,2314,3.54,11,0,0,0.12,0.19
21,36,48,1888,4.95,4,0,1,0.09,0.17
30,38,53,1609,3.52,9,0,2,0.02,0.13
12,34,37,1076,4.04,8,1,2,0.07,0.16
33,14,49,553,3.61,10,1,2,0.08,0.02
30,14,25,728,4.43,9,1,0,0.11,0.04
14,38,59,1278,4.01,9,1,2,0.12,0.07
30,37,37,2057,4.6,5,0,1,0.02,0.14
38,30,77,1484,4.23,10,1,2,0.08,0.18
11,15,69,872,4.13,8,1,0,0.03,0.06
8,11,21,968,4.02,9,1,0,0.12,0.05
15,15,25,2967,3.63,5,0,2,0.1,0.17
33,23,62,2349,3.81,8,0,0,0.11,0.09
29,20,63,1031,4.46,7,0,0,0.02,0.15
25,13,58,1923,4.25,7,0,1,0.08,0.12
14,33,45,1707,3.61,9,1,1,0.13,0.05
13,38,71,1061,4.32,9,0,2,0.11,0.15
28,36,35,589,3.58,11,0,0,0.13,0.1
39,34,65,2139,4.27,11,1,0,0.04,0.07
39,18,31,1906,4.95,5,0,0,0.05,0.18
22,33,78,868,3.96,4,0,1,0.07,0.02
36,12,58,1792,4.59,11,1,0,0.08,0.09
28,35,11,514,4.62,5,0,1,0.05,0.07
27,25,62,2891,4.11,6,1,0,0.06,0.03
68,3,249,7820,1.7602869760573756,18,3,6,0.44453770035662465,0.5967845078064205
16,36,29,2445,4.21,5,1,2,0.1,0.05
17,13,39,1559,3.93,10,1,2,0.03,0.11
27,10,76,1416,4.63,11,1,0,0.15,0.07
29,34,68,2752,4.55,10,0,0,0.09,0.17
39,30,75,2174,4.85,6,1,1,0.08,0.06
34,31,12,1275,4.43,6,1,1,0.15,0.15
21,25,65,1580,4.08,11,0,1,0.03,0.06
24,28,26,1633,4.57,10,1,0,0.09,0.03
29,25,61,1185,4.43,11,1,1,0.12,0.07
26,20,16,724,4.42,9,1,0,0.07,0.17
17,35,14,563,4.77,10,1,1,0.11,0.03
23,17,63,2287,4.87,8,0,0,0.14,0.08
16,32,70,1460,3.77,9,1,1,0.05,0.02
23,10,25,1875,3.97,11,1,1,0.04,0.13
16,35,76,2867,4.48,5,1,1,0.06,0.19
13,37,68,856,4.34,10,0,0,0.07,0.09
11,30,56,592,4.48,7,0,2,0.03,0.12
32,35,57,1823,4.15,10,1,2,0.04,0.1
18,18,73,2017,4.12,9,1,0,0.13,0.2
35,37,59,2177,3.68,8,0,0,0.09,0.15
23,36,50,1912,4.44,9,1,2,0.05,0.03
68,2,290,8026,1.5155738692215728,20,4,9,0.7051292932067313,0.591653358445852
9,31,63,2981,4.51,10,1,1,0.12,0.1
39,17,14,1625,4.95,4,0,1,0.06,0.13
16,35,26,1340,3.88,10,1,0,0.12,0.07
29,26,50,1901,3.71,10,1,2,0.09,0.14
25,19,44,2106,3.54,10,0,2,0.11,0.12
27,36,49,1397,4.07,7,1,0,0.06,0.1
20,16,31,991,3.82,6,0,2,0.04,0.12
18,28,57,2032,4.24,4,1,1,0.05,0.18
35,34,62,2939,4.29,10,1,2,0.02,0.06
9,15,19,2477,4.02,10,0,2,0.08,0.16
39,30,27,2298,4.62,8,0,1,0.07,0.02
27,33,58,1994,4.86,9,0,2,0.01,0.04
33,33,39,1851,3.82,6,1,1,0.13,0.19
15,37,28,2568,4.75,9,1,1,0.11,0.15
22,37,64,1620,3.7,6,1,1,0.07,0.13
16,28,69,2338,3.84,6,1,2,0.15,0.08
13,27,30,2163,4.34,7,1,1,0.14,0.05
14,24,35,2897,3.96,8,1,0,0.02,0.09
21,11,37,1045,3.56,8,0,2,0.1,0.13
11,23,48,1098,3.94,9,1,1,0.12,0.13
17,30,42,2579,4.86,11,0,0,0.03,0.05
13,19,49,2544,3.76,10,1,0,0.03,0.1
31,37,38,758,4.65,7,0,1,0.05,0.12
6,25,29,975,4.58,8,0,0,0.05,0.19
9,16,29,2405,3.66,6,1,1,0.15,0.12
33,17,21,1419,3.99,6,0,0,0.12,0.12
23,19,34,2580,3.78,9,1,2,0.02,0.16
12,24,34,887,3.53,11,0,1,0.12,0.1
5,17,13,2361,3.76,6,0,0,0.03,0.09
26,22,13,1297,3.8,8,0,0,0.06,0.13
21,21,18,2117,3.75,5,0,1,0.05,0.16
11,17,24,2425,3.64,4,0,2,0.05,0.13
29,24,35,2315,4.29,5,0,1,0.05,0.05
8,35,41,2127,3.98,7,0,0,0.12,0.09
10,21,61,2771,4.86,5,1,1,0.05,0.11
35,20,41,716,3.78,11,1,2,0.12,0.11
23,28,18,2703,4.4,11,1,0,0.02,0.08
31,23,22,1288,4.85,10,1,2,0.09,0.11
14,36,65,2043,3.57,11,0,2,0.13,0.14
30,27,53,2583,4.27,9,0,0,0.02,0.1
23,22,39,2556,4.18,5,1,2,0.1,0.1
7,13,25,1563,4.89,10,1,0,0.08,0.16
17,26,21,2726,4.5,9,0,2,0.06,0.16
32,28,75,2164,4.02,7,1,2,0.02,0.1
88,1,160,7839,1.605354510361116,16,4,5,0.6316132729330257,0.7253627655953321
94,2,245,8088,1.65479709262778,21,5,5,0.6262922900648358,0.6349322651356181
12,32,33,2189,4.02,8,0,2,0.06,0.08
5,16,21,1947,4.68,10,1,2,0.11,0.03
7,10,69,1014,4.5,7,1,1,0.14,0.17
17,16,69,863,3.51,5,1,2,0.06,0.16
32,35,10,2413,4.8,6,0,1,0.11,0.14
29,16,52,2451,4.1,6,1,0,0.14,0.06
37,29,64,1974,4.47,7,1,0,0.02,0.15
10,16,49,2039,4.1,6,0,0,0.08,0.08
36,17,73,1273,4.82,4,0,1,0.01,0.18
25,25,43,828,4.48,10,1,0,0.13,0.06
20,12,43,1293,4.37,5,0,0,0.05,0.06
25,22,57,1461,4.97,4,0,2,0.06,0.19
15,19,42,2917,3.92,4,0,1,0.11,0.11
39,27,77,1096,3.6,8,1,1,0.12,0.1
23,16,39,2377,4.27,5,0,1,0.07,0.08
24,30,38,1910,4.14,7,1,0,0.1,0.17
76,2,282,7611,1.31555252412326,20,3,8,0.6820542866655772,0.5288516229476972
18,39,43,1070,4.43,10,1,0,0.13,0.08
19,14,24,1561,4.42,8,0,0,0.11,0.04
35,32,62,2068,4.09,4,0,0,0.14,0.11
5,34,26,876,4.79,6,1,0,0.13,0.19
7,36,73,2647,4.48,5,1,2,0.11,0.19
20,33,70,2336,4.83,4,1,1,0.14,0.2
27,31,66,2463,4.87,4,1,1,0.12,0.11
15,16,46,2665,3.75,5,1,0,0.08,0.16
16,34,16,2968,4.52,7,1,0,0.08,0.12
14,39,17,1766,3.98,8,1,0,0.01,0.12
36,36,77,1040,4.75,11,1,2,0.01,0.17
20,31,30,1750,4.6,5,0,0,0.11,0.17
12,26,70,2375,3.8,6,1,1,0.09,0.02
16,13,38,1736,4.91,6,1,1,0.12,0.19
28,33,34,612,4.53,11,1,2,0.14,0.17
32,32,67,872,4.92,4,0,0,0.07,0.15
12,25,23,2846,3.8,10,1,1,0.02,0.17
32,28,75,2196,4.8,9,0,2,0.1,0.12
30,19,63,1542,4.5,8,0,1,0.02,0.16
12,12,76,1275,4.33,7,0,2,0.1,0.13
32,36,39,1170,4.73,7,0,0,0.08,0.12
32,12,27,510,4.45,11,0,1,0.11,0.06
31,37,63,507,4.5,11,0,1,0.06,0.17
21,26,30,2073,3.88,9,0,0,0.03,0.18
13,19,62,1896,4.73,6,0,0,0.04,0.19
37,26,25,960,4.48,7,1,2,0.11,0.04
24,31,37,2802,4.77,10,0,0,0.08,0.07
17,39,13,1851,4.03,6,0,1,0.09,0.14
32,39,64,861,4.0,11,1,1,0.06,0.17
33,26,24,1897,3.54,8,1,0,0.13,0.16
17,30,73,1287,4.65,11,1,0,0.15,0.1
39,13,74,708,4.0,9,1,0,0.05,0.15
79,4,259,9160,2.4363386282725727,22,3,7,0.5531891918005244,0.4635292846991183
90,4,168,8520,2.4019853929032537,20,4,9,0.5834374916534608,0.7472450236122794
9,15,73,1496,3.88,10,1,2,0.11,0.02
29,21,42,1053,4.86,6,1,1,0.07,0.03
6,34,78,2029,4.31,8,1,1,0.09,0.16
14,31,78,2087,4.95,9,0,2,0.04,0.11
34,34,67,920,3.62,6,1,0,0.13,0.03
9,29,48,2855,4.01,5,0,2,0.03,0.11
37,26,45,2684,4.07,6,1,1,0.14,0.03
5,26,77,1942,4.6,8,1,0,0.02,0.08
22,19,30,2742,3.82,7,0,0,0.05,0.05
36,16,72,1618,4.06,6,0,0,0.09,0.06
15,38,15,2013,4.87,4,1,0,0.13,0.06
25,25,33,2426,3.67,8,0,0,0.09,0.09
30,38,62,1548,4.62,11,0,0,0.04,0.04
29,22,59,1755,4.55,7,0,2,0.13,0.11
26,12,21,720,3.7,8,1,0,0.09,0.09
31,11,65,2844,4.53,6,0,2,0.04,0.17
17,25,24,1726,4.35,5,0,2,0.09,0.17
37,39,49,2471,3.93,5,0,2,0.1,0.17
38,15,50,842,3.97,11,1,0,0.11,0.1
39,15,78,1092,4.75,10,1,0,0.11,0.07
5,22,78,1728,3.85,4,0,0,0.14,0.09
25,16,15,2484,4.27,9,0,0,0.13,0.14
10,14,76,1391,4.52,9,0,1,0.1,0.12
32,33,42,2624,3.69,10,1,1,0.01,0.13
21,16,52,2073,4.9,4,0,0,0.11,0.14
9,11,30,1206,3.89,7,0,1,0.15,0.19
35,26,74,2499,3.98,5,0,0,0.05,0.19
9,22,26,1565,4.5,6,0,0,0.09,0.17
7,39,17,1705,3.62,11,0,0,0.12,0.03
27,34,73,1256,4.44,10,0,0,0.1,0.2
14,30,37,1718,4.87,8,1,0,0.14,0.15
14,37,22,2355,3.87,10,1,0,0.08,0.14
23,36,22,2499,4.04,11,1,0,0.08,0.02
21,30,47,2935,3.85,8,0,2,0.02,0.11
25,37,34,2688,4.73,5,1,2,0.14,0.13
18,25,71,1844,3.75,11,1,1,0.05,0.07
13,35,32,947,4.02,10,0,1,0.15,0.03
5,29,30,2316,4.4,5,0,2,0.04,0.12
17,11,63,2840,4.11,8,0,2,0.05,0.1
8,14,72,2277,3.6,7,0,2,0.08,0.03
5,27,39,1338,4.92,8,1,1,0.1,0.11
36,37,77,2129,4.01,4,0,0,0.07,0.04
86,1,183,7820,1.7732968243991536,23,4,8,0.7305019758615301,0.778775282280538
32,20,33,1264,3.75,6,0,0,0.09,0.07
35,34,16,675,4.8,10,0,0,0.14,0.19
12,34,10,1009,3.94,5,1,1,0.14,0.03
30,20,12,1689,3.53,9,1,0,0.06,0.12
38,31,37,1101,3.97,10,1,1,0.11,0.05
7,26,52,1337,4.98,5,1,2,0.11,0.08
16,25,55,1501,3.72,7,1,2,0.1,0.05
5,22,10,2598,3.55,4,0,1,0.03,0.2
90,3,175,7252,1.7569530498543664,23,3,5,0.6440706556567332,0.493483350705254
34,14,44,1610,4.06,8,1,1,0.12,0.12
34,29,63,2544,4.69,4,0,1,0.04,0.13
21,25,33,1084,4.6,4,0,0,0.06,0.16
69,3,264,7130,2.437115103127009,22,5,6,0.6394214291349996,0.4900886544528582
19,31,31,1595,4.35,7,0,1,0.13,0.06
25,31,25,873,3.55,9,1,1,0.13,0.13
18,25,22,1079,4.16,8,0,2,0.03,0.2
6,25,71,1016,4.57,9,1,1,0.12,0.17
15,23,52,1761,4.12,8,1,2,0.06,0.1
38,15,41,620,3.68,6,1,2,0.11,0.11
38,11,76,1936,3.59,4,1,1,0.08,0.04
22,23,66,2246,4.78,8,1,0,0.08,0.12
34,25,74,542,4.84,7,1,1,0.13,0.07
19,32,78,2027,4.01,6,0,0,0.1,0.04
31,39,58,2542,3.75,9,0,1,0.04,0.11
38,29,42,2619,4.97,6,1,0,0.03,0.03
37,22,28,2638,4.32,7,1,2,0.14,0.04
28,24,45,990,4.21,11,1,2,0.03,0.06
19,21,79,2349,4.61,8,1,1,0.11,0.2
34,18,24,1248,3.75,11,1,1,0.08,0.17
21,35,33,882,4.37,7,1,0,0.03,0.12
9,27,36,1304,4.84,8,0,0,0.12,0.06
33,30,58,1989,3.53,7,0,0,0.14,0.11
8,23,32,1677,4.51,7,0,0,0.03,0.14
14,29,42,2717,4.33,5,0,0,0.02,0.02
21,34,50,1795,4.93,8,0,1,0.13,0.2
14,13,65,1417,3.89,4,1,2,0.08,0.13
21,17,38,650,4.79,5,0,0,0.1,0.2
24,17,40,930,3.96,5,1,2,0.07,0.1
28,31,74,2998,4.14,5,0,2,0.07,0.13
9,31,27,2570,3.82,5,0,1,0.05,0.1
38,25,15,2914,4.8,4,1,0,0.09,0.02
10,36,61,1150,3.79,5,1,0,0.03,0.17
6,33,49,1319,4.79,9,0,0,0.11,0.1
17,37,74,2786,4.18,11,0,0,0.09,0.1
15,38,51,2981,4.75,4,1,1,0.13,0.08
27,37,77,1441,3.9,9,0,1,0.14,0.1
20,19,41,1040,3.7,11,1,0,0.14,0.15
35,34,19,2745,4.33,4,0,0,0.09,0.15
15,30,78,2209,4.26,9,1,2,0.05,0.17
20,36,18,1702,4.03,5,1,2,0.06,0.2
12,26,78,1368,4.49,11,1,0,0.1,0.09
8,10,70,1150,3.64,6,0,0,0.11,0.08
8,27,20,936,4.43,4,1,2,0.03,0.11
29,19,77,2288,3.82,11,0,2,0.15,0.05
7,35,17,813,3.69,5,0,0,0.03,0.16
36,30,58,518,4.86,10,0,2,0.09,0.12
7,13,33,1683,4.19,10,1,1,0.08,0.06
31,10,42,1317,4.65,7,0,2,0.09,0.18
33,13,28,621,3.63,11,1,0,0.08,0.13
36,13,11,2619,3.59,7,1,1,0.02,0.03
23,35,64,1578,4.24,8,0,1,0.15,0.06
25,13,20,668,3.97,10,1,2,0.15,0.18
9,26,26,1672,3.51,4,1,0,0.08,0.09
22,18,51,1128,3.77,10,1,2,0.04,0.2
32,39,70,525,3.83,4,0,2,0.04,0.12
26,28,12,1771,3.93,11,1,2,0.02,0.06
25,22,44,2446,4.82,9,1,1,0.1,0.13
10,13,75,2229,4.13,7,0,2,0.08,0.04
5,14,10,2356,4.52,4,1,2,0.07,0.17
9,38,16,1533,3.53,11,1,2,0.08,0.13
16,22,29,1618,4.72,10,1,2,0.13,0.19
30,32,52,2668,3.86,4,0,0,0.02,0.14
38,25,15,625,3.96,11,1,0,0.09,0.03
18,31,64,1592,3.57,7,1,0,0.11,0.11
30,14,30,2844,4.11,5,0,1,0.15,0.12
31,17,60,1185,4.78,9,1,0,0.11,0.19
13,25,55,1472,4.07,7,1,2,0.09,0.1
30,39,44,1134,4.86,6,1,2,0.12,0.13
26,10,17,2929,4.8,10,1,0,0.15,0.05
34,32,77,2507,3.59,10,0,1,0.13,0.06
21,37,25,1550,3.96,7,0,1,0.02,0.12
30,15,76,1204,4.87,9,0,1,0.09,0.15
5,20,73,1206,3.54,7,1,2,0.12,0.1
12,25,11,2131,4.65,9,1,0,0.1,0.1
39,14,10,2527,4.86,10,1,1,0.07,0.07
19,25,67,2668,4.66,5,1,2,0.06,0.15
73,4,178,9181,2.489887732601947,23,4,5,0.6056320568370287,0.7362742544309004
18,28,16,1125,4.77,7,0,1,0.07,0.11
30,10,78,1025,4.5,11,1,0,0.06,0.02
32,18,27,2097,4.13,5,0,2,0.13,0.13
27,27,41,1566,3.59,10,0,1,0.05,0.03
18,22,54,2446,4.68,11,0,2,0.1,0.19
28,35,42,595,4.86,7,0,1,0.13,0.11
6,24,58,2574,4.27,5,0,0,0.1,0.14
30,12,42,1335,4.3,6,1,1,0.08,0.17
18,33,77,2418,4.1,5,1,0,0.01,0.06
11,37,37,1765,4.79,4,0,1,0.11,0.12
7,19,62,2494,3.52,4,0,0,0.15,0.18
27,18,53,739,4.44,11,0,1,0.12,0.12
22,22,64,1827,4.86,9,0,1,0.1,0.09
39,25,19,2614,3.65,5,1,1,0.08,0.09
19,12,23,1642,4.94,7,0,2,0.04,0.09
29,31,45,1915,4.95,8,0,2,0.11,0.13
32,32,43,2778,4.89,10,0,1,0.03,0.03
14,24,27,2898,4.19,10,1,2,0.13,0.09
21,26,25,1260,4.07,8,0,2,0.06,0.12
26,23,46,2052,4.56,11,0,1,0.07,0.16
30,16,50,1362,3.98,11,0,1,0.04,0.12
29,29,34,1655,3.6,6,0,1,0.08,0.19
21,25,17,856,4.85,6,0,2,0.11,0.1
17,30,27,2171,4.45,8,0,2,0.05,0.14
24,17,77,1828,3.81,8,1,2,0.11,0.02
29,13,57,1529,3.53,5,1,1,0.1,0.06
8,29,79,2876,4.59,8,0,2,0.06,0.17
14,33,76,2491,4.78,4,1,2,0.05,0.13
7,24,27,2885,4.11,6,0,0,0.13,0.19
22,14,27,1381,3.62,10,1,0,0.01,0.16
26,22,65,1038,4.47,9,0,1,0.11,0.1
38,15,32,1236,3.95,10,0,1,0.07,0.16
12,37,44,2357,3.72,6,1,2,0.11,0.1
23,36,15,2030,4.27,10,1,0,0.08,0.08
10,39,35,2269,4.22,4,0,0,0.02,0.03
30,14,70,942,4.28,6,0,1,0.15,0.18
38,26,24,1423,4.74,11,0,2,0.02,0.1
10,16,41,2598,4.23,8,1,1,0.03,0.14
37,15,21,2696,4.85,6,1,2,0.07,0.05
26,11,14,2450,4.76,4,1,0,0.14,0.17
25,20,73,2110,4.48,6,0,2,0.05,0.17
10,16,36,2341,3.59,9,1,0,0.09,0.11
10,31,54,867,4.8,9,1,0,0.08,0.14
8,30,44,1079,4.86,9,0,0,0.06,0.11
34,17,35,2270,4.06,10,1,1,0.11,0.12
15,14,32,1155,4.29,9,1,1,0.08,0.18
34,36,22,2623,3.92,8,0,1,0.09,0.19
35,27,12,726,3.52,9,1,2,0.04,0.09
28,31,38,1458,4.22,9,0,1,0.14,0.08
13,25,75,1091,3.69,5,1,0,0.03,0.07
7,23,73,523,3.77,9,0,1,0.11,0.16
35,21,37,2262,4.22,8,0,0,0.13,0.15
28,26,45,2575,4.8,11,0,1,0.02,0.03
35,14,15,2668,4.77,9,0,2,0.01,0.04
10,23,20,2013,4.95,6,1,2,0.06,0.14
6,15,47,1352,4.22,11,0,0,0.12,0.07
24,24,43,1868,4.33,9,0,1,0.11,0.04
32,16,76,2522,4.73,7,0,1,0.13,0.09
15,23,55,2578,4.55,6,1,0,0.07,0.18
8,27,38,2178,3.77,10,0,2,0.15,0.09
19,10,69,549,4.1,9,0,1,0.06,0.15
10,15,63,2415,4.89,9,1,1,0.12,0.18
34,12,78,2936,3.72,6,1,1,0.06,0.05
6,14,18,2304,3.81,4,0,2,0.04,0.13
19,21,19,2230,4.1,7,1,1,0.06,0.18
15,20,77,2289,4.91,4,0,2,0.04,0.05
12,22,67,1514,3.67,9,0,1,0.03,0.2
30,25,61,1529,4.51,4,1,2,0.06,0.09
9,27,43,911,3.7,8,0,0,0.03,0.06
10,26,44,2481,4.29,11,1,2,0.08,0.17
30,26,42,1161,4.3,5,0,0,0.01,0.1
8,38,41,1847,3.56,11,0,1,0.07,0.14
23,20,64,1805,4.93,6,1,1,0.14,0.11
24,29,17,690,4.71,11,0,1,0.06,0.14
37,19,55,1084,3.95,7,1,0,0.03,0.03
24,38,23,1458,3.7,6,0,1,0.05,0.08
16,25,17,2353,4.02,4,0,2,0.12,0.14
5,11,63,999,4.84,11,1,2,0.05,0.08
30,26,30,1079,3.7,10,0,0,0.06,0.16
18,31,23,1315,4.02,5,1,2,0.12,0.19
15,39,11,1976,4.24,4,1,0,0.05,0.03
17,29,70,2016,3.55,6,1,0,0.08,0.17
7,19,26,2169,3.9,8,1,1,0.02,0.05
37,22,57,2537,4.39,6,1,0,0.03,0.19
10,21,17,1830,3.99,11,1,2,0.04,0.19
14,24,65,1279,4.81,4,1,2,0.07,0.12
9,16,26,1649,4.91,7,1,1,0.12,0.11
27,36,78,2812,4.16,10,1,0,0.06,0.16
14,31,21,506,4.3,7,1,1,0.06,0.19
6,30,47,1936,4.45,7,0,1,0.05,0.06
17,35,27,1194,4.5,10,1,1,0.05,0.09
6,37,35,1491,3.59,7,1,1,0.07,0.1
24,22,46,1966,3.58,11,0,1,0.14,0.17
5,21,79,2475,4.8,7,1,0,0.01,0.04
13,21,50,1247,3.83,9,1,2,0.1,0.13
21,37,51,645,4.38,5,1,0,0.13,0.08
13,11,50,2788,4.44,5,1,0,0.07,0.18
15,14,56,1356,3.75,8,0,1,0.1,0.08
19,34,23,786,4.64,11,0,2,0.09,0.2
28,34,10,1451,4.8,11,1,0,0.06,0.02
39,11,26,525,3.93,7,1,0,0.03,0.06
34,32,64,951,4.82,4,1,2,0.04,0.1
35,35,62,2653,3.62,4,1,0,0.02,0.07
9,39,40,739,4.7,6,0,2,0.12,0.15
18,29,71,831,4.46,7,1,0,0.08,0.17
82,3,276,10419,1.041660359566123,19,4,8,0.6103483332031169,0.7324334879479666
13,38,39,1565,3.85,10,0,2,0.05,0.19
38,12,75,1144,4.04,4,0,0,0.12,0.1
16,20,54,2352,4.87,9,0,0,0.05,0.2
39,25,27,534,4.2,8,1,2,0.03,0.04
39,10,54,2931,4.39,4,1,2,0.08,0.17
5,28,28,1310,4.9,9,0,2,0.14,0.03
26,20,77,1811,4.2,9,1,2,0.07,0.12
33,18,59,2394,4.08,8,1,2,0.08,0.11
12,23,34,1556,4.84,7,0,2,0.07,0.17
15,18,47,2642,4.87,6,0,1,0.07,0.15
18,16,45,704,4.03,11,1,1,0.04,0.1
34,25,77,2577,4.39,6,1,2,0.07,0.18
39,12,65,2813,4.95,11,0,0,0.08,0.18
25,38,48,2570,3.58,5,1,1,0.11,0.02
9,28,72,538,3.56,7,1,1,0.03,0.18
79,3,257,11440,1.5027288051244587,21,3,6,0.5210871717253884,0.44013561367626153
18,16,67,1259,3.94,10,1,1,0.1,0.17
30,32,68,2414,4.37,6,1,1,0.06,0.05
8,37,57,913,4.59,11,0,2,0.09,0.05
29,21,14,1191,3.6,9,1,1,0.11,0.15
29,39,45,2756,4.82,8,1,1,0.08,0.07
22,27,34,521,3.92,9,1,1,0.06,0.12
12,37,54,2552,4.07,8,0,2,0.13,0.14
18,14,28,713,4.01,4,1,0,0.15,0.13
36,32,16,2195,4.76,4,1,0,0.04,0.15
37,32,67,1419,3.76,7,0,0,0.13,0.13
27,31,75,1406,3.54,4,1,0,0.09,0.09
19,35,48,1299,4.96,4,1,1,0.07,0.04
37,19,27,2864,4.97,4,1,2,0.14,0.17
29,21,10,1292,3.89,10,0,2,0.14,0.17
21,17,72,1075,3.51,6,0,1,0.05,0.02
37,28,12,2227,4.47,11,0,0,0.06,0.17
6,24,30,1947,4.47,7,1,2,0.13,0.05
18,10,39,590,4.91,10,1,1,0.08,0.08
10,12,20,1565,3.95,10,0,1,0.05,0.09
10,36,31,1260,3.78,4,0,1,0.14,0.14
7,27,66,1269,4.42,10,1,1,0.04,0.04
11,27,12,1860,4.35,11,0,2,0.1,0.17
12,39,39,2548,4.58,11,0,1,0.07,0.19
19,39,54,2656,4.83,4,1,2,0.07,0.19
33,11,45,2502,4.34,9,0,1,0.02,0.04
37,14,73,1587,3.73,9,1,1,0.05,0.19
34,38,63,705,4.4,10,1,2,0.03,0.12
31,10,77,1122,4.06,8,0,1,0.11,0.15
33,19,59,2177,4.18,6,0,0,0.11,0.19
37,29,40,2051,4.94,4,1,2,0.12,0.14
99,1,178,7349,1.2487810235927297,21,3,7,0.5967612570633156,0.5322121110934901
37,19,68,578,3.72,7,0,1,0.03,0.11
8,14,45,2962,4.16,7,0,2,0.15,0.14
26,27,76,1976,3.84,9,0,2,0.04,0.19
6,30,20,1672,3.7,5,0,0,0.06,0.18
14,35,20,1138,4.57,10,0,2,0.11,0.12
9,24,35,2193,4.44,11,1,0,0.03,0.06
14,29,62,1561,4.25,10,1,2,0.03,0.08
77,4,167,11834,1.2412025466915506,21,5,5,0.4765031203928862,0.7837050872760543
17,26,73,2835,3.98,8,0,2,0.06,0.07
35,21,19,2225,3.63,11,0,2,0.1,0.15
28,30,40,2141,3.95,5,1,0,0.13,0.17
19,39,45,1614,4.76,11,0,0,0.15,0.08
33,39,19,2389,4.68,6,1,0,0.04,0.17
94,3,202,8509,2.2124540105716175,19,5,9,0.46955766712370506,0.5172618008916897
9,21,29,1925,4.48,9,0,1,0.11,0.1
33,35,53,2233,4.33,4,0,1,0.04,0.15
8,10,71,819,3.94,9,0,2,0.09,0.16
16,35,18,2911,3.62,9,0,2,0.08,0.12
6,35,33,1265,4.43,8,0,0,0.09,0.1
31,13,21,1101,4.23,8,0,0,0.1,0.04
35,17,69,2859,4.64,11,0,0,0.13,0.02
30,10,25,2055,4.12,7,0,1,0.05,0.19
31,36,38,1088,4.98,5,0,2,0.09,0.07
9,24,41,1743,4.1,7,0,2,0.06,0.14
24,27,44,2197,4.0,7,1,1,0.05,0.19
15,10,52,2020,4.81,5,0,0,0.01,0.17
14,20,62,2890,4.09,7,1,0,0.09,0.04
10,32,29,1405,4.81,8,1,0,0.15,0.16
12,11,17,2150,3.54,6,1,0,0.12,0.15
27,10,51,1617,4.54,4,0,1,0.04,0.08
30,21,79,2024,3.61,10,1,0,0.11,0.14
16,25,25,671,3.72,4,1,0,0.05,0.17
30,31,78,1125,4.55,10,0,1,0.12,0.07
17,31,62,2545,3.93,10,0,0,0.13,0.18
22,19,54,1181,3.82,7,0,1,0.06,0.03
29,27,60,1844,4.7,5,0,0,0.01,0.11
37,24,15,2483,4.92,8,0,2,0.05,0.06
16,26,42,810,3.85,7,0,0,0.04,0.15
8,39,24,2435,3.98,8,1,2,0.1,0.05
9,19,23,2977,4.57,8,1,1,0.05,0.08
12,12,48,2485,4.72,10,1,0,0.02,0.04
32,35,72,2023,5.0,10,0,0,0.08,0.17
35,39,14,784,3.91,9,1,0,0.13,0.04
13,30,61,1783,4.33,10,0,2,0.07,0.15
33,25,25,854,3.7,4,0,0,0.06,0.15
18,15,47,2761,4.0,6,0,1,0.03,0.05
26,12,62,699,3.57,11,1,0,0.06,0.12
15,18,62,2683,3.82,11,1,1,0.06,0.11
27,20,55,2413,4.26,6,0,2,0.15,0.13
5,30,24,1447,3.75,5,1,1,0.01,0.19
25,22,68,1416,4.83,6,1,2,0.04,0.03
30,27,59,1864,4.57,7,1,2,0.02,0.17
27,35,18,2352,3.54,4,1,2,0.13,0.18
5,31,35,841,4.82,4,0,1,0.07,0.04
19,37,12,887,4.97,8,0,1,0.12,0.14
25,33,56,503,4.25,7,1,1,0.11,0.15
13,36,14,1176,3.97,7,1,0,0.14,0.12
13,31,71,2162,3.9,8,0,1,0.01,0.11
14,13,14,2946,3.63,9,0,2,0.04,0.08
30,31,19,2958,4.24,9,1,1,0.11,0.14
39,33,72,712,3.58,8,0,2,0.09,0.07
29,17,34,1059,4.26,4,1,1,0.11,0.1
30,22,53,1057,3.88,11,1,1,0.09,0.17
15,19,34,2494,4.21,10,0,2,0.09,0.04
6,11,39,1452,4.13,7,0,1,0.14,0.12
11,17,23,974,3.96,6,1,0,0.14,0.11
22,15,52,2267,4.17,6,1,0,0.02,0.09
31,25,37,541,4.21,10,0,2,0.07,0.13
38,27,28,2595,4.75,10,1,2,0.08,0.02
31,26,51,2486,4.5,4,1,2,0.06,0.11
21,15,29,1227,4.15,6,1,0,0.02,0.11
28,22,20,2768,4.86,6,1,2,0.08,0.11
29,32,63,2144,4.63,10,1,2,0.15,0.06
11,23,33,1439,3.61,7,0,0,0.02,0.06
10,39,79,842,3.73,11,1,2,0.12,0.14
28,35,26,2702,3.62,7,1,1,0.04,0.04
37,30,37,1340,3.98,5,1,1,0.09,0.08
33,39,59,2527,4.15,7,0,1,0.06,0.17
26,19,64,2934,4.26,5,0,1,0.06,0.04
30,33,19,1393,4.78,11,0,0,0.13,0.1
32,20,30,2432,3.53,9,0,1,0.15,0.14
25,22,67,1838,4.14,7,0,1,0.06,0.05
11,21,43,537,4.12,8,0,0,0.1,0.08
21,18,52,1864,4.92,7,1,0,0.09,0.12
24,13,20,1350,3.86,5,1,0,0.02,0.08
24,16,42,730,3.68,6,1,1,0.02,0.04
26,33,67,2999,3.71,7,0,2,0.12,0.06
32,38,55,1865,4.28,6,0,2,0.07,0.04
11,31,70,2804,4.09,6,0,1,0.05,0.2
5,11,71,2981,4.63,7,0,2,0.15,0.06
36,16,10,708,3.98,7,0,2,0.02,0.12
17,38,30,1724,3.69,8,0,0,0.05,0.1
34,18,71,2684,4.08,9,1,1,0.13,0.12
27,14,73,2583,4.82,11,0,1,0.07,0.11
23,24,65,1738,4.11,5,1,2,0.09,0.15
36,27,10,2574,4.75,7,0,1,0.02,0.18
34,13,30,2565,4.06,6,0,0,0.14,0.07
61,4,243,8784,1.7612512034692733,18,5,9,0.5230766888576395,0.7389306053538838
33,29,63,1078,4.66,7,1,0,0.04,0.2
34,35,13,1402,3.81,5,1,2,0.03,0.18
20,16,74,2349,3.85,9,1,1,0.08,0.09
23,35,60,1553,3.57,6,1,0,0.12,0.18
22,17,72,622,3.78,9,0,0,0.05,0.14
5,26,24,1456,4.07,9,1,0,0.03,0.1
18,22,45,1500,4.1,8,1,2,0.07,0.18
6,33,38,1486,4.13,6,0,2,0.15,0.14
32,30,61,1751,4.22,5,0,0,0.01,0.17
34,37,55,837,4.36,4,0,0,0.08,0.1
8,32,78,1490,3.78,11,1,2,0.1,0.16
5,20,38,2820,4.42,8,1,1,0.12,0.09
12,36,56,1960,4.0,8,1,1,0.11,0.15
33,10,34,1401,4.6,4,0,0,0.02,0.1
7,11,25,2586,4.34,8,0,1,0.07,0.09
36,26,50,925,4.33,8,0,2,0.02,0.16
14,14,74,2862,4.53,8,0,1,0.1,0.04
14,39,78,1113,4.0,11,1,2,0.02,0.19
23,39,29,2704,4.14,11,0,0,0.02,0.11
38,15,78,1371,4.37,6,0,1,0.05,0.13
37,35,45,2804,4.13,6,0,1,0.14,0.09
27,34,67,2499,4.17,7,0,2,0.11,0.14
32,33,57,2393,3.91,7,1,2,0.01,0.15
36,16,11,1134,3.93,6,0,0,0.05,0.18
11,37,38,2594,4.55,8,0,0,0.01,0.17
68,2,295,8272,1.5591050315658177,18,4,8,0.6474403914088652,0.7124188570622234
12,39,44,2691,3.64,4,0,2,0.11,0.13
5,24,71,1954,4.92,7,1,0,0.12,0.16
7,28,13,986,3.78,10,0,2,0.12,0.16
28,25,77,2396,4.13,10,0,1,0.14,0.18
27,34,60,1955,4.77,8,1,0,0.06,0.17
12,22,42,706,3.5,10,0,1,0.13,0.15
7,14,33,2124,4.89,7,1,2,0.11,0.15
37,12,34,2025,3.58,11,0,0,0.09,0.17
32,12,37,1982,3.76,9,1,0,0.14,0.17
12,28,16,758,3.54,11,1,0,0.14,0.08
38,23,45,1852,4.28,5,1,2,0.14,0.16
39,25,19,953,4.91,9,1,0,0.04,0.19
36,31,45,1298,4.76,8,0,0,0.04,0.06
28,26,27,874,4.46,10,1,0,0.14,0.03
18,36,15,574,3.78,11,0,0,0.07,0.03
36,13,16,741,4.8,6,0,2,0.12,0.06
20,22,21,1540,4.63,5,0,0,0.11,0.19
8,17,50,2212,3.9,7,0,0,0.12,0.04
25,28,72,622,4.71,10,1,2,0.01,0.15
18,14,34,2502,4.82,11,1,0,0.07,0.18
35,11,62,2658,4.55,8,0,1,0.13,0.18
22,24,42,2781,3.65,11,1,0,0.08,0.1
11,11,15,996,4.98,9,1,0,0.11,0.11
14,20,71,1645,3.61,11,0,1,0.12,0.08
11,22,75,1973,4.48,8,0,2,0.03,0.05
37,32,18,1226,3.67,4,0,0,0.03,0.06
27,19,76,2331,4.86,10,1,1,0.11,0.04
25,12,25,2321,4.02,4,0,2,0.02,0.09
23,14,64,2316,4.27,9,1,2,0.06,0.05
23,12,49,591,3.77,4,0,1,0.14,0.09
33,15,35,2469,4.32,6,1,2,0.09,0.17
22,22,47,2884,4.91,8,1,2,0.14,0.14
6,19,44,1012,4.85,8,1,1,0.05,0.14
5,28,77,1102,3.6,7,0,2,0.1,0.17
9,17,68,927,4.07,10,0,1,0.05,0.03
95,2,286,11624,2.3845342392569298,19,4,7,0.6123756682436144,0.418974123255828
15,12,56,1956,4.22,10,0,1,0.15,0.06
6,33,51,506,4.75,10,1,2,0.03,0.08
7,33,60,2667,4.61,6,1,1,0.04,0.08
61,3,169,11981,2.4952303313933992,23,5,5,0.7244965671596469,0.7507863569183744
16,17,75,1873,4.07,10,1,2,0.12,0.05
24,19,56,1140,4.48,10,1,1,0.15,0.19
9,11,74,1621,3.79,4,1,2,0.02,0.13
34,21,51,1566,3.65,8,1,2,0.02,0.11
13,32,47,2730,3.86,4,1,0,0.07,0.16
38,15,22,1064,3.69,5,0,2,0.09,0.17
39,11,53,2196,4.03,6,0,2,0.02,0.04
26,30,33,945,4.91,4,0,0,0.03,0.15
28,32,39,2430,3.68,6,1,1,0.11,0.19
21,33,79,699,4.73,11,0,1,0.1,0.13
14,12,47,1012,4.3,9,1,1,0.02,0.13
34,26,32,1489,4.45,10,1,1,0.14,0.18
27,38,66,2760,3.76,8,0,1,0.05,0.14
36,16,32,1901,3.73,5,1,1,0.13,0.2
21,38,45,2312,3.74,7,0,0,0.14,0.07
21,30,66,1045,4.5,10,0,1,0.08,0.17
18,14,10,2509,4.62,5,0,0,0.07,0.13
13,32,12,2305,4.88,6,1,2,0.05,0.09
6,10,23,2715,4.1,5,0,0,0.12,0.18
29,17,43,1389,4.19,8,1,0,0.04,0.2
13,21,79,1430,4.2,6,1,0,0.1,0.03
26,23,78,1327,3.9,10,1,0,0.09,0.19
8,25,60,2684,3.99,6,1,1,0.04,0.06
30,19,38,2662,4.77,8,1,2,0.15,0.06
33,24,57,1775,4.02,9,1,2,0.13,0.03
38,30,25,2016,4.8,4,0,2,0.01,0.19
27,33,66,1812,3.96,11,0,0,0.07,0.16
15,35,19,1572,4.01,7,1,0,0.06,0.03
10,24,28,1015,4.34,11,0,1,0.13,0.13
22,19,76,2414,3.65,9,1,1,0.05,0.04
66,1,240,7310,1.4099590470548842,16,4,7,0.4954010123535925,0.670784612517028
38,37,13,1519,4.73,9,0,0,0.04,0.09
21,16,42,1795,4.51,11,0,0,0.04,0.03
29,35,37,1549,4.98,5,0,0,0.1,0.17
16,12,18,1593,3.52,10,1,2,0.03,0.12
27,11,15,2840,4.12,10,0,2,0.13,0.16
26,15,58,1757,4.79,9,0,0,0.03,0.14
25,30,31,2778,4.15,7,1,0,0.15,0.1
31,18,57,2109,3.51,10,1,2,0.13,0.15
35,19,30,1644,3.74,11,0,2,0.13,0.02
10,13,42,1017,4.15,10,0,1,0.07,0.08
31,36,65,1205,4.5,7,1,1,0.08,0.16
90,1,230,7620,1.9594450568752158,23,5,6,0.574186957198684,0.6816552351467654
16,18,62,2434,4.17,8,0,0,0.15,0.18
11,33,49,2984,3.52,4,1,0,0.01,0.13
14,31,27,2245,4.22,7,0,0,0.06,0.19
80,4,151,7298,1.2066387162390133,17,3,9,0.4118593675796533,0.5884135681396239
30,23,22,1469,4.4,9,1,1,0.06,0.11
25,19,36,1697,4.16,10,0,2,0.07,0.06
32,22,71,2186,3.74,4,1,2,0.1,0.16
6,21,54,2032,3.8,8,0,2,0.14,0.14
5,36,12,1277,3.61,9,0,0,0.05,0.1
30,10,31,1833,4.61,7,0,0,0.14,0.04
33,37,36,2617,3.62,9,0,2,0.05,0.04
25,31,64,2752,4.08,8,0,1,0.12,0.04
15,38,76,2888,4.62,5,1,0,0.05,0.09
15,28,42,617,4.57,8,1,0,0.02,0.05
39,28,11,514,4.37,6,1,2,0.12,0.17
38,15,55,1845,4.36,8,0,0,0.07,0.18
28,22,42,2541,3.64,4,1,1,0.06,0.17
26,28,67,2542,3.76,5,0,2,0.07,0.13
9,22,16,1410,4.3,9,0,0,0.1,0.13
37,36,24,2055,4.02,9,1,2,0.05,0.18
24,35,35,1189,3.53,6,1,2,0.04,0.09
23,31,20,1273,4.7,5,1,1,0.08,0.03
39,30,47,2114,4.48,6,0,1,0.01,0.1
21,13,36,2034,3.99,11,0,0,0.1,0.12
87,3,205,11212,1.9789581165923975,16,5,9,0.6849589629984432,0.4697406303251594
13,11,10,2573,4.39,5,1,0,0.11,0.05
30,24,30,2236,4.02,11,0,0,0.08,0.16
6,21,39,563,3.88,11,1,0,0.09,0.15
13,39,17,959,4.58,7,0,1,0.01,0.06
13,36,12,2249,3.99,8,0,2,0.14,0.12
21,16,64,2861,3.7,4,0,2,0.09,0.16
5,29,24,2113,4.22,4,0,1,0.05,0.02
29,27,45,2063,4.74,7,0,1,0.05,0.07
29,32,15,1481,4.77,10,1,0,0.1,0.1
39,22,51,1649,4.77,5,1,0,0.09,0.17
7,26,59,1471,4.13,8,1,1,0.04,0.16
34,13,27,1206,4.69,7,0,1,0.07,0.05
38,34,59,2209,4.78,5,1,2,0.1,0.1
16,23,39,1866,4.19,8,1,2,0.05,0.07
23,29,48,2346,3.98,11,1,2,0.08,0.09
21,37,21,894,4.55,5,0,1,0.05,0.12
14,22,68,983,4.86,4,1,0,0.02,0.11
16,12,53,1165,4.96,8,1,2,0.06,0.05
20,35,13,955,3.94,4,0,1,0.11,0.04
28,35,45,709,4.93,4,1,1,0.04,0.04
23,27,57,1024,4.25,8,1,0,0.12,0.17
12,23,23,1175,3.96,7,0,2,0.1,0.02
35,24,58,1501,4.98,5,1,2,0.08,0.06
25,12,76,1395,4.82,8,0,1,0.15,0.19
21,10,18,1503,4.54,9,1,2,0.13,0.03
27,35,30,2099,4.84,4,0,0,0.09,0.03
20,33,25,2854,4.52,11,0,2,0.09,0.09
10,26,25,559,4.16,11,0,0,0.05,0.05
12,12,37,885,4.92,5,0,1,0.14,0.12
29,23,60,2603,4.94,8,1,0,0.14,0.08
22,12,65,2715,3.97,7,0,0,0.11,0.06
29,22,66,1935,4.03,8,0,0,0.03,0.2
16,24,61,2294,4.07,8,1,0,0.11,0.08
19,27,55,2442,4.73,6,1,1,0.05,0.14
30,23,47,2090,4.69,11,1,0,0.04,0.18
30,30,57,2887,4.97,9,0,1,0.12,0.19
36,35,50,1295,4.2,5,1,2,0.14,0.09
14,12,68,1391,4.61,8,0,2,0.03,0.2
20,28,76,1782,4.79,4,1,2,0.03,0.15
11,17,75,1100,3.83,4,1,2,0.04,0.12
21,13,36,2984,4.43,6,1,1,0.14,0.14
27,13,41,1745,4.32,4,0,1,0.11,0.08
30,28,65,1936,4.61,8,0,2,0.1,0.1
25,20,19,1873,4.54,5,0,0,0.08,0.13
26,10,49,1582,4.72,6,0,2,0.09,0.08
11,17,26,651,3.97,9,0,2,0.05,0.16
18,24,67,1433,3.82,10,0,2,0.03,0.07
19,10,15,2772,4.71,6,0,1,0.12,0.16
11,16,48,1841,4.04,11,0,2,0.08,0.05
13,30,27,1057,3.93,7,0,2,0.05,0.06
12,29,51,1997,4.01,7,0,2,0.1,0.16
27,29,13,2369,3.6,5,0,1,0.04,0.07
33,33,29,1117,4.66,11,0,2,0.08,0.16
22,20,37,2319,4.57,11,1,2,0.04,0.16
35,36,49,523,4.33,5,1,0,0.12,0.07
34,38,74,2042,4.57,10,1,2,0.05,0.03
39,23,53,2915,4.06,6,1,1,0.07,0.05
22,31,32,2519,3.94,8,0,0,0.12,0.16
21,25,66,1498,4.79,8,1,2,0.1,0.17
18,23,56,2882,4.13,7,1,1,0.07,0.09
35,21,22,1956,3.79,5,0,0,0.02,0.05
28,26,25,502,4.62,10,0,1,0.14,0.03
39,23,64,1507,4.0,5,1,0,0.01,0.06
38,19,74,1781,3.82,8,1,1,0.11,0.2
7,33,25,762,3.54,7,0,0,0.14,0.05
30,38,46,620,4.96,8,1,2,0.05,0.04
27,23,61,2243,4.2,8,0,2,0.02,0.16
19,27,19,520,3.74,6,1,2,0.04,0.13
8,31,47,1404,4.64,5,0,2,0.05,0.12
33,18,53,639,4.83,6,0,0,0.07,0.1
26,26,63,2315,4.29,6,1,0,0.08,0.15
29,15,60,1812,3.54,8,1,0,0.11,0.15
17,17,61,705,4.05,7,1,0,0.14,0.1
22,35,79,542,3.86,8,0,0,0.08,0.06
37,22,68,1528,4.45,9,1,0,0.11,0.17
78,4,196,8562,2.0716325151508936,18,4,8,0.7159308063733594,0.5992763466996534
6,14,50,2362,4.03,10,0,0,0.06,0.12
39,15,21,844,4.47,5,1,1,0.03,0.14
38,30,59,1665,4.38,9,1,1,0.11,0.13
34,28,66,2919,4.86,9,0,1,0.14,0.13
17,13,59,1887,4.4,9,1,0,0.13,0.14
17,16,66,1483,4.26,4,0,2,0.06,0.18
22,13,63,834,4.74,5,0,1,0.04,0.09
36,34,75,2558,3.8,8,1,0,0.05,0.13
36,20,17,2622,3.87,7,0,0,0.05,0.15
39,21,72,1823,4.68,9,0,2,0.02,0.13
33,23,18,1275,4.16,4,1,0,0.03,0.18
33,22,69,1385,4.11,9,0,0,0.04,0.14
99,2,158,11550,1.9642372013763967,23,3,5,0.41795991649173003,0.5989627543218381
14,19,12,1235,4.42,10,0,1,0.02,0.17
34,27,22,1551,4.7,7,1,1,0.11,0.11
29,25,18,1986,4.71,10,1,1,0.1,0.12
24,14,61,895,3.68,4,0,1,0.14,0.12
9,17,71,1182,4.48,11,1,0,0.07,0.08
5,23,17,2501,4.93,4,1,0,0.07,0.15
89,2,211,7544,1.3324918702247273,18,3,8,0.4706796801116006,0.45662804761587134
7,35,62,863,4.6,5,1,1,0.03,0.18
18,37,72,2354,4.35,6,0,1,0.11,0.16
34,33,66,2281,3.81,9,1,1,0.04,0.08
8,17,63,592,3.79,4,1,1,0.12,0.06
22,34,28,2098,4.15,9,0,1,0.11,0.09
29,35,76,765,4.22,6,0,0,0.11,0.16
5,15,55,2753,4.25,6,1,0,0.11,0.03
19,25,19,2584,4.93,6,0,1,0.11,0.1
13,37,27,1534,3.65,10,1,0,0.09,0.07
19,13,21,1613,4.07,6,0,1,0.1,0.18
28,21,58,1243,4.27,4,0,2,0.08,0.09
8,20,32,2566,4.94,9,1,1,0.04,0.15
16,12,71,873,4.26,7,1,2,0.04,0.08
10,21,20,2309,4.66,9,1,2,0.07,0.08
28,39,65,593,4.62,9,0,1,0.01,0.08
15,14,64,531,4.35,4,1,1,0.13,0.14
17,15,34,639,3.7,4,0,1,0.05,0.19
38,28,18,2093,3.83,8,0,1,0.02,0.06
29,27,21,1742,3.86,8,0,0,0.07,0.14
11,25,20,2064,3.56,5,1,0,0.12,0.07
8,32,47,2082,4.07,6,0,2,0.07,0.12
12,20,37,2431,4.42,6,1,1,0.05,0.12
24,14,17,557,3.72,8,0,0,0.09,0.1
33,18,56,1798,3.76,7,0,0,0.09,0.11
14,12,45,2687,4.56,5,0,0,0.12,0.18
38,39,59,1546,3.75,9,0,2,0.12,0.04
30,17,18,877,3.7,7,0,0,0.11,0.17
7,15,69,1421,4.97,8,1,1,0.01,0.1
10,13,76,872,3.52,9,0,0,0.01,0.08
9,21,62,2087,3.99,7,1,1,0.15,0.05
9,21,26,1277,3.55,6,1,0,0.05,0.17
27,34,62,1865,4.76,11,1,1,0.05,0.13
13,30,37,666,4.38,11,0,2,0.11,0.15
39,25,72,2511,3.57,8,1,0,0.09,0.08
24,19,24,1083,4.42,9,0,0,0.07,0.09
39,31,28,1498,3.68,7,0,2,0.03,0.18
22,23,79,1059,4.24,5,1,2,0.02,0.19
21,22,56,1511,4.5,5,0,2,0.11,0.15
28,18,57,732,3.72,4,0,1,0.03,0.15
7,16,29,1059,4.25,10,0,1,0.07,0.14
36,21,46,1731,4.19,9,0,0,0.11,0.13
39,14,11,2262,4.87,8,0,1,0.14,0.13
17,27,73,2024,4.99,8,1,0,0.13,0.19
29,13,45,1420,4.48,11,1,2,0.13,0.16
13,11,14,1742,4.78,9,0,0,0.06,0.14
8,12,73,580,4.47,8,0,2,0.14,0.05
18,35,16,1202,4.81,6,1,2,0.11,0.2
38,21,79,1040,4.15,11,1,0,0.13,0.11
15,12,31,2349,4.41,6,1,1,0.02,0.19
7,13,55,1774,4.77,8,0,1,0.02,0.15
32,15,49,1121,4.88,11,1,0,0.07,0.03
33,21,70,1740,3.54,9,1,1,0.13,0.12
13,28,55,2743,3.66,7,1,2,0.07,0.18
7,19,37,1820,4.9,11,0,2,0.13,0.03
29,39,44,2591,4.35,6,1,1,0.04,0.18
38,10,10,2940,4.99,9,0,1,0.02,0.13
16,26,38,1966,4.69,8,0,2,0.12,0.03
13,25,18,1613,4.73,6,0,0,0.1,0.09
75,1,263,8016,1.842475559242064,20,5,7,0.6391720222622329,0.6531654394241366
29,34,31,2144,3.89,4,0,1,0.13,0.02
9,30,72,558,4.4,11,1,0,0.13,0.18
15,18,75,2657,4.82,5,0,2,0.06,0.15
38,36,67,978,4.59,10,0,0,0.13,0.07
28,32,79,2422,4.21,4,1,0,0.06,0.04
19,18,64,2256,4.63,8,1,0,0.1,0.03
12,21,22,2298,4.54,9,0,1,0.04,0.19
9,32,28,2117,4.87,5,1,2,0.05,0.13
30,18,42,1283,3.9,7,1,2,0.07,0.05
22,24,74,1900,3.68,8,0,1,0.05,0.14
10,11,69,1555,4.21,7,0,0,0.03,0.2
17,20,21,2009,4.04,7,1,1,0.08,0.16
32,20,52,1526,4.96,6,1,0,0.08,0.1
9,17,26,877,3.51,6,0,0,0.03,0.17
17,32,77,1071,4.9,5,1,0,0.03,0.15
21,15,38,2454,4.93,5,1,0,0.01,0.04
36,30,64,2064,3.58,9,0,1,0.01,0.19
33,29,16,1086,4.83,6,0,0,0.06,0.18
7,16,53,2118,4.21,11,0,1,0.03,0.13
38,12,14,856,4.65,11,1,0,0.14,0.11
31,17,69,1184,3.62,10,1,1,0.04,0.06
17,27,15,2446,4.93,5,0,2,0.02,0.17
37,26,16,1158,4.41,9,1,1,0.07,0.1
10,20,55,1796,4.85,11,1,2,0.04,0.12
28,11,66,2025,4.51,4,0,1,0.02,0.05
23,34,63,2582,4.31,8,1,2,0.12,0.06
20,30,55,2193,3.76,4,0,1,0.09,0.2
32,36,19,2157,3.77,8,0,0,0.02,0.11
37,33,13,1011,4.21,9,1,2,0.08,0.17
17,28,76,1571,4.81,6,1,0,0.02,0.17
29,16,34,2820,3.67,10,1,2,0.06,0.2
31,27,70,2136,5.0,4,0,0,0.06,0.2
11,17,47,1512,4.81,10,0,0,0.13,0.1
9,23,41,1651,4.09,7,1,1,0.11,0.19
35,16,32,709,3.88,4,0,0,0.14,0.09
27,37,46,1123,4.88,5,1,2,0.03,0.13
14,30,12,2305,3.68,4,1,2,0.08,0.17
36,37,22,1665,4.02,11,1,2,0.01,0.18
34,36,43,672,3.63,6,1,1,0.13,0.11
35,13,74,2388,4.93,6,0,1,0.06,0.1
22,26,17,946,4.43,10,1,2,0.02,0.15
6,14,18,510,4.0,5,0,0,0.06,0.1
18,21,37,1260,3.91,8,1,1,0.05,0.14
17,18,27,1827,4.17,5,0,0,0.12,0.16
33,35,51,2283,3.64,11,1,1,0.03,0.17
16,29,50,1677,4.83,9,0,1,0.09,0.07
6,22,79,2870,4.27,8,0,1,0.12,0.12
36,34,42,1476,4.59,6,1,1,0.11,0.02
17,37,63,2992,3.85,10,1,2,0.14,0.16
31,27,45,2889,4.26,10,0,1,0.01,0.04
21,29,65,2768,3.82,6,1,1,0.06,0.18
35,18,26,2657,4.72,9,0,2,0.06,0.09
38,13,19,2957,4.66,8,0,2,0.01,0.05
28,30,53,2300,3.72,4,0,2,0.12,0.16
39,36,11,539,3.61,4,1,2,0.11,0.06
10,17,23,1982,4.74,5,0,0,0.08,0.09
23,10,50,2810,3.66,10,0,2,0.07,0.12
34,26,11,2349,4.32,6,0,2,0.14,0.08
11,34,28,1322,4.3,4,1,2,0.05,0.05
14,18,10,960,3.8,6,0,0,0.06,0.09
36,29,11,1641,4.39,5,1,2,0.14,0.05
38,22,36,716,4.25,7,0,0,0.02,0.15
32,11,11,2240,4.26,6,1,1,0.12,0.05
19,22,60,2624,4.04,11,0,0,0.11,0.11
34,18,19,1944,4.76,11,1,2,0.14,0.12
33,39,28,1695,3.63,7,1,0,0.02,0.19
26,29,22,2937,4.16,10,1,0,0.15,0.03
8,15,57,1651,3.89,11,1,0,0.01,0.19
24,37,65,873,4.77,6,1,0,0.06,0.06
36,10,65,1153,3.84,8,1,0,0.02,0.17
8,37,59,1403,4.65,9,0,0,0.02,0.04
31,34,54,1243,4.42,11,1,0,0.15,0.2
21,14,68,2970,4.81,7,0,0,0.11,0.17
16,12,48,1352,4.39,8,0,1,0.08,0.03
26,13,30,2270,4.33,9,1,1,0.03,0.06
21,10,64,1330,4.7,8,0,2,0.08,0.12
14,23,66,2061,4.34,5,1,2,0.05,0.11
5,18,50,1472,4.77,11,0,2,0.05,0.13
26,39,79,1793,3.57,5,1,2,0.1,0.1
30,33,58,1852,4.24,4,0,2,0.12,0.15
22,13,53,1818,4.72,7,1,2,0.07,0.08
18,27,44,621,4.77,4,1,1,0.08,0.05
33,23,14,658,4.75,11,1,1,0.1,0.03
16,34,60,806,4.41,10,0,1,0.03,0.08
39,13,66,1612,4.99,7,0,0,0.13,0.1
16,34,67,1250,3.77,5,1,0,0.13,0.14
11,19,45,1561,3.76,5,1,2,0.09,0.17
33,12,19,2396,3.55,9,0,1,0.04,0.06
15,32,59,1090,4.98,9,0,2,0.08,0.11
37,16,46,2380,4.02,5,0,1,0.02,0.06
10,19,29,845,4.64,10,0,1,0.12,0.19
19,22,22,648,3.59,7,0,2,0.05,0.14
36,13,28,1539,3.95,11,1,2,0.05,0.14
15,27,65,1890,4.44,10,1,0,0.14,0.12
27,20,54,1280,4.29,10,0,1,0.07,0.07
30,34,69,617,3.81,5,0,0,0.12,0.06
38,13,77,1203,4.19,4,1,0,0.1,0.14
38,33,66,2864,3.66,8,1,0,0.05,0.19
33,23,63,787,4.31,9,0,0,0.03,0.06
8,27,46,1874,3.65,10,0,1,0.12,0.12
21,17,46,2844,4.45,7,0,1,0.12,0.12
39,36,23,2524,3.73,8,1,0,0.03,0.14
17,19,53,942,4.32,4,0,1,0.04,0.13
19,14,51,1400,3.69,6,1,0,0.12,0.07
33,32,10,800,4.1,9,0,2,0.15,0.14
33,16,32,2973,4.03,11,0,0,0.13,0.07
15,21,73,749,4.63,5,1,2,0.11,0.14
36,34,37,2457,4.46,9,0,0,0.14,0.07
6,12,13,2266,4.91,9,1,0,0.05,0.03
18,35,50,2038,4.88,9,0,1,0.01,0.04
24,13,69,1185,4.59,4,1,2,0.05,0.17
62,4,184,7384,2.0738841342390613,16,4,7,0.6145878407741489,0.6610547373846088
15,13,72,905,4.44,7,0,0,0.13,0.08
31,24,70,743,4.54,4,0,2,0.02,0.07
7,38,58,2914,4.43,11,1,0,0.08,0.03
21,19,56,2667,3.97,7,0,2,0.02,0.13
32,30,48,2105,4.03,8,1,2,0.12,0.16
33,39,15,932,4.36,8,1,0,0.06,0.2
25,31,62,682,4.58,11,0,0,0.14,0.19
20,25,34,1984,4.11,7,1,1,0.02,0.03
24,24,74,1641,3.71,10,0,1,0.11,0.07
10,28,14,530,4.19,8,0,0,0.07,0.09
23,38,74,1672,4.94,8,1,1,0.05,0.18
70,3,294,8848,1.445394836716356,16,3,7,0.5916118117849186,0.5596138334487182
7,28,48,2403,4.47,11,0,0,0.08,0.12
5,27,52,601,4.97,5,1,2,0.06,0.14
19,35,14,1595,4.06,7,1,0,0.1,0.07
38,21,13,2228,4.83,7,0,1,0.1,0.12
39,34,10,2955,4.8,6,0,0,0.02,0.03
29,25,65,1890,4.01,11,0,0,0.09,0.11
28,10,54,1329,3.65,9,1,2,0.11,0.09
16,25,74,1117,3.77,5,1,2,0.02,0.08
22,11,12,790,4.05,4,0,1,0.1,0.06
19,33,31,2969,4.94,5,0,1,0.12,0.17
20,24,65,680,3.91,4,0,1,0.13,0.18
31,16,27,2661,4.89,7,0,1,0.02,0.18
12,37,34,1761,3.77,5,1,1,0.11,0.09
29,10,57,759,4.95,10,1,0,0.12,0.07
21,14,40,2791,3.94,6,0,0,0.07,0.04
33,19,39,2970,4.45,9,1,1,0.09,0.14
12,31,75,834,3.6,8,1,2,0.05,0.08
19,30,19,1546,3.95,4,1,2,0.05,0.07
31,13,68,2396,3.82,8,0,1,0.08,0.09
11,23,60,770,3.51,9,0,0,0.03,0.12
7,22,18,1907,3.74,7,1,2,0.06,0.05
33,10,63,1900,4.39,7,0,2,0.05,0.19
28,25,71,1509,4.08,7,0,2,0.04,0.15
7,32,18,1961,4.58,8,1,2,0.08,0.03
24,18,18,2104,4.51,9,1,0,0.13,0.08
19,31,33,631,4.7,10,0,0,0.04,0.03
29,25,48,2244,4.8,7,1,2,0.1,0.06
34,28,17,2045,4.73,7,1,0,0.05,0.07
18,24,34,634,4.17,8,1,0,0.03,0.15
11,35,75,1266,3.96,7,0,1,0.14,0.15
21,23,19,1269,4.25,9,1,1,0.1,0.03
24,29,33,2641,4.3,11,1,1,0.02,0.13
13,19,68,2407,3.97,4,0,1,0.1,0.19
26,30,40,1764,4.31,5,0,2,0.03,0.13
90,3,273,7328,2.3377390228912827,20,5,8,0.506139313038448,0.6140716638932022
28,37,15,664,3.85,10,0,1,0.04,0.09
12,10,79,824,4.62,7,1,0,0.12,0.1
15,30,41,1119,3.77,9,0,2,0.04,0.11
17,26,48,730,3.71,9,0,0,0.09,0.19
21,18,57,1702,3.93,7,0,0,0.14,0.09
12,32,22,1877,4.06,10,1,0,0.05,0.2
25,28,68,2391,3.99,10,0,1,0.02,0.12
22,34,76,902,4.06,11,0,2,0.09,0.06
34,27,65,2668,3.71,7,1,1,0.03,0.04
22,37,50,884,3.75,7,1,2,0.11,0.05
35,16,65,2263,3.85,8,1,0,0.09,0.03
36,18,44,1948,4.1,9,1,2,0.06,0.14
15,31,47,1690,4.0,5,1,0,0.11,0.11
29,35,76,888,4.69,11,1,1,0.04,0.15
97,2,222,11967,1.517331338697887,20,3,7,0.45175240627854824,0.5491087226247784
12,21,79,2273,4.36,8,0,1,0.06,0.19
15,16,20,1289,4.34,9,0,1,0.12,0.04
26,23,36,1994,4.1,10,0,1,0.05,0.05
28,24,57,2047,4.97,11,1,0,0.11,0.12
21,24,33,2600,3.56,7,1,1,0.01,0.04
16,15,27,1320,3.82,4,0,2,0.05,0.04
36,30,36,1544,3.93,9,1,2,0.02,0.14
19,23,63,1542,4.82,4,0,2,0.07,0.15
20,11,64,2379,4.88,6,0,2,0.07,0.17
26,17,30,1361,4.77,9,0,1,0.06,0.18
32,22,68,1979,4.13,11,1,2,0.15,0.1
24,32,43,2869,4.87,5,0,0,0.04,0.2
37,15,67,2980,3.65,9,1,2,0.12,0.03
14,14,57,2294,4.48,11,0,2,0.07,0.18
36,14,63,1963,4.91,6,0,0,0.06,0.08
37,34,27,2407,4.63,8,0,0,0.04,0.19
6,10,12,2605,3.92,6,1,2,0.1,0.06
37,18,33,1250,4.58,10,0,1,0.06,0.15
37,15,10,1816,3.94,6,0,0,0.12,0.1
17,29,15,681,3.67,9,1,1,0.15,0.09
34,35,28,2404,4.58,6,0,1,0.04,0.03
37,39,52,1460,3.77,5,0,2,0.03,0.15
17,16,17,604,3.67,9,0,1,0.05,0.05
30,18,78,1784,4.33,4,0,1,0.08,0.1
26,14,61,1489,4.43,4,1,1,0.05,0.05
6,23,56,983,3.58,6,0,2,0.15,0.13
30,14,37,2225,3.51,9,0,0,0.12,0.06
19,17,55,2676,4.82,11,1,2,0.15,0.13
85,4,287,7588,1.0037792805150207,21,3,9,0.4213624655369305,0.44559985295240556
15,22,17,1206,4.38,4,0,1,0.05,0.19
7,22,70,519,4.93,7,0,0,0.07,0.06
10,17,26,1251,4.27,9,0,0,0.08,0.04
13,20,43,734,3.71,10,1,0,0.11,0.03
10,37,29,2120,4.09,9,1,0,0.13,0.17
13,35,43,1105,4.44,11,1,1,0.07,0.06
35,27,52,1053,4.64,10,0,0,0.05,0.07
36,34,19,2399,4.41,11,0,0,0.05,0.06
16,28,39,1085,3.55,4,1,1,0.11,0.17
12,15,34,1483,3.71,4,1,0,0.09,0.2
12,31,66,2150,4.06,5,0,2,0.08,0.16
32,11,72,922,4.56,5,1,0,0.04,0.17
24,37,56,2553,4.38,4,0,2,0.13,0.13
11,22,12,957,3.57,7,1,2,0.12,0.12
15,32,55,2414,4.7,7,0,2,0.03,0.15
24,34,45,1345,4.41,10,1,1,0.06,0.03
20,37,35,1050,4.83,6,0,2,0.09,0.03
8,35,19,1920,4.13,6,1,2,0.07,0.14
10,20,43,2494,4.24,4,1,1,0.07,0.08
26,10,17,2558,4.11,4,1,1,0.11,0.11
30,33,64,2145,4.58,4,1,2,0.02,0.16
7,11,19,996,4.63,9,1,1,0.08,0.12
18,39,66,2590,4.58,7,1,0,0.05,0.16
15,26,54,1038,3.94,8,0,2,0.02,0.1
22,17,59,1067,4.45,6,1,2,0.08,0.07
16,11,73,620,4.01,6,0,0,0.03,0.06
27,15,11,815,4.75,8,1,1,0.05,0.04
16,31,54,1638,3.58,4,1,0,0.08,0.03
17,14,71,1120,3.56,11,0,0,0.15,0.03
29,25,23,953,3.65,6,0,1,0.11,0.07
23,17,24,1111,3.8,7,0,1,0.05,0.07
12,28,23,2043,3.56,8,1,2,0.06,0.09
69,3,267,7525,2.3216691199218804,21,3,9,0.6265797407038658,0.5852826295996998
36,22,38,2508,3.96,9,0,2,0.03,0.16
22,35,36,1146,3.65,4,0,1,0.03,0.06
10,29,18,1262,4.7,6,0,2,0.03,0.16
22,16,29,1860,3.58,10,1,0,0.08,0.05
23,25,67,739,4.86,7,0,2,0.1,0.2
26,32,58,1909,4.81,8,0,1,0.09,0.07
36,25,66,1668,3.81,10,1,1,0.15,0.17
7,38,25,2924,3.61,11,0,2,0.03,0.05
32,21,17,2551,3.66,11,1,1,0.15,0.19
14,23,76,696,4.34,4,0,1,0.08,0.17
39,33,28,2936,4.4,6,0,2,0.04,0.08
33,27,76,760,3.97,6,0,2,0.14,0.1
19,36,45,2294,3.95,10,0,0,0.08,0.02
37,37,69,2457,4.3,4,0,1,0.06,0.07
11,27,45,593,3.96,4,1,2,0.04,0.07
16,25,20,1780,4.9,4,0,0,0.05,0.1
34,29,60,635,4.07,9,0,1,0.15,0.05
25,25,64,2503,3.83,7,0,1,0.05,0.11
35,22,63,1701,3.72,5,0,0,0.15,0.14
28,35,26,2659,4.45,9,1,1,0.06,0.09
24,38,71,1787,3.99,6,0,2,0.04,0.06
8,18,51,868,3.78,10,1,0,0.04,0.12
32,35,33,1435,3.91,7,1,0,0.07,0.03
24,37,26,1267,3.96,11,1,2,0.04,0.08
28,18,57,1172,4.44,8,1,0,0.11,0.11
36,22,79,1010,3.76,6,0,2,0.04,0.08
38,38,16,1212,4.6,9,1,2,0.13,0.08
6,13,23,1319,3.96,11,0,1,0.13,0.17
19,18,20,2924,4.23,11,1,1,0.05,0.19
38,24,21,1044,4.48,5,1,1,0.12,0.17
10,23,14,2620,4.32,8,1,1,0.13,0.04
16,28,14,1003,4.49,6,1,1,0.09,0.07
7,21,29,1304,3.98,10,1,2,0.06,0.15
22,30,63,1209,4.95,5,0,0,0.07,0.2
25,35,64,2872,4.19,4,0,0,0.12,0.06
19,34,67,887,3.98,5,0,1,0.05,0.18
37,15,39,739,3.94,6,1,2,0.06,0.15
39,12,33,1597,3.56,5,1,2,0.03,0.2
30,35,12,2578,4.53,9,0,2,0.07,0.04
12,34,57,1839,3.89,6,1,0,0.02,0.09
34,31,31,567,4.94,6,1,2,0.05,0.11
27,29,23,2443,3.82,10,1,1,0.06,0.14
18,25,57,2219,4.29,5,0,2,0.05,0.14
18,39,38,2172,4.6,5,0,1,0.02,0.18
6,29,59,790,4.81,9,1,0,0.08,0.17
9,33,19,1474,3.73,8,0,0,0.13,0.03
18,32,36,2571,4.98,11,1,2,0.06,0.11
29,26,37,914,4.86,8,0,0,0.04,0.09
24,25,18,1350,4.94,7,0,0,0.05,0.2
6,15,35,2648,4.78,6,0,2,0.13,0.1
10,17,17,1045,4.82,11,0,0,0.08,0.14
21,28,11,2586,4.4,8,1,1,0.03,0.07
29,39,66,2758,4.77,10,0,2,0.11,0.13
32,34,61,1241,4.3,11,0,1,0.03,0.06
6,35,67,2314,4.31,11,1,0,0.02,0.13
39,11,12,1091,4.34,7,1,2,0.05,0.18
9,23,17,1249,4.99,9,0,1,0.03,0.02
5,31,68,2719,3.66,6,1,2,0.09,0.11
16,21,11,1337,4.71,9,0,1,0.08,0.2
27,26,71,2989,3.91,10,0,1,0.11,0.05
35,37,58,1033,4.04,11,0,2,0.08,0.05
15,36,29,864,3.62,7,0,1,0.07,0.1
14,24,38,866,4.03,8,1,2,0.08,0.18
7,27,26,2273,4.99,7,1,0,0.07,0.12
18,25,31,2843,4.1,5,0,1,0.02,0.11
20,22,15,2152,4.5,9,1,1,0.11,0.04
14,30,71,764,3.68,7,1,1,0.14,0.19
33,26,40,1561,4.88,9,0,1,0.07,0.08
14,17,71,2534,4.74,11,0,0,0.07,0.07
96,4,230,9703,2.144867255354894,18,3,8,0.6617967959142312,0.5135933582210096
75,3,224,7262,1.8851066817284423,16,4,6,0.49857514774774914,0.4769827004560432
5,34,72,2978,4.15,7,1,2,0.14,0.1
9,35,25,888,4.1,4,0,0,0.12,0.14
24,36,34,2601,3.89,7,0,0,0.02,0.18
12,12,31,2571,4.99,9,1,2,0.14,0.03
16,25,27,894,4.72,11,0,2,0.01,0.11
62,1,260,9577,1.2394601978126232,16,4,5,0.648186213270486,0.7009008982894676
24,11,77,1482,4.97,10,1,0,0.08,0.02
32,24,21,2739,3.52,7,1,1,0.13,0.17
16,10,58,2462,4.16,7,0,2,0.12,0.04
32,18,42,1220,4.35,11,0,2,0.12,0.04
19,25,72,2931,3.56,4,1,2,0.13,0.03
10,13,27,2893,3.74,6,0,2,0.08,0.06
24,21,63,972,3.89,7,1,2,0.12,0.05
18,10,36,2303,4.58,7,1,1,0.02,0.08
6,10,34,2475,4.91,5,0,0,0.07,0.14
13,16,43,2550,4.44,5,1,1,0.01,0.03
24,27,69,1424,4.34,8,0,1,0.14,0.17
30,32,63,1375,4.31,4,1,2,0.14,0.08
33,37,14,1472,4.03,6,1,1,0.02,0.13
5,32,45,878,4.74,10,0,1,0.08,0.02
39,24,63,1821,4.31,7,0,2,0.06,0.09
10,35,45,2685,3.85,10,1,1,0.06,0.02
9,39,78,624,3.71,7,0,1,0.07,0.05
37,34,48,1925,4.98,4,1,0,0.03,0.1
18,22,79,979,3.53,8,0,2,0.04,0.12
16,25,13,1885,4.9,8,0,2,0.09,0.05
24,16,74,2613,3.83,5,0,1,0.01,0.15
28,25,49,931,4.49,10,0,2,0.09,0.05
38,22,46,2458,3.95,4,1,0,0.05,0.04
29,23,76,1612,4.79,8,0,1,0.13,0.08
33,26,40,1100,4.32,8,0,0,0.09,0.12
35,21,56,1355,3.71,10,0,1,0.11,0.2
27,38,36,2553,3.9,6,0,1,0.03,0.1
24,33,60,657,3.98,5,0,2,0.05,0.1
27,33,29,2877,4.83,5,0,2,0.15,0.03
20,29,22,1626,4.65,5,0,1,0.07,0.16
12,22,72,722,4.74,9,1,0,0.06,0.05
25,33,53,2949,3.58,8,1,1,0.13,0.15
5,29,33,2206,4.37,7,0,1,0.01,0.18
12,24,12,1044,5.0,9,1,1,0.08,0.16
33,33,19,2731,4.68,11,0,0,0.04,0.14
36,30,74,1037,3.68,8,1,2,0.06,0.13
9,13,58,1936,4.52,8,0,2,0.04,0.1
26,31,67,2842,4.62,10,0,0,0.02,0.05
38,11,11,759,4.27,11,0,2,0.07,0.16
5,37,75,1325,3.62,11,1,1,0.12,0.11
30,27,40,815,3.55,4,0,2,0.14,0.13
14,11,77,1245,4.91,10,0,2,0.1,0.09
34,34,46,1218,3.89,5,0,0,0.06,0.06
22,24,33,1600,4.07,5,0,0,0.12,0.17
21,39,53,960,4.69,10,0,1,0.08,0.08
30,35,50,1604,4.53,6,1,1,0.06,0.18
12,28,60,2202,4.95,5,1,2,0.04,0.19
16,24,51,1906,3.64,8,1,0,0.12,0.17
31,35,49,2696,4.56,4,0,0,0.08,0.04
12,29,57,2892,3.62,6,0,1,0.14,0.17
29,19,13,2313,3.5,8,0,2,0.12,0.11
8,37,69,2314,3.68,8,1,2,0.07,0.06
37,33,48,2241,4.43,11,0,0,0.11,0.04
5,29,14,1473,4.51,9,1,0,0.07,0.07
23,20,15,1421,4.16,6,0,0,0.02,0.04
35,35,23,529,3.57,9,0,0,0.08,0.02
20,19,79,1481,4.45,11,1,1,0.13,0.2
18,38,21,730,3.63,8,0,1,0.13,0.17
9,32,71,1685,3.71,8,0,0,0.09,0.15
30,14,36,1751,4.27,11,1,2,0.06,0.05
32,18,63,1744,4.01,9,1,1,0.01,0.02
6,29,21,1596,4.2,11,1,0,0.05,0.11
10,28,17,898,4.45,4,0,0,0.15,0.15
13,22,25,594,3.74,4,0,2,0.11,0.19
37,27,61,2463,4.84,9,1,2,0.11,0.17
29,26,35,974,4.34,4,1,0,0.12,0.18
17,36,17,2429,3.53,5,0,1,0.1,0.06
13,15,54,2278,4.44,6,0,1,0.09,0.05
17,19,28,1274,4.19,4,0,2,0.07,0.06
35,11,26,1647,4.55,8,0,1,0.07,0.04
15,33,74,2023,4.68,5,0,1,0.13,0.16
8,15,38,1120,4.91,6,1,1,0.07,0.18
38,37,23,1463,5.0,4,0,0,0.13,0.08
8,37,26,2642,4.32,4,0,0,0.13,0.18
23,30,22,2000,4.34,6,1,1,0.12,0.03
10,22,72,2580,3.53,4,1,0,0.02,0.14
38,27,42,1826,4.8,9,0,2,0.03,0.11
22,16,38,621,3.54,6,0,1,0.05,0.07
17,11,46,717,4.45,6,0,1,0.13,0.16
27,38,55,1576,3.65,11,1,2,0.13,0.06
23,23,33,1682,3.93,8,0,1,0.02,0.09
15,14,23,2194,3.71,10,0,1,0.06,0.15
5,27,14,1294,3.71,6,0,1,0.13,0.08
28,20,62,2124,3.61,10,1,2,0.04,0.17
11,19,39,675,3.98,7,0,0,0.15,0.18
29,20,69,791,4.14,4,0,0,0.08,0.06
25,36,37,990,4.2,10,0,1,0.14,0.1
19,11,35,1133,4.16,8,0,0,0.07,0.1
5,24,27,1760,4.29,10,1,1,0.06,0.09
16,16,45,2672,4.79,5,0,2,0.06,0.11
11,18,17,2390,4.45,10,1,2,0.13,0.03
19,14,27,1103,3.53,10,1,1,0.06,0.18
25,16,67,1628,3.76,7,1,1,0.1,0.07
23,29,41,1565,4.02,6,0,1,0.08,0.02
33,11,58,2164,4.92,5,0,0,0.14,0.14
29,12,57,1983,3.62,10,0,2,0.03,0.14
37,11,74,990,4.57,5,1,1,0.07,0.2
36,30,42,1064,3.55,5,0,0,0.03,0.15
39,31,59,667,4.04,5,1,1,0.09,0.08
30,32,13,1258,4.66,11,1,2,0.07,0.19
15,28,45,1697,4.02,8,1,2,0.02,0.09
39,13,37,2404,4.15,8,0,2,0.13,0.17
12,33,12,1673,4.86,5,0,1,0.06,0.08
18,29,15,2796,3.6,7,1,2,0.08,0.03
14,16,54,2150,4.29,11,1,1,0.07,0.15
6,37,32,679,4.05,4,1,0,0.08,0.08
13,31,16,527,4.95,9,0,0,0.01,0.08
7,16,70,2344,4.69,4,1,0,0.12,0.15
25,26,74,2664,3.68,8,0,1,0.06,0.08
30,28,15,761,4.89,7,0,2,0.11,0.04
12,31,33,696,3.82,7,1,2,0.02,0.09
6,25,46,1960,3.63,6,0,1,0.08,0.17
10,12,54,2162,4.31,11,0,0,0.14,0.04
32,24,60,1933,4.6,11,1,0,0.07,0.12
33,23,54,832,4.57,8,0,1,0.04,0.04
30,24,72,1681,4.3,7,0,2,0.02,0.03
29,23,38,2275,4.24,7,0,2,0.13,0.09
16,16,34,578,4.95,4,0,2,0.04,0.14
9,34,19,2367,4.73,7,0,2,0.15,0.07
38,12,44,2392,4.55,7,0,0,0.04,0.1
19,39,64,696,3.79,10,0,2,0.08,0.11
19,26,34,2283,4.73,5,1,1,0.07,0.17
27,19,54,725,4.62,10,1,2,0.02,0.17
10,24,21,2061,4.99,11,0,0,0.08,0.02
25,38,13,1234,3.7,4,0,2,0.1,0.09
27,15,76,1862,4.57,4,1,2,0.11,0.14
20,37,26,2079,4.97,5,0,1,0.08,0.17
19,26,74,2119,4.19,4,0,2,0.12,0.03
29,26,62,2542,4.6,11,0,2,0.12,0.13
15,23,66,719,4.96,6,0,1,0.04,0.17
19,33,37,2840,4.32,9,1,1,0.07,0.07
8,34,25,1727,4.55,6,1,1,0.03,0.06
25,27,30,2228,3.53,8,0,1,0.03,0.1
17,34,51,701,4.28,11,1,0,0.11,0.19
26,14,63,2389,3.88,9,0,2,0.08,0.14
23,38,41,2579,3.7,4,1,2,0.09,0.1
38,17,47,2213,4.56,4,0,0,0.11,0.02
66,1,243,7937,2.3330413667029735,21,3,6,0.5980658138290378,0.5100774610083665
8,32,47,1516,4.86,8,0,2,0.07,0.08
31,13,63,614,4.28,10,0,1,0.09,0.05
33,27,69,1745,4.47,8,1,1,0.02,0.11
32,14,56,2729,3.88,6,1,0,0.13,0.08
39,25,21,968,3.77,6,0,0,0.06,0.03
12,23,62,925,3.87,11,1,1,0.1,0.15
20,36,42,2075,3.85,9,1,2,0.15,0.15
34,36,37,2365,4.8,5,0,1,0.08,0.13
22,28,12,1333,4.68,11,1,2,0.04,0.17
6,23,35,2528,4.78,8,0,1,0.04,0.06
17,18,63,510,4.6,8,1,1,0.02,0.07
8,15,49,1908,4.47,5,0,2,0.12,0.1
30,26,75,2589,4.29,6,0,0,0.05,0.03
29,28,77,2225,3.9,10,1,0,0.03,0.18
34,21,56,2670,4.56,5,0,1,0.11,0.11
15,13,11,2799,3.7,5,0,2,0.05,0.08
11,25,51,1472,4.27,7,1,0,0.09,0.11
35,34,43,1103,3.79,8,0,2,0.07,0.08
14,20,30,712,4.26,6,1,0,0.06,0.07
17,31,53,2815,3.94,7,1,2,0.08,0.1
35,13,11,1039,3.58,9,0,1,0.05,0.11
11,26,68,1205,4.26,11,1,2,0.13,0.1
24,17,25,2258,3.77,7,1,1,0.02,0.12
8,23,29,2184,3.74,10,0,0,0.01,0.16
11,36,35,1658,4.08,7,1,2,0.07,0.03
5,11,25,997,4.04,6,0,0,0.03,0.17
17,20,79,1281,4.8,5,1,0,0.11,0.06
26,20,32,2409,4.35,6,0,1,0.06,0.07
25,33,51,625,4.78,8,1,2,0.05,0.13
26,31,46,2026,3.72,9,0,1,0.06,0.2
32,33,15,1340,4.04,10,0,2,0.04,0.02
13,15,46,1482,4.33,9,1,0,0.05,0.14
30,30,31,1841,3.73,11,0,0,0.09,0.15
13,30,15,511,3.69,9,0,2,0.13,0.12
19,23,41,2000,4.49,10,0,0,0.06,0.02
14,39,26,1817,4.48,11,1,0,0.05,0.13
28,19,47,1963,3.85,8,0,1,0.12,0.04
12,35,26,2330,3.84,5,1,0,0.01,0.03
28,36,46,1015,4.62,6,1,0,0.05,0.15
20,17,32,2863,3.68,5,1,0,0.07,0.15
30,16,58,2203,4.88,5,0,2,0.09,0.18
31,17,70,1647,4.92,6,1,0,0.03,0.02
8,37,58,2861,4.81,8,0,1,0.07,0.09
28,17,70,2048,3.82,6,1,1,0.09,0.02
23,32,41,2586,3.53,9,1,1,0.08,0.09
14,11,72,2800,4.91,8,1,1,0.09,0.11
29,36,16,2850,4.02,4,0,0,0.1,0.12
22,25,31,1478,3.97,4,1,1,0.06,0.08
23,18,15,2805,3.89,4,0,2,0.02,0.15
14,22,70,2506,3.87,9,0,2,0.02,0.09
37,32,23,2346,4.6,10,1,0,0.13,0.11
9,21,25,723,4.86,10,1,2,0.1,0.16
39,36,12,2639,4.68,11,1,2,0.12,0.05
38,31,18,779,4.51,7,0,0,0.14,0.08
37,34,56,1693,3.93,11,0,0,0.12,0.11
25,38,51,2319,4.32,8,0,1,0.11,0.16
21,26,51,2257,3.86,8,1,1,0.1,0.1
26,36,32,2545,3.67,6,0,0,0.05,0.03
19,11,12,747,3.68,8,0,2,0.14,0.2
39,22,10,1884,4.41,6,0,0,0.09,0.15
32,10,76,1872,3.56,7,0,1,0.04,0.15
11,35,12,2625,4.96,6,1,0,0.04,0.1
36,37,58,544,4.99,4,1,0,0.12,0.12
15,28,76,2585,3.72,6,1,2,0.05,0.2
14,20,64,915,4.14,6,0,0,0.02,0.13
13,14,13,2792,4.65,6,0,1,0.07,0.06
18,10,40,2870,4.93,8,1,0,0.12,0.19
17,29,75,1775,4.84,5,1,2,0.07,0.12
29,39,73,1584,3.88,11,0,0,0.12,0.02
6,22,40,1642,3.63,5,0,2,0.13,0.12
39,17,72,586,3.93,9,0,0,0.13,0.03
11,15,75,2627,4.16,5,1,2,0.09,0.11
25,38,40,727,4.04,9,0,0,0.11,0.17
22,26,56,2338,4.66,8,0,0,0.05,0.12
7,21,31,1122,3.89,4,1,0,0.02,0.09
15,10,55,2106,4.79,5,0,0,0.08,0.18
28,12,67,984,3.84,5,0,0,0.01,0.19
23,23,70,524,4.04,10,1,1,0.08,0.08
8,35,55,2314,4.17,10,0,1,0.02,0.11
30,17,10,1725,3.94,7,0,0,0.03,0.2
36,20,34,1748,4.65,11,0,2,0.13,0.05
37,36,70,1278,4.11,11,1,2,0.1,0.07
7,23,23,1430,4.83,10,1,1,0.1,0.1
13,17,54,2102,4.95,9,0,1,0.07,0.04
12,38,48,2082,4.79,9,0,1,0.07,0.07
37,12,75,1252,4.28,11,0,2,0.05,0.12
10,16,41,2213,4.26,7,1,1,0.07,0.06
8,37,67,1600,3.82,4,0,1,0.09,0.14
17,28,65,925,4.39,11,1,1,0.04,0.08
6,13,15,1159,4.93,6,0,0,0.05,0.04
89,3,176,9025,1.7869850623221177,16,4,6,0.6246265982703918,0.7350516323524219
31,25,59,1046,4.63,7,1,1,0.06,0.12
36,22,47,1600,4.8,7,0,2,0.12,0.17
25,29,12,2602,4.98,4,1,0,0.13,0.08
12,28,14,1996,4.0,4,0,1,0.06,0.02
12,14,33,1962,4.03,8,1,0,0.07,0.03
7,32,63,2235,3.84,6,0,2,0.15,0.16
7,14,43,2271,4.68,8,1,1,0.13,0.09
26,29,48,2861,3.71,5,1,1,0.04,0.2
80,3,191,11624,2.207783519072732,16,3,5,0.78960737147507,0.7564764398549726
6,13,58,2767,3.94,9,1,1,0.02,0.02
27,11,43,1894,4.06,4,0,0,0.1,0.18
6,35,16,1739,4.13,6,1,2,0.05,0.06
21,22,27,548,4.34,6,1,0,0.09,0.11
39,39,79,2320,4.92,8,1,1,0.12,0.11
38,25,43,2665,3.87,7,1,2,0.13,0.03
27,31,60,2629,4.67,7,1,2,0.06,0.04
34,11,77,2246,4.51,4,0,2,0.04,0.1
12,28,23,995,3.67,10,0,0,0.13,0.14
26,26,78,1133,4.72,9,0,2,0.06,0.07
9,14,17,1101,3.64,7,1,1,0.13,0.11
17,34,24,675,4.61,5,0,2,0.03,0.09
33,27,68,1138,4.57,6,0,2,0.14,0.13
35,37,20,796,4.53,7,1,0,0.08,0.1
20,32,29,1783,3.92,4,0,0,0.03,0.17
34,30,64,2374,4.36,5,1,1,0.08,0.2
20,27,45,974,4.64,9,0,1,0.13,0.18
16,17,23,2146,4.46,9,0,0,0.06,0.05
21,36,67,2458,4.71,8,0,2,0.03,0.1
20,24,47,1560,4.53,8,0,0,0.09,0.1
16,22,10,2288,3.91,5,1,0,0.13,0.17
12,22,74,524,3.73,4,0,0,0.03,0.08
24,25,10,848,4.45,11,1,1,0.02,0.12
7,31,69,1136,4.64,10,1,1,0.02,0.13
20,29,34,726,3.71,11,0,1,0.04,0.04
34,22,19,1871,3.76,8,1,1,0.01,0.12
27,29,59,537,3.52,6,1,2,0.07,0.06
32,11,21,1906,4.3,9,1,1,0.11,0.06
9,12,41,2783,4.31,9,1,1,0.11,0.07
24,24,42,1704,4.25,6,0,2,0.1,0.04
5,32,35,2661,3.97,11,1,2,0.05,0.03
34,28,51,2853,4.14,9,1,0,0.11,0.14
25,22,59,2679,4.65,9,0,2,0.09,0.19
24,14,70,847,3.77,9,1,2,0.13,0.14
10,35,50,1703,3.8,4,1,1,0.08,0.08
26,31,66,2962,4.5,11,1,1,0.04,0.08
22,15,11,1482,4.8,4,1,1,0.1,0.12
12,23,79,1231,4.01,10,0,1,0.03,0.18
36,13,40,2932,4.9,6,0,2,0.14,0.06
37,31,32,1566,3.59,4,0,1,0.11,0.1
20,28,63,2003,3.68,5,1,1,0.12,0.11
16,32,37,1641,4.19,4,0,0,0.11,0.19
38,16,28,2094,4.59,11,0,2,0.02,0.12
18,13,57,2608,4.06,9,1,2,0.08,0.16
37,11,11,2309,4.33,6,1,2,0.1,0.04
27,36,20,2735,3.54,11,1,0,0.04,0.08
6,16,53,952,4.19,10,1,2,0.11,0.13
25,12,68,2734,3.86,7,1,2,0.12,0.14
6,24,68,2263,4.27,11,0,1,0.05,0.18
31,10,47,663,4.29,11,1,2,0.04,0.13
13,11,34,1947,4.63,10,1,1,0.13,0.07
5,19,30,601,4.31,4,1,0,0.01,0.12
15,25,51,1952,4.42,8,0,1,0.05,0.15
7,34,45,1190,4.29,5,1,0,0.07,0.16
27,37,18,1950,4.99,10,0,0,0.1,0.19
30,24,21,2466,4.69,5,0,0,0.15,0.05
8,33,19,1035,4.63,5,1,1,0.06,0.14
22,24,68,2525,4.44,11,0,0,0.14,0.06
10,23,14,2200,4.29,11,1,1,0.06,0.08
39,31,42,1963,4.02,8,0,1,0.11,0.05
26,23,78,2129,4.68,8,1,1,0.03,0.16
19,15,72,2378,3.78,5,1,0,0.07,0.18
26,23,38,623,3.55,5,1,1,0.13,0.03
16,26,27,2896,4.55,5,0,1,0.05,0.17
22,27,15,748,3.72,4,0,0,0.02,0.06
39,29,62,2471,4.86,9,0,1,0.08,0.11
34,28,41,1794,4.66,8,0,0,0.07,0.15
28,39,51,1952,4.4,6,1,0,0.04,0.11
34,26,56,2093,3.97,10,0,0,0.14,0.06
18,25,40,1212,4.46,9,0,1,0.09,0.18
10,17,71,746,4.22,4,0,1,0.06,0.13
7,16,65,980,3.94,6,0,2,0.15,0.19
20,29,20,2645,4.92,4,0,2,0.03,0.17
11,37,35,2876,3.74,4,0,2,0.13,0.18
18,21,36,1948,4.63,6,0,0,0.04,0.09
13,18,66,1528,4.7,5,0,2,0.04,0.2
19,36,36,2513,4.93,9,0,1,0.08,0.17
25,23,68,958,4.32,6,1,0,0.1,0.08
39,29,71,1092,4.3,7,1,0,0.11,0.18
6,10,29,997,4.88,8,1,1,0.01,0.16
31,19,12,2634,4.7,7,0,2,0.05,0.15
6,26,25,2949,4.65,9,1,2,0.1,0.02
39,26,53,1816,4.68,4,1,1,0.13,0.02
22,26,39,696,4.24,6,1,1,0.1,0.15
18,13,49,526,3.56,5,1,2,0.05,0.07
24,26,74,2217,3.8,9,1,1,0.08,0.03
22,27,38,2682,4.46,5,1,2,0.1,0.07
14,29,39,1613,4.09,10,1,1,0.03,0.17
29,32,41,2753,4.41,10,0,2,0.09,0.1
6,11,19,1938,4.33,7,0,1,0.08,0.13
29,17,60,1102,4.16,10,0,0,0.06,0.16
37,22,17,1591,3.85,7,1,0,0.1,0.08
35,32,60,861,4.58,4,0,0,0.1,0.02
18,34,45,1783,4.86,8,0,1,0.15,0.08
5,39,64,1586,4.65,4,1,2,0.07,0.19
20,31,44,2515,3.68,9,1,2,0.08,0.11
7,29,45,1471,4.31,5,1,2,0.03,0.12
39,31,65,2215,4.75,9,1,0,0.09,0.16
10,24,45,2146,4.39,10,0,0,0.02,0.04
29,29,70,2226,4.16,6,0,2,0.03,0.15
17,32,71,1407,3.93,7,1,1,0.03,0.07
38,18,34,745,4.0,5,1,1,0.1,0.09
12,12,73,2825,3.86,10,1,2,0.09,0.07
25,12,69,846,3.79,4,0,2,0.12,0.05
38,11,66,2460,4.38,8,1,1,0.08,0.09
8,10,79,871,4.26,6,0,2,0.08,0.04
29,23,61,1308,4.6,8,1,1,0.03,0.17
19,26,65,2670,3.96,4,0,1,0.11,0.08
8,22,72,659,4.19,11,0,0,0.01,0.14
16,28,77,1650,4.52,4,1,0,0.07,0.07
36,39,29,1834,4.94,5,1,0,0.04,0.06
36,32,63,1017,4.02,10,1,2,0.12,0.15
32,24,10,1788,3.95,6,0,1,0.1,0.13
17,36,19,1245,4.17,9,0,2,0.11,0.06
35,34,32,2835,4.59,4,1,2,0.03,0.13
18,23,60,919,4.94,11,1,2,0.1,0.02
24,11,33,2051,4.3,11,0,1,0.11,0.05
22,16,22,639,4.72,5,1,0,0.01,0.15
33,26,38,2332,4.2,4,1,1,0.05,0.09
10,27,67,1206,3.56,5,0,1,0.02,0.06
36,15,52,1197,4.84,11,0,2,0.11,0.11
33,36,19,974,3.93,8,0,2,0.04,0.1
6,30,40,2160,3.71,5,0,0,0.05,0.13
27,17,23,2401,4.99,9,0,1,0.02,0.03
23,37,43,2936,4.02,8,1,0,0.08,0.17
35,36,26,1010,3.7,7,0,2,0.01,0.03
9,11,30,1037,3.97,4,0,2,0.13,0.1
23,10,76,2760,4.27,7,1,0,0.01,0.15
38,25,67,2036,3.63,6,1,0,0.02,0.08
14,16,17,1788,4.03,11,0,1,0.1,0.18
29,31,47,1866,4.5,7,0,0,0.14,0.16
6,33,35,1561,4.87,10,0,0,0.13,0.1
15,20,73,732,4.1,5,0,1,0.02,0.05
35,24,39,2807,4.35,5,1,2,0.05,0.03
19,22,18,807,4.45,11,1,1,0.08,0.16
13,39,41,902,3.61,6,0,2,0.01,0.05
27,33,20,1496,4.01,6,1,2,0.08,0.07
23,11,43,1784,4.53,4,1,0,0.07,0.02
64,3,176,8638,1.9301865665465419,23,3,7,0.4295034677180489,0.44320913620189456
39,33,28,1249,4.03,10,1,0,0.14,0.06
25,15,63,1629,3.51,5,0,0,0.05,0.18
13,18,46,803,3.51,10,1,0,0.1,0.16
32,37,21,2890,4.31,10,0,2,0.07,0.16
11,16,13,1970,4.33,6,0,1,0.07,0.17
20,27,52,1561,4.33,10,0,0,0.1,0.05
20,33,36,1354,4.58,9,1,2,0.14,0.2
87,4,171,9790,2.0235890114060364,20,3,6,0.5168854152641189,0.46865883338797354
8,32,14,2245,4.99,7,1,1,0.1,0.05
8,13,15,2128,4.55,10,0,2,0.07,0.07
21,18,65,2803,4.27,5,1,1,0.07,0.12
33,13,77,2684,3.71,11,1,0,0.12,0.04
39,21,53,1754,4.08,10,0,2,0.04,0.15
11,13,24,1317,4.36,9,0,1,0.09,0.09
31,34,51,2237,5.0,11,0,0,0.08,0.12
32,39,20,1472,3.69,10,1,0,0.1,0.15
26,33,20,537,4.69,6,0,2,0.04,0.18
18,29,75,1678,5.0,10,0,0,0.11,0.17
11,23,36,604,4.71,11,1,1,0.1,0.12
26,33,67,754,4.65,4,1,0,0.04,0.2
9,33,30,2481,3.89,10,1,1,0.07,0.12
6,16,30,1090,3.51,9,0,1,0.11,0.12
31,35,10,1024,3.84,8,0,1,0.14,0.05
25,22,67,869,4.68,10,1,1,0.03,0.05
19,31,22,601,3.66,5,0,2,0.01,0.05
25,17,15,1163,3.94,10,0,1,0.03,0.13
14,32,67,1189,4.34,5,1,2,0.15,0.09
27,14,26,2426,4.37,10,1,2,0.12,0.09
9,21,21,2035,4.31,5,0,2,0.1,0.04
5,22,61,2936,4.97,5,1,0,0.03,0.09
17,38,79,2910,3.52,8,0,1,0.07,0.09
25,29,61,2528,4.23,8,1,0,0.11,0.13
30,23,46,1430,4.26,11,1,1,0.14,0.09
25,37,12,2356,3.94,9,0,2,0.06,0.1
22,27,17,2489,4.29,9,0,0,0.15,0.07
36,36,19,2890,4.51,4,0,0,0.03,0.04
21,33,56,2682,4.51,11,1,2,0.06,0.07
39,34,50,2385,3.63,5,0,2,0.13,0.03
15,29,73,1477,4.7,6,1,2,0.1,0.06
25,13,51,2494,4.9,10,0,0,0.12,0.08
30,30,52,879,3.69,7,0,2,0.14,0.05
8,27,18,2013,4.12,5,0,0,0.08,0.14
38,16,23,1648,4.27,9,0,1,0.04,0.07
22,24,13,2585,3.7,8,0,2,0.11,0.13
39,30,11,1280,4.26,4,0,0,0.09,0.14
33,15,10,809,3.81,5,0,2,0.12,0.1
33,25,74,2653,4.9,10,0,2,0.08,0.1
25,29,55,1055,4.17,4,1,0,0.12,0.12
17,33,68,896,4.99,6,1,0,0.14,0.07
21,17,16,2700,3.57,6,1,0,0.11,0.02
13,37,75,2383,3.69,6,0,2,0.11,0.14
5,30,24,1669,4.16,6,1,1,0.09,0.13
6,25,56,700,4.81,11,1,1,0.08,0.11
33,37,49,2390,4.33,7,0,2,0.15,0.18
37,31,51,511,4.6,4,0,2,0.1,0.11
61,2,152,8674,1.4848213040094862,17,3,9,0.6347142416839036,0.6234148197827932
25,12,44,2476,3.56,7,1,1,0.08,0.15
32,26,50,1825,4.47,5,1,1,0.09,0.19
15,18,66,2395,4.45,8,1,1,0.1,0.15
38,34,47,1419,3.61,10,0,0,0.11,0.18
12,12,17,2647,3.76,9,0,1,0.07,0.04
26,29,72,1370,4.21,7,1,0,0.06,0.04
12,38,13,865,4.17,9,1,2,0.04,0.05
19,16,57,1156,4.63,7,1,0,0.07,0.15
21,27,61,660,4.08,9,1,2,0.04,0.09
27,21,47,674,4.49,11,0,1,0.07,0.11
28,28,14,2003,4.56,10,0,2,0.13,0.07
23,25,79,1044,4.47,9,1,2,0.15,0.15
9,31,33,2830,4.39,8,0,2,0.09,0.17
36,36,26,2261,4.71,9,1,0,0.03,0.05
5,33,35,1456,4.49,7,1,0,0.07,0.05
27,26,12,951,4.75,9,1,0,0.09,0.08
12,29,11,581,4.46,4,0,2,0.06,0.07
17,24,11,1736,3.74,10,0,2,0.04,0.12
12,10,31,1315,3.96,9,1,2,0.04,0.16
27,11,13,2681,4.0,6,1,1,0.08,0.16
5,17,47,946,3.64,10,0,0,0.04,0.06
28,31,79,2665,4.54,10,0,1,0.04,0.05
39,34,61,2119,4.39,11,1,1,0.13,0.09
28,11,40,2293,4.38,9,1,1,0.12,0.05
21,28,35,1248,4.22,5,1,2,0.02,0.04
9,18,45,1673,4.31,8,1,0,0.05,0.06
24,18,35,2409,3.51,6,0,1,0.08,0.09
25,22,37,2056,3.64,11,0,0,0.02,0.13
35,15,14,1145,4.53,7,0,0,0.11,0.15
15,39,27,878,3.89,4,0,2,0.06,0.06
19,24,24,1640,3.66,9,0,1,0.07,0.17
23,28,66,1436,3.99,9,0,2,0.05,0.03
84,4,198,7187,1.7457547625584526,19,4,8,0.453980341201043,0.5824618812317308
32,24,46,1161,3.54,11,0,1,0.13,0.13
9,27,31,1840,4.12,8,1,0,0.12,0.07
9,16,61,1375,3.54,11,0,0,0.14,0.14
64,4,218,7594,1.3458611274545675,21,3,5,0.516412216460522,0.5976227976765843
36,20,26,1613,4.69,4,0,1,0.09,0.04
12,17,60,887,3.97,10,0,2,0.05,0.11
14,15,54,2630,4.35,11,1,2,0.1,0.02
36,17,72,2419,3.95,9,1,0,0.14,0.07
32,11,37,895,4.9,10,1,1,0.02,0.04
21,28,68,1139,4.59,7,0,1,0.07,0.13
35,25,30,599,4.05,10,0,1,0.03,0.06
12,16,51,956,3.82,7,0,2,0.12,0.07
29,19,78,2522,3.71,9,1,2,0.1,0.06
13,21,26,2875,4.64,7,1,2,0.13,0.06
6,26,77,573,4.18,9,0,0,0.02,0.06
19,16,16,2639,3.85,11,0,2,0.14,0.15
7,31,49,2877,4.88,7,1,1,0.02,0.19
8,17,49,2363,4.09,10,0,0,0.05,0.11
18,16,52,674,4.32,4,1,1,0.03,0.13
29,13,60,2260,4.79,5,0,2,0.03,0.17
14,12,32,2862,4.75,6,1,1,0.03,0.11
25,28,41,996,4.46,8,1,0,0.08,0.07
16,24,40,1792,4.83,10,1,2,0.12,0.19
31,13,26,927,4.93,5,1,0,0.14,0.18
6,34,67,534,4.9,4,1,2,0.09,0.06
17,18,44,2666,4.02,8,0,0,0.03,0.15
36,22,39,1894,4.1,8,0,0,0.02,0.14
35,27,73,1880,3.86,9,1,1,0.08,0.14
20,30,62,2937,4.76,9,1,2,0.12,0.17
36,25,60,675,3.68,10,0,2,0.1,0.14
36,10,46,2653,4.03,7,1,2,0.09,0.11
38,13,15,1091,3.51,11,1,0,0.02,0.17
15,27,43,1686,4.39,11,1,1,0.07,0.07
14,17,65,1413,4.49,11,1,1,0.09,0.14
19,29,34,1790,3.87,6,0,2,0.09,0.15
21,25,22,2086,4.61,9,0,2,0.01,0.18
22,30,72,1802,4.07,6,0,0,0.04,0.2
13,20,75,1826,3.97,4,0,0,0.14,0.12
29,29,14,1452,4.93,9,1,0,0.08,0.11
18,30,20,1360,4.38,5,0,1,0.11,0.13
29,30,53,2674,3.88,7,0,0,0.05,0.14
26,30,78,1769,4.97,6,0,0,0.09,0.15
34,36,11,733,4.08,7,1,0,0.06,0.07
24,28,49,1962,4.47,5,1,2,0.05,0.11
25,32,46,2684,4.59,11,0,0,0.07,0.09
36,28,58,2309,4.13,8,0,2,0.07,0.03
96,2,287,11279,2.26398197724191,23,3,9,0.4711822142983103,0.6328572474686391
39,28,79,555,3.86,8,1,1,0.05,0.18
36,20,43,2903,4.2,5,0,2,0.1,0.19
34,12,67,1312,3.97,7,0,2,0.06,0.11
16,17,46,2349,4.32,5,0,0,0.04,0.16
22,29,69,2459,4.5,9,1,0,0.12,0.15
25,28,21,1586,4.42,6,0,1,0.11,0.06
17,19,41,1305,4.67,6,0,1,0.13,0.03
25,25,13,2075,3.56,4,0,1,0.09,0.15
12,14,42,1099,3.62,10,0,1,0.05,0.07
11,29,52,1111,3.81,9,0,0,0.13,0.12
27,18,18,1738,4.98,6,1,0,0.05,0.11
36,17,60,2688,4.7,11,1,1,0.1,0.17
15,20,29,2449,4.89,6,1,0,0.04,0.14
26,25,48,2030,3.91,8,1,0,0.1,0.17
26,16,32,1060,4.36,9,1,2,0.13,0.16
29,24,50,1126,4.33,7,1,2,0.09,0.2
26,33,53,2110,4.35,7,1,1,0.08,0.18
32,38,44,1174,4.58,8,1,1,0.15,0.06
33,30,32,548,4.09,6,1,1,0.01,0.19
17,29,67,1886,4.52,5,0,1,0.06,0.08
22,32,57,2402,4.68,8,0,1,0.14,0.13
6,26,67,1126,3.93,7,1,0,0.1,0.19
33,15,66,776,4.92,11,1,2,0.09,0.06
25,24,48,2594,4.28,11,0,2,0.1,0.17
19,17,37,715,4.6,4,0,2,0.06,0.19
31,16,73,729,4.59,7,0,0,0.02,0.17
35,11,71,2870,4.35,5,1,0,0.05,0.17
19,39,71,2772,3.98,7,0,0,0.06,0.07
27,22,35,2185,4.5,8,1,2,0.08,0.09
28,39,60,1810,3.63,4,1,2,0.07,0.16
17,32,59,545,4.97,7,0,2,0.08,0.04
26,38,45,2336,3.78,8,1,2,0.04,0.18
37,15,35,1537,3.91,10,0,2,0.04,0.06
7,38,42,1132,4.93,8,0,0,0.06,0.12
94,2,286,7816,1.6054920114760352,19,5,8,0.7615732967512805,0.49610298824346666
27,29,17,1486,3.76,8,0,2,0.06,0.05
33,10,75,832,4.71,4,0,0,0.09,0.13
34,38,32,2379,3.88,8,0,2,0.05,0.13
29,27,79,2713,3.64,11,0,2,0.03,0.07
12,24,64,1006,3.84,4,0,2,0.13,0.04
20,32,52,616,4.83,9,1,0,0.04,0.12
12,19,30,1442,3.92,11,0,1,0.15,0.17
5,12,31,1135,4.54,10,1,1,0.15,0.06
9,14,18,2089,4.09,5,0,1,0.11,0.14
7,33,43,1962,3.89,5,1,1,0.08,0.09
5,38,68,2491,3.72,5,0,1,0.12,0.19
8,22,35,1368,4.96,9,1,0,0.13,0.03
39,17,10,1794,4.28,8,1,2,0.11,0.03
36,31,14,2234,3.67,4,1,1,0.02,0.04
38,30,50,2763,3.8,9,1,1,0.01,0.16
88,1,268,9533,1.4428580765892676,17,5,6,0.4996860258263971,0.5842556385810089
14,11,31,2763,4.32,5,1,2,0.04,0.17
25,18,77,926,3.77,6,1,1,0.04,0.15
31,26,57,1658,3.92,5,0,0,0.08,0.03
31,36,75,1566,4.68,8,1,2,0.08,0.06
6,27,25,783,4.13,10,0,2,0.11,0.19
17,22,62,1333,3.5,11,0,2,0.04,0.13
13,10,74,729,3.58,9,1,2,0.02,0.1
26,21,73,2419,4.16,6,0,1,0.1,0.14
30,29,77,2166,3.59,9,0,1,0.08,0.05
16,29,72,884,3.76,7,0,0,0.1,0.18
76,1,207,10625,2.056043513225685,17,5,7,0.7158883346668097,0.7460876309215401
18,14,54,1323,4.22,6,1,2,0.12,0.1
18,17,61,707,4.22,7,1,0,0.11,0.1
38,36,74,673,4.4,6,1,1,0.1,0.17
24,24,11,2323,4.68,11,1,2,0.01,0.08
15,36,58,1604,3.74,4,0,0,0.13,0.04
20,12,31,1541,3.76,6,0,0,0.06,0.05
35,15,38,1516,3.68,5,1,1,0.03,0.03
10,37,44,1207,4.91,10,1,2,0.12,0.11
23,22,33,1883,4.37,7,0,1,0.08,0.14
8,21,39,2391,3.64,11,0,0,0.01,0.19
8,28,51,1802,3.83,7,0,2,0.12,0.16
24,38,59,2944,4.59,9,1,0,0.07,0.12
14,27,69,1176,3.54,5,0,0,0.12,0.18
28,33,39,1161,4.59,11,1,2,0.12,0.18
39,10,21,2063,4.87,4,1,1,0.02,0.15
30,34,58,1760,3.58,6,0,0,0.1,0.03
25,36,55,2853,3.78,11,0,2,0.06,0.07
25,16,52,857,3.5,4,1,1,0.09,0.08
14,21,11,1808,3.66,5,1,1,0.02,0.2
8,19,63,1816,4.43,11,0,0,0.09,0.1
24,38,44,918,3.57,10,0,2,0.12,0.16
21,21,61,1991,4.14,6,1,1,0.15,0.17
83,1,162,11617,1.086893393795755,20,4,7,0.6522003490501389,0.7648777343502003
8,13,60,2093,4.86,7,1,1,0.03,0.02
33,28,35,1006,4.21,7,0,2,0.06,0.02
18,15,71,2181,3.71,7,0,2,0.01,0.17
7,34,70,2001,3.93,8,1,2,0.07,0.15
28,18,35,1885,4.51,8,0,0,0.14,0.12
20,29,46,811,3.67,7,0,1,0.04,0.06
8,19,39,2157,3.85,10,1,1,0.08,0.04
28,14,20,744,4.99,8,1,0,0.09,0.05
38,36,62,976,3.51,10,0,1,0.04,0.12
34,22,50,1114,3.73,8,1,1,0.06,0.12
22,18,14,2983,4.77,9,0,0,0.14,0.19
23,11,75,749,3.65,5,1,0,0.05,0.19
35,27,22,2095,3.55,9,1,0,0.1,0.12
23,30,72,2273,3.68,10,1,2,0.03,0.17
23,10,34,2429,4.54,6,0,0,0.1,0.17
26,33,53,2375,4.99,11,0,2,0.05,0.16
28,30,23,1010,4.39,7,0,1,0.04,0.1
16,21,78,2169,3.69,9,1,0,0.03,0.09
34,19,68,2372,3.78,9,1,0,0.02,0.07
35,11,65,1273,4.31,8,0,0,0.15,0.19
23,37,61,1865,4.57,5,0,0,0.07,0.17
34,18,75,1423,4.49,5,1,1,0.12,0.05
37,11,77,573,4.36,9,0,2,0.14,0.07
22,32,21,1308,4.98,6,0,1,0.04,0.12
32,33,77,1545,3.8,10,0,2,0.13,0.09
15,39,52,2767,3.76,5,1,1,0.11,0.06
37,31,15,2626,4.79,4,0,1,0.09,0.16
21,23,24,734,3.94,4,1,1,0.12,0.02
10,20,51,2704,4.0,7,0,0,0.03,0.08
8,32,40,2874,4.32,9,0,0,0.05,0.19
24,20,62,1141,4.07,6,1,2,0.03,0.16
31,26,15,1120,3.93,9,1,1,0.14,0.09
19,13,42,1484,4.88,4,1,0,0.02,0.19
10,22,38,1798,3.69,10,0,1,0.15,0.18
18,16,30,2117,4.11,6,0,1,0.03,0.03
15,25,63,2295,3.5,10,0,2,0.1,0.04
13,10,65,1359,4.71,7,0,2,0.1,0.09
30,22,30,2585,3.75,5,0,1,0.14,0.19
20,10,64,2665,4.66,5,0,1,0.06,0.17
9,20,67,2937,3.72,5,1,1,0.06,0.03
14,15,73,876,4.13,4,1,2,0.13,0.11
7,29,55,2397,4.59,10,0,2,0.15,0.15
17,12,31,875,3.91,6,1,0,0.01,0.07
34,21,69,2104,3.97,4,1,2,0.1,0.15
10,14,20,1094,4.5,11,0,1,0.04,0.09
21,18,56,1565,3.78,8,1,1,0.11,0.07
23,35,40,2507,4.93,6,0,2,0.12,0.09
39,35,27,1551,3.78,11,1,0,0.12,0.19
30,21,31,1128,4.62,7,0,2,0.07,0.18
9,39,65,2873,4.7,10,1,2,0.03,0.18
33,39,26,2032,4.06,4,1,1,0.09,0.19
24,37,47,2872,3.73,5,0,1,0.12,0.05
25,36,34,2330,3.75,5,0,0,0.14,0.18
14,19,41,1683,4.98,5,1,1,0.07,0.06
9,28,24,1245,4.59,4,0,0,0.04,0.17
10,14,22,1777,4.18,10,1,2,0.03,0.12
30,35,67,2451,3.89,4,0,0,0.12,0.06
8,14,59,2795,3.53,5,1,2,0.08,0.09
39,18,20,2945,4.51,5,1,2,0.1,0.1
5,36,22,2750,4.94,5,0,1,0.03,0.15
28,37,59,1825,3.66,8,0,2,0.01,0.13
10,35,47,1671,4.63,4,1,2,0.15,0.17
35,36,10,720,3.73,5,0,0,0.12,0.09
24,29,48,2371,4.69,7,1,1,0.07,0.15
75,3,267,7522,1.151134599318673,23,4,6,0.5822236164987502,0.40608374837270617
29,19,45,2843,4.57,10,0,1,0.14,0.03
25,30,41,2839,4.89,4,0,2,0.04,0.09
34,10,50,1183,4.43,7,0,2,0.12,0.18
28,31,24,1375,4.88,11,1,0,0.01,0.15
34,37,40,1554,3.85,10,0,1,0.13,0.1
26,25,15,2462,4.97,9,1,1,0.09,0.05
32,35,61,848,4.81,9,1,2,0.08,0.04
11,35,31,718,3.66,9,1,0,0.11,0.06
39,24,40,1522,4.12,10,0,2,0.02,0.06
32,32,55,949,4.89,4,1,1,0.04,0.09
18,26,76,1003,3.62,4,1,2,0.07,0.05
14,35,52,585,4.18,10,0,0,0.1,0.05
20,29,10,1788,4.59,4,0,0,0.03,0.17
20,34,53,1022,3.55,6,1,2,0.06,0.06
35,22,66,1129,4.63,10,0,1,0.05,0.12
29,10,18,2799,4.04,7,1,2,0.1,0.06
17,34,14,517,3.87,11,1,2,0.14,0.11
10,17,18,1768,4.36,8,1,0,0.03,0.07
13,14,54,1676,4.32,11,1,2,0.04,0.04
24,15,33,2132,4.81,8,0,0,0.09,0.2
22,32,51,999,4.51,6,1,0,0.07,0.1
25,29,31,957,4.13,4,0,2,0.11,0.09
8,39,69,614,4.48,11,0,0,0.05,0.06
37,23,46,1252,4.63,8,1,2,0.09,0.11
31,31,48,1268,4.91,7,1,1,0.06,0.13
88,4,181,9447,2.346084500856219,19,4,6,0.46697585833591776,0.5195690485030181
10,20,37,2900,4.32,5,0,0,0.11,0.11
71,1,244,9878,1.6214266445934462,18,4,8,0.7300344482920043,0.5864757403736932
22,20,69,821,4.84,7,0,1,0.06,0.11
36,22,69,2472,4.69,4,1,2,0.1,0.16
15,21,15,725,3.62,7,1,2,0.04,0.03
24,31,61,860,4.55,11,1,1,0.12,0.11
28,11,21,2054,4.31,9,0,1,0.05,0.09
19,30,28,1333,3.66,4,0,2,0.03,0.03
11,12,11,611,4.35,7,1,2,0.14,0.19
25,32,64,711,3.79,6,1,1,0.07,0.07
30,13,24,1756,4.56,10,0,0,0.1,0.12
18,26,73,1447,3.92,7,1,2,0.12,0.09
25,37,78,658,3.73,11,1,2,0.11,0.07
22,37,24,2408,3.62,11,1,1,0.09,0.11
9,31,52,1847,4.24,11,0,1,0.06,0.14
7,15,26,1771,3.8,10,0,0,0.14,0.16
27,16,33,1410,4.78,9,1,2,0.03,0.13
30,24,39,2951,3.5,11,0,1,0.13,0.11
28,20,76,903,4.77,8,0,1,0.11,0.16
23,33,60,2341,4.28,5,1,0,0.09,0.11
29,12,69,2190,4.88,6,1,0,0.06,0.2
25,39,12,1963,3.81,11,1,2,0.03,0.11
16,15,14,1756,3.65,7,1,1,0.07,0.08
37,35,37,692,4.44,11,1,1,0.12,0.1
8,11,20,1622,4.56,11,0,2,0.11,0.11
11,38,24,2474,4.06,4,0,0,0.1,0.07
26,23,57,2142,3.52,11,0,2,0.15,0.05
37,18,55,1499,4.11,6,0,2,0.15,0.1
21,27,37,2239,3.85,8,0,2,0.07,0.18
83,3,199,8399,2.3823071954216815,18,4,8,0.5180820590568509,0.42929891989545743
38,21,15,849,4.26,9,1,0,0.07,0.09
32,22,67,2863,4.55,5,1,1,0.13,0.16
26,35,77,2240,4.94,7,1,1,0.07,0.03
64,3,296,8038,1.189085826214764,19,3,6,0.780378634765128,0.618825921028158
38,21,76,2060,4.52,8,1,1,0.11,0.15
10,27,58,1151,3.85,8,1,0,0.1,0.12
10,18,60,1134,3.83,5,1,1,0.15,0.06
38,26,68,2301,4.45,5,1,1,0.09,0.04
5,30,15,1092,4.66,8,1,0,0.15,0.06
14,25,60,2991,4.97,10,0,1,0.05,0.16
25,26,47,1731,4.65,5,1,0,0.13,0.19
9,30,20,1255,3.74,4,0,1,0.06,0.15
6,33,61,1799,3.84,5,0,1,0.12,0.11
26,17,29,996,4.64,4,1,2,0.14,0.19
6,20,19,1272,4.29,11,0,1,0.1,0.17
14,33,35,2921,3.94,9,0,2,0.11,0.14
38,11,57,2098,4.21,5,1,1,0.14,0.03
91,2,153,9395,1.9590194194353963,17,4,5,0.6409061595292836,0.543551958248264
26,21,68,531,4.63,6,0,1,0.08,0.08
16,30,21,782,4.18,10,1,0,0.14,0.08
28,10,32,1335,4.97,10,1,1,0.1,0.09
14,32,48,1955,4.69,9,1,0,0.13,0.19
39,22,18,1185,3.51,9,0,0,0.1,0.15
36,31,34,961,3.67,10,0,2,0.11,0.14
11,30,26,1370,4.33,6,0,0,0.01,0.1
25,26,51,867,4.02,9,0,0,0.06,0.08
24,23,38,665,4.72,11,1,2,0.12,0.04
30,23,69,2228,4.84,4,1,1,0.07,0.1
8,25,76,1101,3.86,10,0,1,0.06,0.06
26,26,66,2673,4.64,4,0,0,0.14,0.09
19,15,23,537,4.3,7,0,2,0.09,0.05
25,35,48,847,4.09,11,0,1,0.04,0.08
19,37,25,1736,4.68,7,1,2,0.08,0.03
26,16,27,2521,4.35,5,0,2,0.08,0.02
32,35,29,1233,4.45,4,1,0,0.15,0.18
18,35,55,925,3.59,11,1,2,0.11,0.14
31,10,54,1770,4.38,10,1,0,0.08,0.13
32,34,13,1147,3.95,11,0,2,0.07,0.11
30,24,29,2833,4.24,6,1,0,0.14,0.15
6,29,20,819,3.83,6,1,1,0.1,0.15
73,3,162,10967,1.022324391933712,22,5,6,0.7311487929121705,0.6600893186566266
7,27,27,2772,3.72,10,0,0,0.08,0.06
12,39,48,2222,3.68,6,1,1,0.05,0.16
37,37,53,2256,3.78,5,0,0,0.14,0.2
39,35,27,2277,4.73,4,0,0,0.11,0.03
10,22,56,2039,3.55,9,0,0,0.06,0.09
27,33,40,1437,4.59,5,0,0,0.04,0.1
29,39,48,1264,3.58,9,1,0,0.03,0.17
23,11,47,2710,4.39,8,1,2,0.08,0.02
9,28,56,1152,4.66,8,0,1,0.08,0.13
15,24,79,2629,3.85,7,1,1,0.07,0.18
16,21,17,980,3.79,9,1,1,0.13,0.05
14,24,74,1015,3.93,4,1,2,0.15,0.04
12,34,22,2163,4.55,11,1,0,0.06,0.2
28,27,64,686,3.88,9,0,2,0.05,0.17
32,23,52,645,4.25,9,0,0,0.12,0.15
25,15,13,1505,3.7,6,0,2,0.07,0.09
12,21,69,651,4.19,4,1,1,0.04,0.17
13,29,21,1886,4.44,10,0,2,0.04,0.19
19,32,68,592,3.61,9,0,0,0.05,0.15
22,39,63,2349,4.72,9,0,1,0.01,0.09
24,39,53,1101,4.91,9,1,1,0.14,0.13
10,15,25,548,3.79,7,1,0,0.07,0.04
16,35,15,2402,4.64,10,1,0,0.02,0.05
6,39,23,2703,3.97,6,1,2,0.03,0.16
11,18,67,1274,4.52,5,1,0,0.06,0.03
20,39,40,1045,3.96,6,0,0,0.09,0.03
7,34,50,1963,4.79,9,0,0,0.11,0.11
7,35,44,1760,4.02,9,1,1,0.05,0.05
31,13,19,1149,4.77,10,0,0,0.14,0.07
37,26,39,2523,4.65,8,0,1,0.12,0.09
32,11,53,1580,3.79,5,0,1,0.13,0.11
5,25,64,674,3.74,9,0,1,0.06,0.07
12,33,27,1737,4.67,10,1,0,0.06,0.11
36,23,48,2574,4.09,6,0,0,0.09,0.09
8,35,51,2441,4.92,10,1,1,0.07,0.03
34,17,63,1642,4.91,5,1,2,0.05,0.18
10,23,39,646,4.54,8,1,2,0.15,0.07
23,11,29,1367,4.25,8,1,2,0.13,0.13
36,25,51,2812,3.79,4,0,0,0.04,0.12
13,13,14,2805,4.82,9,1,1,0.13,0.06
16,10,59,2383,3.62,10,0,0,0.09,0.03
15,32,50,1242,4.06,8,0,1,0.01,0.17
20,29,48,2022,3.98,8,1,2,0.06,0.11
5,36,66,1209,4.94,8,1,0,0.01,0.09
25,23,66,1850,3.68,9,1,2,0.02,0.16
34,17,46,1593,4.84,10,1,1,0.04,0.03
17,34,16,2452,4.18,7,1,2,0.08,0.16
38,37,14,2105,3.57,10,0,1,0.06,0.09
8,34,60,2181,4.59,10,0,0,0.03,0.12
32,12,17,2354,3.65,10,1,0,0.07,0.16
35,14,65,2766,3.86,8,1,2,0.05,0.12
31,15,20,1060,4.7,10,1,0,0.07,0.03
9,31,31,1391,3.73,4,1,1,0.03,0.15
29,35,20,1096,3.99,5,1,1,0.1,0.16
7,17,69,2890,4.04,7,1,2,0.02,0.1
37,15,24,949,4.38,5,0,1,0.06,0.1
8,15,47,2883,4.68,5,0,0,0.14,0.07
29,13,10,2551,3.85,11,1,2,0.07,0.14
62,3,237,8375,1.5482223896583749,23,3,6,0.7593284388033065,0.4974277010132844
38,39,52,1749,3.83,10,1,0,0.02,0.14
30,39,31,1673,4.07,4,1,0,0.09,0.16
9,33,12,2785,4.3,10,0,0,0.14,0.17
39,28,23,2183,3.52,7,0,2,0.05,0.06
32,16,11,2650,4.67,9,1,2,0.07,0.09
33,12,70,1698,4.89,6,0,1,0.09,0.1
13,17,41,1509,4.77,8,1,2,0.02,0.12
10,10,47,2271,3.56,5,0,2,0.14,0.03
23,10,55,2207,4.29,5,0,1,0.08,0.13
15,23,51,939,4.72,4,1,2,0.03,0.04
6,15,15,1808,4.02,9,1,1,0.06,0.17
13,19,50,2772,4.85,4,0,1,0.06,0.19
25,34,34,2530,4.83,4,0,1,0.06,0.07
28,37,20,2467,3.71,11,0,0,0.11,0.11
38,23,50,745,4.24,7,0,0,0.06,0.17
26,13,66,2042,3.54,10,0,2,0.06,0.08
7,15,55,1737,3.92,11,1,1,0.06,0.05
16,25,57,2113,4.72,9,1,0,0.12,0.15
32,37,72,2224,4.96,10,0,1,0.05,0.15
34,30,48,1452,4.87,10,0,1,0.01,0.12
30,37,19,2763,3.56,8,0,0,0.06,0.19
25,10,79,782,4.89,7,1,1,0.05,0.19
32,15,74,2929,4.73,4,1,2,0.14,0.18
30,18,68,2440,4.8,10,1,2,0.08,0.07
37,24,45,671,4.87,4,0,2,0.04,0.06
25,21,36,1744,4.23,9,0,2,0.15,0.17
39,12,64,1618,3.82,9,1,0,0.04,0.14
38,20,79,2382,3.53,10,1,0,0.12,0.09
22,24,62,2591,3.54,5,1,2,0.1,0.09
15,12,69,2775,4.46,7,1,0,0.07,0.17
27,23,70,2864,4.01,10,0,2,0.07,0.05
62,4,184,8295,1.987184748725702,21,5,5,0.7116801804498158,0.7431050665711219
21,38,36,2523,3.7,9,0,0,0.08,0.13
9,13,50,966,4.96,8,0,1,0.06,0.16
15,35,37,2238,3.69,7,0,2,0.06,0.09
34,28,25,796,4.17,11,0,1,0.05,0.13
19,21,44,1519,4.17,9,0,2,0.07,0.15
31,11,45,2762,3.51,11,0,0,0.03,0.1
39,26,65,2047,4.5,11,0,2,0.02,0.11
37,12,28,2398,4.31,8,1,1,0.09,0.12
63,3,287,7960,1.8778086480034233,21,4,9,0.7331834850959058,0.5537114612119389
20,25,42,1153,4.73,9,1,0,0.03,0.18
38,31,32,1301,3.86,8,1,1,0.02,0.18
6,18,72,840,4.79,4,0,0,0.03,0.07
39,20,79,1203,4.8,6,0,0,0.05,0.18
32,30,31,2954,4.74,10,0,0,0.07,0.15
10,24,76,1352,4.01,5,0,0,0.04,0.11
13,12,68,805,3.74,5,1,0,0.12,0.08
24,25,34,2433,4.21,5,0,1,0.04,0.09
5,39,26,2287,3.89,4,1,1,0.03,0.12
12,30,48,1373,3.58,11,0,1,0.15,0.09
27,30,48,2081,3.92,10,1,1,0.07,0.1
7,30,33,994,4.2,9,1,0,0.03,0.06
8,37,47,2185,3.67,5,1,2,0.14,0.15
29,21,66,2105,4.92,8,0,2,0.04,0.13
19,32,53,2037,4.48,9,1,2,0.14,0.2
25,14,45,2135,3.7,4,1,2,0.03,0.05
39,16,79,1395,4.72,7,0,1,0.13,0.04
18,18,54,1667,4.89,4,0,0,0.04,0.11
16,30,35,2846,3.89,10,1,1,0.14,0.05
21,27,20,2974,3.71,4,0,1,0.09,0.13
13,30,61,2361,3.98,11,1,1,0.04,0.06
39,17,34,1256,4.75,7,0,0,0.13,0.11
17,21,40,530,3.76,10,1,1,0.06,0.13
19,29,54,2879,4.67,8,0,0,0.11,0.1
22,11,76,2493,4.57,6,0,2,0.1,0.08
37,19,49,2599,4.48,7,1,1,0.11,0.16
10,28,55,742,4.15,4,1,0,0.06,0.17
31,18,63,1185,4.05,5,0,1,0.14,0.07
27,34,50,2135,3.63,7,0,2,0.09,0.17
31,33,47,1940,4.04,7,1,0,0.02,0.09
38,17,45,1998,4.4,6,0,2,0.02,0.11
18,33,53,1915,4.85,11,0,2,0.11,0.06
12,33,66,1912,4.75,10,1,0,0.13,0.13
39,33,75,1072,3.55,4,0,1,0.11,0.04
23,10,39,2491,3.71,5,0,0,0.05,0.13
34,15,19,1931,4.77,5,1,2,0.04,0.2
18,21,70,1712,4.91,6,1,0,0.09,0.16
24,34,72,2830,3.58,9,0,1,0.04,0.18
29,33,45,2159,4.55,5,0,0,0.06,0.1
28,28,63,1098,4.05,11,1,2,0.1,0.05
18,36,74,2695,4.05,11,1,1,0.05,0.07
30,26,13,569,4.46,8,1,1,0.06,0.03
27,11,64,1893,4.72,11,1,0,0.06,0.11
26,20,63,2149,3.91,7,1,0,0.07,0.14
23,27,73,2038,4.56,7,0,0,0.1,0.1
7,32,31,2781,4.45,11,0,2,0.12,0.12
23,37,34,966,4.28,5,0,1,0.1,0.08
13,31,68,1056,4.4,5,1,1,0.01,0.04
32,20,66,1393,3.53,5,1,1,0.14,0.1
24,27,63,1335,3.51,7,1,1,0.09,0.12
11,17,53,1810,4.33,5,0,1,0.14,0.2
18,24,61,1117,4.29,8,0,2,0.14,0.08
13,18,25,1817,3.61,8,1,1,0.08,0.14
23,24,25,2004,4.24,7,0,0,0.14,0.17
18,16,64,633,4.64,9,1,2,0.06,0.08
21,29,70,507,4.31,4,0,2,0.05,0.19
34,22,49,2575,4.28,10,0,1,0.02,0.08
13,22,30,1282,4.58,11,1,0,0.07,0.19
37,10,75,1833,3.76,4,1,0,0.11,0.02
29,29,17,1040,4.19,4,1,1,0.15,0.13
18,13,19,1557,3.72,8,1,2,0.08,0.16
15,33,66,2554,4.29,10,1,1,0.11,0.07
39,13,13,2587,4.39,6,0,2,0.14,0.04
18,13,52,1408,3.68,10,0,1,0.09,0.02
34,22,72,2609,3.61,4,0,0,0.03,0.03
8,11,52,1820,3.75,6,1,1,0.13,0.12
8,37,76,2926,4.38,7,1,0,0.09,0.17
32,35,60,821,3.78,10,1,1,0.12,0.03
12,32,65,1232,3.91,11,0,0,0.1,0.04
6,24,52,1918,4.55,8,1,0,0.02,0.02
26,13,33,1880,3.87,9,1,0,0.03,0.07
20,36,43,2966,4.1,11,0,0,0.05,0.19
33,15,68,1859,4.89,11,0,0,0.05,0.07
34,12,11,2567,4.74,11,1,1,0.13,0.1
16,16,11,2959,3.88,4,0,1,0.09,0.05
39,15,19,2414,4.4,11,0,1,0.02,0.04
15,12,32,1048,4.5,8,1,2,0.06,0.05
25,13,24,1782,4.85,7,0,0,0.09,0.06
74,3,227,10737,1.0281710188853614,18,5,7,0.6372287051154494,0.67169212810833
9,39,23,2222,4.34,5,1,0,0.02,0.16
24,30,25,2904,4.83,4,0,0,0.06,0.11
7,18,41,2748,3.58,8,0,1,0.07,0.12
37,39,32,2081,4.44,9,0,2,0.14,0.09
13,15,43,2778,4.12,8,1,0,0.14,0.06
13,38,25,2850,4.86,8,1,1,0.08,0.04
8,29,43,2934,4.94,7,0,2,0.08,0.03
39,36,42,1214,3.76,4,1,2,0.1,0.05
21,20,77,1424,3.92,11,0,0,0.05,0.17
38,16,52,557,3.91,9,0,0,0.05,0.06
28,27,73,933,3.65,4,1,1,0.01,0.08
36,13,27,2284,4.22,5,1,2,0.02,0.12
5,14,77,982,4.27,5,1,2,0.03,0.11
12,13,70,866,4.36,10,1,0,0.1,0.14
27,13,29,1388,4.49,8,0,1,0.04,0.05
16,36,20,2352,3.59,4,0,2,0.03,0.11
16,22,55,1854,4.43,11,0,0,0.1,0.16
19,25,73,2223,4.87,11,1,2,0.1,0.09
23,34,37,1758,4.18,10,1,2,0.02,0.19
71,2,164,11230,2.132306212916628,20,5,6,0.7523675500653628,0.5387698051701114
33,20,44,2730,3.63,4,1,1,0.09,0.14
26,38,17,2705,3.92,8,0,1,0.07,0.1
25,11,31,2560,4.63,6,0,1,0.15,0.17
24,31,33,2312,3.89,4,1,1,0.01,0.1
33,23,75,2302,4.72,8,1,2,0.09,0.19
8,33,73,1177,4.73,8,0,1,0.03,0.08
11,33,74,1117,4.19,10,1,0,0.06,0.18
32,36,23,2751,3.95,6,1,0,0.03,0.14
32,16,34,2849,4.4,5,0,0,0.1,0.16
8,35,12,1294,4.72,11,0,0,0.07,0.03
26,20,14,1228,3.6,9,0,0,0.15,0.07
16,13,74,2193,4.93,8,1,0,0.1,0.17
7,16,63,2385,4.47,4,1,2,0.14,0.08
26,38,28,1138,4.1,5,1,1,0.04,0.15
6,25,63,690,4.26,5,1,0,0.05,0.2
28,35,19,2301,4.08,5,1,0,0.06,0.05
38,15,25,1398,4.12,8,0,1,0.13,0.1
31,36,55,2496,4.39,4,0,1,0.04,0.05
5,15,38,2607,3.59,9,0,2,0.14,0.05
12,11,24,1989,3.76,6,0,0,0.02,0.13
27,33,57,1902,3.84,7,1,0,0.13,0.05
10,17,20,1952,4.11,7,0,0,0.07,0.11
26,39,43,2609,4.06,5,0,2,0.08,0.2
29,36,45,2443,4.58,10,0,1,0.15,0.08
92,2,200,10861,1.8883454251638137,21,3,5,0.4192991325509257,0.4802699239074322
21,36,28,1137,3.59,10,1,2,0.14,0.09
16,34,77,1498,3.58,11,1,0,0.09,0.07
73,2,286,7745,1.4104109884718645,16,3,8,0.44741315989420044,0.4582707005935584
30,23,42,2028,3.56,8,1,0,0.11,0.04
31,18,31,562,4.79,6,0,2,0.12,0.14
12,24,45,515,4.55,7,0,2,0.11,0.11
23,34,32,1341,4.99,10,0,1,0.12,0.13
5,31,72,1624,3.53,9,1,1,0.1,0.07
94,1,281,11852,1.6577893497343028,20,5,7,0.5606401960867327,0.7532075271552174
39,21,69,2496,4.54,6,1,0,0.07,0.05
94,1,274,7359,1.799210083923438,23,5,6,0.6238078462204556,0.48046274998473204
39,28,63,1990,4.03,9,1,1,0.05,0.03
24,22,47,2722,4.07,5,1,1,0.1,0.09
17,16,71,1757,4.77,11,0,1,0.08,0.13
12,34,34,2014,4.57,5,1,0,0.14,0.17
24,19,21,916,4.51,9,0,0,0.1,0.17
37,39,31,2056,3.55,11,0,0,0.09,0.11
30,19,18,950,3.78,6,1,0,0.05,0.18
25,11,38,2323,4.94,10,0,1,0.13,0.11
13,23,53,779,4.18,11,0,2,0.02,0.11
28,22,36,743,4.67,11,1,2,0.14,0.15
21,31,64,1174,4.08,6,1,1,0.1,0.18
28,38,14,2693,4.65,11,1,2,0.04,0.13
25,15,61,602,3.68,6,1,0,0.14,0.19
17,18,22,2857,3.56,6,0,0,0.06,0.06
15,22,51,616,4.2,4,0,0,0.03,0.19
23,18,24,1995,4.39,5,1,1,0.05,0.06
15,22,27,1262,3.99,7,1,0,0.14,0.11
17,14,59,2223,4.57,4,0,0,0.12,0.16
5,23,11,2734,4.24,6,0,0,0.14,0.16
23,14,22,1284,4.89,7,1,2,0.05,0.07
16,18,77,1992,3.63,5,1,1,0.02,0.2
12,17,56,1206,3.6,6,1,1,0.09,0.03
12,16,59,1295,4.86,8,1,1,0.08,0.03
16,17,21,972,4.5,6,1,2,0.11,0.17
37,31,22,1181,4.51,7,1,0,0.09,0.17
30,12,18,593,3.54,5,1,1,0.07,0.15
32,32,68,1235,4.91,10,0,1,0.01,0.17
9,33,54,2541,4.66,11,0,0,0.08,0.04
89,4,219,7911,1.282767421219568,23,5,9,0.6523663411060951,0.5349073550800781
29,17,52,2658,4.87,6,0,2,0.14,0.19
31,10,32,2413,4.37,5,0,1,0.14,0.13
27,16,54,2957,4.09,11,0,1,0.12,0.19
34,28,32,2089,4.22,4,1,1,0.03,0.18
27,11,43,2944,4.67,8,1,2,0.03,0.14
24,23,25,1650,4.65,9,1,1,0.09,0.13
22,27,72,2513,4.41,9,1,1,0.11,0.08
22,39,60,541,3.83,4,1,1,0.14,0.05
6,24,41,540,4.73,9,0,2,0.14,0.14
8,23,47,2010,4.47,8,0,1,0.03,0.17
34,33,65,2194,3.83,10,0,1,0.15,0.12
37,34,78,2946,4.22,4,0,2,0.03,0.03
22,28,26,2729,5.0,5,0,1,0.13,0.05
23,39,48,1243,3.99,10,0,0,0.09,0.04
32,28,50,1573,3.67,5,0,2,0.1,0.14
24,31,57,1931,3.53,4,0,0,0.09,0.12
37,36,37,797,3.78,10,1,0,0.13,0.1
16,35,59,2692,3.78,7,0,1,0.1,0.12
19,26,10,515,4.79,4,1,1,0.13,0.07
6,31,59,1575,3.73,6,1,1,0.03,0.16
33,37,28,606,4.79,7,1,2,0.13,0.08
14,28,68,718,3.63,5,0,2,0.15,0.14
6,36,77,2884,4.86,4,0,2,0.1,0.09
15,25,76,870,3.88,10,0,0,0.15,0.03
17,29,50,753,4.42,7,0,2,0.04,0.07
96,2,298,9003,1.0222152864363216,18,3,8,0.4539798285096398,0.5520229603336186
18,28,37,2508,4.09,6,0,1,0.03,0.05
22,10,43,2222,3.63,8,1,0,0.08,0.04
13,28,48,2732,4.37,5,0,2,0.1,0.07
32,16,65,1812,4.02,7,0,1,0.1,0.18
7,38,61,1484,4.78,9,0,1,0.1,0.08
24,32,12,849,3.77,7,0,2,0.05,0.1
10,20,32,2607,3.92,10,0,0,0.15,0.08
31,14,26,1978,3.77,11,0,0,0.01,0.2
93,3,161,9665,1.277648294477025,21,4,7,0.7078950772684797,0.5049286010502685
33,26,27,810,3.67,9,0,2,0.13,0.11
7,20,55,1614,3.78,7,0,2,0.13,0.16
20,33,79,1821,4.52,4,0,0,0.11,0.06
91,4,163,11881,2.336199979739833,17,3,6,0.7113616805977068,0.6015073409964073
6,17,18,1466,4.61,5,1,1,0.07,0.14
21,19,44,1194,3.66,4,1,1,0.07,0.07
16,21,69,1409,4.38,4,1,0,0.07,0.06
39,19,72,770,5.0,9,0,1,0.11,0.19
5,22,61,2040,3.76,9,0,0,0.11,0.06
19,35,57,1624,3.89,9,0,1,0.08,0.03
30,27,70,1911,4.85,10,1,2,0.11,0.16
25,19,33,1809,4.44,11,0,0,0.08,0.06
35,28,67,2253,4.24,4,0,1,0.02,0.1
76,1,183,10154,1.7811169984420847,17,4,6,0.42885590297115234,0.7164219319566449
27,26,39,2321,3.94,10,0,1,0.13,0.03
28,29,38,1503,4.78,6,1,1,0.05,0.1
32,25,19,739,4.62,7,0,2,0.12,0.08
25,14,48,2139,4.46,6,1,2,0.08,0.11
22,12,64,860,4.9,5,0,0,0.03,0.19
39,39,37,1233,4.37,4,1,1,0.07,0.09
13,36,27,1351,4.27,7,1,2,0.02,0.13
34,24,50,1359,4.96,11,1,1,0.12,0.04
38,35,74,1200,3.81,9,1,2,0.04,0.18
36,11,55,1850,3.71,8,1,0,0.03,0.17
7,22,69,1322,3.74,10,0,2,0.04,0.11
7,31,18,2134,4.98,7,0,1,0.04,0.05
32,17,54,596,4.48,8,0,1,0.1,0.1
19,32,69,826,3.96,7,1,0,0.1,0.07
27,36,37,2620,3.87,4,1,0,0.03,0.2
15,39,12,1493,3.58,8,0,2,0.11,0.11
36,26,60,1779,3.7,8,1,2,0.06,0.1
37,13,17,2266,4.86,5,0,1,0.07,0.05
28,28,79,1493,4.62,7,0,2,0.03,0.06
38,31,68,832,4.91,6,1,0,0.11,0.15
32,34,70,1680,4.14,9,0,2,0.06,0.12
11,18,67,2464,4.4,6,1,0,0.1,0.08
8,32,79,598,4.23,5,1,1,0.07,0.07
5,24,21,743,4.82,5,1,2,0.02,0.06
5,37,18,2000,4.99,5,0,0,0.11,0.03
24,18,58,1964,4.9,4,0,2,0.09,0.2
23,33,26,1898,4.4,11,1,0,0.07,0.16
33,30,63,866,3.59,4,0,0,0.04,0.19
14,18,53,1981,4.43,4,1,0,0.1,0.09
22,23,41,2660,3.65,4,0,2,0.05,0.18
32,32,44,1547,3.71,5,1,0,0.07,0.07
39,30,58,782,3.79,5,1,2,0.02,0.11
35,25,63,1815,4.05,10,0,0,0.12,0.06
31,33,25,1886,4.39,11,0,0,0.02,0.16
15,32,21,2948,4.0,4,1,2,0.13,0.11
9,34,17,2237,4.18,4,0,2,0.13,0.12
12,35,30,921,3.57,8,1,2,0.15,0.17
38,26,57,1766,4.43,11,0,1,0.14,0.15
16,22,17,1877,4.49,7,0,1,0.15,0.19
5,18,37,1911,3.65,11,1,1,0.13,0.09
35,24,19,974,4.68,8,0,0,0.03,0.1
8,16,61,2952,4.47,7,0,0,0.07,0.13
9,10,24,2583,4.23,4,0,0,0.02,0.1
34,10,13,857,4.33,4,0,2,0.09,0.1
28,14,71,1057,4.25,11,0,1,0.08,0.08
7,33,13,1850,3.58,9,0,0,0.14,0.17
15,18,50,1567,4.6,4,1,2,0.15,0.12
8,21,64,2867,4.27,8,0,1,0.05,0.13
30,15,37,1237,3.76,5,0,1,0.09,0.06
31,37,56,524,4.52,7,1,2,0.08,0.07
31,22,18,1139,4.54,10,0,0,0.09,0.08
10,35,11,2074,3.82,9,1,1,0.08,0.1
19,37,76,1708,4.69,11,0,0,0.14,0.03
73,3,253,9952,2.0138578595328456,20,3,6,0.48632364292688973,0.4037943328727869
39,24,78,1917,3.77,9,0,0,0.03,0.18
27,15,37,685,4.49,4,1,0,0.06,0.14
10,36,23,1804,4.4,5,0,0,0.12,0.08
8,15,55,1500,3.76,10,1,0,0.11,0.09
22,13,22,1818,4.81,8,0,0,0.1,0.15
13,20,25,1027,4.78,7,0,2,0.15,0.07
33,30,49,1183,4.75,9,1,0,0.06,0.13
17,39,39,2733,4.1,9,0,0,0.08,0.18
21,27,74,2067,4.74,9,1,1,0.15,0.09
36,12,67,1074,4.77,4,0,1,0.11,0.13
26,12,57,2534,4.99,7,1,0,0.1,0.19
8,39,58,2384,4.94,9,1,1,0.03,0.08
9,21,11,1824,4.07,4,1,2,0.04,0.16
17,36,23,808,3.8,4,0,2,0.06,0.16
38,30,26,1712,3.94,6,1,2,0.08,0.19
26,39,40,2341,4.24,7,1,1,0.08,0.17
27,30,19,1934,4.71,10,0,2,0.14,0.15
7,15,79,1037,4.58,5,1,2,0.03,0.13
38,30,46,1357,4.68,4,0,1,0.04,0.06
36,37,73,2074,4.07,5,1,0,0.03,0.14
25,15,39,692,3.87,8,1,0,0.11,0.07
25,17,43,1686,3.54,4,1,0,0.15,0.1
15,24,27,552,4.44,11,1,1,0.14,0.15
8,27,72,974,4.69,9,1,0,0.11,0.14
5,29,58,673,4.83,11,1,2,0.01,0.09
86,4,161,7622,1.1285213602235173,23,4,8,0.7151572190545352,0.5342608004547177
28,25,67,2313,4.89,9,0,2,0.13,0.11
39,15,36,1199,3.8,4,0,0,0.1,0.07
17,37,64,2937,4.27,9,0,0,0.04,0.07
38,30,28,956,3.82,5,0,0,0.08,0.08
15,26,32,1854,3.78,6,0,1,0.02,0.15
21,18,56,2018,4.93,10,1,0,0.08,0.11
39,28,75,2669,4.73,7,1,2,0.14,0.09
22,27,60,2965,3.52,4,1,2,0.02,0.18
26,34,37,658,3.9,7,0,0,0.1,0.15
28,32,66,2337,3.81,9,0,1,0.04,0.11
23,14,67,1015,3.72,7,1,0,0.15,0.1
25,37,24,1525,4.55,9,1,0,0.02,0.17
12,15,25,1158,4.35,11,0,2,0.1,0.05
32,21,56,1177,4.18,7,0,1,0.05,0.14
9,20,72,814,3.78,9,1,2,0.13,0.02
21,25,21,2875,3.92,5,0,1,0.03,0.02
23,29,52,775,4.03,11,0,0,0.07,0.19
31,26,38,951,4.68,9,0,2,0.04,0.11
38,29,58,2088,4.98,7,1,0,0.12,0.08
15,18,12,985,3.78,8,0,0,0.06,0.16
16,10,78,1630,4.01,10,1,2,0.04,0.2
25,35,69,1066,3.92,9,1,0,0.11,0.03
86,1,170,10406,1.0253986720186052,19,3,9,0.7772163945244575,0.6873401644600061
32,30,35,1388,3.83,11,1,0,0.07,0.17
9,32,78,2711,4.85,5,1,1,0.06,0.12
21,18,56,500,4.76,8,1,0,0.1,0.18
24,31,51,2684,3.75,6,1,1,0.1,0.15
16,28,40,650,4.05,6,1,2,0.1,0.1
10,22,31,2267,3.97,9,1,0,0.05,0.05
21,32,26,2010,3.72,4,0,2,0.14,0.09
23,23,29,1748,4.43,6,0,2,0.04,0.16
30,29,17,1628,4.34,10,0,1,0.06,0.06
36,28,58,1498,4.14,4,1,0,0.05,0.15
10,39,47,1197,4.78,10,0,2,0.14,0.06
15,32,62,1588,4.43,7,0,0,0.13,0.1
37,36,37,2880,3.89,4,1,1,0.12,0.04
28,36,38,2919,4.06,6,1,2,0.01,0.1
27,16,20,1730,3.73,4,0,1,0.11,0.13
19,13,56,1185,4.39,5,0,2,0.04,0.12
31,21,54,1427,4.38,10,0,1,0.15,0.09
15,32,27,2342,4.81,6,1,0,0.08,0.09
21,36,59,2232,4.78,11,0,2,0.09,0.07
18,23,58,1239,4.76,11,0,2,0.06,0.16
31,11,31,770,4.32,10,1,0,0.09,0.16
22,10,54,2472,4.48,4,1,2,0.11,0.11
32,37,70,1210,4.66,6,1,1,0.09,0.09
8,27,30,824,3.64,11,0,2,0.1,0.13
11,29,70,1489,3.95,11,1,2,0.08,0.12
39,17,45,2050,3.75,10,1,2,0.11,0.14
13,12,33,1297,4.27,8,1,1,0.14,0.08
12,35,41,2369,4.76,6,1,0,0.02,0.16
21,15,68,1592,3.85,10,1,1,0.03,0.08
21,31,14,711,4.6,8,0,1,0.11,0.1
37,22,25,2081,4.11,4,0,2,0.06,0.04
36,18,20,1943,4.85,8,0,2,0.05,0.17
12,18,44,547,4.44,6,0,0,0.04,0.14
23,29,51,730,4.96,5,0,2,0.09,0.06
7,18,19,1078,3.87,8,1,1,0.06,0.17
9,24,17,1612,4.89,6,0,2,0.08,0.15
17,22,35,2254,4.04,5,1,2,0.14,0.1
35,31,12,2599,4.43,7,0,0,0.12,0.2
20,25,68,921,3.76,9,0,1,0.12,0.08
36,11,12,1110,4.64,8,0,1,0.03,0.04
26,35,47,945,4.97,8,1,0,0.06,0.15
33,23,11,1460,4.68,4,0,1,0.02,0.16
26,36,26,630,4.42,7,1,1,0.15,0.03
7,15,45,2171,4.17,4,0,2,0.11,0.17
14,11,11,2921,4.02,4,1,0,0.01,0.16
25,17,43,2934,4.13,6,0,0,0.08,0.19
20,13,36,835,3.99,10,1,2,0.05,0.04
16,30,46,1640,4.75,11,1,0,0.09,0.13
6,33,31,1524,4.84,4,0,0,0.04,0.06
28,23,77,2152,4.92,10,0,2,0.02,0.09
39,20,23,1037,4.13,8,0,2,0.06,0.07
34,33,32,995,4.32,4,0,1,0.05,0.1
34,37,53,1007,4.37,5,0,1,0.11,0.04
39,23,74,1180,4.48,8,1,2,0.08,0.07
23,21,70,1280,3.5,9,0,0,0.05,0.03
12,25,64,1259,4.76,6,0,2,0.09,0.11
30,15,59,627,3.9,4,0,2,0.02,0.07
11,29,21,1792,4.21,5,0,2,0.1,0.13
34,10,24,2693,4.76,9,1,1,0.03,0.1
11,21,26,1465,5.0,10,1,2,0.05,0.06
7,16,43,1059,4.69,5,1,0,0.05,0.04
5,17,44,1722,3.54,8,1,2,0.08,0.16
29,18,48,1423,4.05,4,1,2,0.14,0.13
5,11,64,2127,3.87,5,1,2,0.06,0.03
19,26,68,2950,4.95,4,1,1,0.05,0.2
17,29,14,2889,3.9,8,1,0,0.03,0.14
12,22,39,1571,4.92,7,0,0,0.06,0.06
9,14,13,1040,4.91,5,0,1,0.04,0.17
13,19,24,1699,4.76,6,0,1,0.03,0.18
5,21,44,1010,3.65,10,1,1,0.13,0.12
39,26,64,2566,3.5,4,1,0,0.02,0.18
6,30,75,854,4.69,9,0,0,0.11,0.03
27,15,69,844,4.76,8,0,2,0.04,0.19
13,12,33,1583,4.94,8,0,0,0.01,0.03
38,37,31,2290,3.83,9,1,1,0.12,0.14
18,24,53,2776,4.6,6,1,0,0.11,0.08
8,16,41,646,4.28,11,1,0,0.06,0.03
34,39,60,2879,3.99,7,1,0,0.02,0.19
35,15,12,2980,4.41,4,1,0,0.06,0.04
15,13,79,898,4.32,7,0,2,0.04,0.17
39,28,41,2223,3.94,10,1,1,0.14,0.08
12,14,11,1934,3.9,8,1,0,0.08,0.15
7,12,68,1086,4.23,5,1,1,0.14,0.07
18,35,23,1794,4.21,7,1,1,0.06,0.13
17,34,60,2893,3.95,5,0,0,0.09,0.16
36,18,20,2042,3.9,6,1,2,0.04,0.12
38,15,19,2304,4.93,8,0,2,0.12,0.08
23,22,67,2535,4.79,5,0,2,0.02,0.06
20,36,43,1927,4.73,4,0,0,0.11,0.05
6,31,62,1237,3.82,11,1,0,0.06,0.17
21,37,37,2277,3.78,8,0,0,0.09,0.13
38,39,27,879,4.71,6,0,0,0.09,0.11
20,29,35,2968,3.78,4,1,0,0.11,0.06
6,13,16,1703,4.26,8,0,1,0.04,0.1
6,11,54,2161,3.83,7,1,1,0.08,0.13
30,35,54,1806,4.07,10,0,0,0.07,0.03
17,13,44,2965,4.78,9,0,2,0.05,0.08
35,17,61,855,4.84,8,1,1,0.08,0.06
38,22,30,515,5.0,4,1,0,0.14,0.14
7,19,37,814,4.92,5,1,0,0.14,0.13
12,27,53,1539,4.51,10,1,1,0.05,0.07
27,18,65,1986,4.15,5,0,1,0.13,0.03
18,39,19,1193,3.59,8,0,0,0.13,0.05
31,10,32,568,4.41,8,0,2,0.04,0.05
33,22,57,910,3.82,6,1,0,0.09,0.12
5,27,61,1418,4.78,7,1,1,0.13,0.05
21,24,24,1239,4.32,6,1,1,0.08,0.11
34,11,64,1990,4.6,9,0,0,0.06,0.13
17,20,52,2986,4.51,6,0,1,0.1,0.18
25,38,59,772,4.02,5,1,0,0.03,0.06
23,23,15,958,4.64,11,0,2,0.03,0.05
23,31,42,1319,4.77,11,1,2,0.13,0.05
29,24,71,1696,4.62,5,1,0,0.02,0.08
26,23,64,1360,4.67,4,1,1,0.12,0.14
35,25,48,2473,4.04,9,0,1,0.05,0.14
21,32,21,2044,4.92,9,0,2,0.08,0.06
27,38,40,1294,4.14,6,0,1,0.09,0.04
36,24,62,1304,4.85,11,1,1,0.12,0.1
14,28,43,1595,4.79,10,0,0,0.13,0.05
14,36,50,2390,3.69,4,0,2,0.12,0.17
12,18,19,1339,4.95,8,1,2,0.09,0.04
24,14,61,1102,4.99,4,0,0,0.06,0.16
36,14,66,1932,4.41,5,0,0,0.08,0.03
18,20,12,2333,4.67,6,1,2,0.01,0.17
32,37,66,866,4.9,5,0,2,0.04,0.13
28,29,42,755,3.53,8,0,0,0.06,0.08
19,34,16,2987,4.89,7,1,2,0.05,0.09
26,33,13,1858,4.44,10,0,2,0.02,0.14
34,37,48,2982,4.74,9,0,1,0.02,0.05
8,13,57,1189,4.31,6,1,2,0.07,0.18
17,29,25,807,4.3,5,0,0,0.02,0.11
27,27,47,2535,4.85,11,0,1,0.05,0.16
12,34,13,2196,4.26,7,0,1,0.08,0.11
22,12,13,908,4.21,8,0,2,0.04,0.1
16,13,36,1325,4.41,7,0,1,0.02,0.1
35,23,26,1691,4.28,5,0,0,0.07,0.09
18,16,79,2634,4.17,5,1,0,0.07,0.15
74,3,243,11142,1.010256695491097,21,3,5,0.7512166540244307,0.6520115059223576
22,17,17,2919,4.1,8,0,2,0.03,0.17
38,33,62,2051,3.92,7,0,0,0.1,0.04
15,25,14,597,4.1,7,0,0,0.05,0.16
16,29,78,2274,4.39,9,1,2,0.03,0.06
19,24,56,2045,4.41,9,0,0,0.07,0.02
35,16,49,820,3.86,5,1,2,0.07,0.07
33,35,16,1033,3.63,8,0,1,0.06,0.07
30,26,21,2914,4.62,4,1,1,0.12,0.17
22,31,34,1707,4.29,8,0,2,0.13,0.15
36,31,37,916,4.16,6,1,2,0.03,0.04
26,31,52,1737,3.69,6,0,2,0.03,0.08
21,21,56,1347,4.12,8,1,0,0.07,0.07
27,27,58,1169,4.73,7,0,2,0.05,0.13
28,33,63,2443,4.37,6,0,2,0.12,0.12
12,23,27,2680,3.64,11,0,1,0.15,0.14
10,24,36,2600,4.0,10,0,2,0.04,0.18
9,24,15,1240,4.97,9,1,2,0.12,0.1
33,14,78,522,4.32,5,0,1,0.1,0.14
32,25,31,2154,3.93,5,1,0,0.1,0.19
15,14,68,959,4.87,11,1,2,0.05,0.12
5,11,56,1149,4.0,10,1,2,0.02,0.08
23,29,77,981,4.59,10,0,2,0.09,0.09
13,37,41,619,3.72,11,0,2,0.1,0.16
31,34,10,1172,3.73,5,1,1,0.14,0.15
38,18,63,2755,4.34,11,0,1,0.1,0.15
8,31,55,2384,3.86,9,1,1,0.07,0.15
22,36,50,817,3.57,8,1,2,0.15,0.19
19,18,50,2885,4.89,6,1,0,0.06,0.16
17,13,17,2702,3.58,7,1,2,0.03,0.17
23,24,41,1367,4.58,11,1,2,0.1,0.12
10,20,39,893,4.0,9,0,0,0.05,0.14
16,10,55,1470,4.9,11,1,2,0.14,0.19
21,27,61,812,4.98,9,0,1,0.07,0.18
27,38,70,1782,4.0,5,1,1,0.03,0.16
30,10,22,2561,4.39,10,0,0,0.03,0.14
33,17,49,576,4.66,9,1,1,0.1,0.08
37,34,70,908,3.69,9,0,0,0.06,0.12
31,25,53,2941,4.56,7,0,0,0.06,0.03
29,35,71,2767,4.86,11,0,2,0.1,0.09
14,37,53,1243,3.77,9,1,1,0.04,0.04
27,31,57,932,4.76,5,1,0,0.03,0.15
25,27,68,1978,3.67,9,1,2,0.1,0.18
25,31,66,2177,4.35,8,0,0,0.01,0.05
17,18,20,2331,4.01,5,0,1,0.14,0.06
37,21,34,1487,4.21,8,0,1,0.04,0.17
28,28,70,2021,3.95,11,1,2,0.07,0.13
15,34,55,2053,3.89,10,1,0,0.04,0.13
21,27,63,1254,4.61,6,1,1,0.04,0.12
8,36,43,1175,3.83,10,1,1,0.13,0.06
29,14,16,1331,4.11,10,1,1,0.09,0.06
34,36,71,1619,3.91,11,1,1,0.05,0.19
13,11,66,527,3.86,6,1,1,0.05,0.15
25,16,14,1753,4.44,7,1,0,0.04,0.04
24,36,44,915,3.57,11,1,0,0.09,0.06
23,19,46,2572,4.68,9,0,2,0.11,0.13
23,24,69,2210,4.32,5,0,1,0.05,0.07
16,34,74,1041,4.74,6,1,2,0.06,0.07
21,16,25,664,3.82,9,1,0,0.11,0.06
32,37,39,2755,4.56,4,0,0,0.11,0.05
39,14,51,1484,4.13,4,1,2,0.04,0.13
22,24,70,872,3.62,7,0,0,0.06,0.18
18,29,57,1117,4.63,9,0,1,0.13,0.09
39,37,71,568,4.64,10,0,1,0.11,0.04
11,29,73,2043,3.91,6,0,0,0.03,0.04
17,24,66,2158,4.87,8,1,1,0.06,0.19
22,19,77,600,4.65,9,1,2,0.15,0.12
17,33,55,500,3.96,4,1,0,0.08,0.1
35,35,37,2898,3.86,9,1,2,0.11,0.18
6,38,12,2554,4.16,6,1,0,0.02,0.11
20,35,46,817,3.94,8,1,1,0.13,0.11
13,23,57,2378,3.83,5,1,1,0.09,0.19
13,35,28,685,4.1,10,0,1,0.03,0.11
15,35,26,1227,3.54,9,0,1,0.06,0.09
26,19,49,842,4.1,6,0,2,0.02,0.12
37,26,59,1212,3.83,11,1,2,0.12,0.2
27,30,38,635,3.9,11,0,0,0.11,0.19
38,23,60,2422,3.62,5,1,1,0.08,0.16
13,11,51,882,4.38,4,1,1,0.07,0.11
28,25,38,685,4.21,5,1,2,0.07,0.18
12,22,75,1427,4.63,11,0,1,0.02,0.1
11,36,26,1463,4.98,4,0,1,0.06,0.14
22,18,40,1060,3.68,7,1,1,0.03,0.05
7,16,61,1689,3.91,7,0,2,0.04,0.14
32,25,48,1397,4.52,4,0,2,0.14,0.07
10,19,69,2428,3.86,8,0,1,0.05,0.16
25,33,60,2337,3.55,7,0,2,0.08,0.09
32,31,25,2868,3.66,10,1,1,0.13,0.09
5,18,23,2212,4.15,8,1,0,0.07,0.15
25,31,51,2238,4.15,11,0,1,0.08,0.1
65,3,264,8838,1.0931676259397913,20,5,5,0.476332002397528,0.5959003489159924
17,16,33,1357,4.2,8,1,0,0.05,0.17
14,25,52,784,4.52,11,1,1,0.08,0.04
14,18,28,2898,4.24,6,1,1,0.06,0.11
17,36,70,2630,3.9,9,1,0,0.02,0.19
28,33,72,2147,3.66,11,1,1,0.07,0.17
6,38,35,1165,4.79,10,0,0,0.12,0.2
26,26,44,1893,3.73,11,1,0,0.03,0.17
21,29,76,2524,3.65,6,1,1,0.01,0.08
18,16,65,2760,3.82,9,0,1,0.03,0.05
14,20,49,1429,3.5,9,0,1,0.11,0.06
39,17,38,2907,3.61,8,0,0,0.12,0.06
29,16,15,713,4.45,4,1,0,0.02,0.03
7,37,61,803,3.87,9,0,2,0.13,0.18
21,28,10,1903,4.01,7,1,0,0.1,0.11
16,29,61,699,4.75,5,1,2,0.08,0.04
65,1,212,8152,1.6740292934831855,19,5,7,0.45068067105485937,0.6350843456255247
33,16,43,1170,4.24,6,0,1,0.06,0.08
29,17,16,2228,4.42,10,1,1,0.14,0.03
30,16,20,1749,3.63,5,0,1,0.14,0.05
5,15,45,1378,4.64,8,1,2,0.1,0.14
24,34,29,750,4.27,10,1,1,0.09,0.16
32,18,72,997,4.36,10,0,0,0.04,0.07
20,36,72,2487,4.5,9,1,1,0.14,0.12
21,22,78,1477,4.25,10,1,1,0.12,0.02
32,16,39,1283,4.28,5,1,0,0.06,0.07
16,17,39,2976,4.25,8,1,2,0.12,0.05
31,31,31,1038,4.25,10,0,1,0.04,0.03
34,26,70,1400,4.63,6,1,2,0.04,0.11
38,26,30,1966,4.14,10,0,2,0.12,0.13
10,25,46,709,3.5,5,1,1,0.09,0.03
11,31,36,2233,4.42,9,1,0,0.09,0.04
36,11,44,990,4.93,11,0,2,0.09,0.19
36,39,47,2209,3.89,4,0,0,0.03,0.06
29,17,69,2253,4.72,7,1,2,0.06,0.16
37,26,79,2418,4.18,7,0,1,0.09,0.15
11,22,41,2534,4.46,7,0,0,0.04,0.08
16,27,36,2429,4.84,5,1,0,0.08,0.06
20,33,12,1986,4.66,10,1,2,0.09,0.06
79,3,276,8735,2.3909205516499195,19,4,8,0.4503374971251152,0.6131814218385152
17,31,39,2000,3.51,9,0,1,0.04,0.09
11,37,31,697,3.78,11,0,0,0.07,0.11
13,19,28,2467,4.14,8,0,0,0.15,0.17
36,11,40,1020,4.77,9,1,2,0.04,0.11
15,11,29,2022,4.76,11,1,0,0.12,0.2
12,36,28,2034,3.78,9,1,0,0.03,0.14
37,23,11,2213,3.71,10,1,1,0.13,0.06
27,25,49,1848,4.75,10,1,0,0.08,0.11
29,16,48,1187,4.31,6,1,1,0.15,0.17
12,30,63,966,4.44,7,0,0,0.03,0.06
26,30,36,1095,4.71,5,0,0,0.11,0.15
8,33,21,638,3.82,7,1,1,0.11,0.03
73,2,241,11989,1.1411512417259142,23,3,7,0.6636790175967979,0.7270106540263981
33,37,19,741,4.79,8,1,0,0.02,0.14
33,32,28,2863,3.67,10,0,2,0.05,0.05
38,37,39,1232,3.63,4,0,2,0.06,0.18
38,23,39,634,3.92,10,0,0,0.06,0.03
32,34,34,2986,3.98,4,0,1,0.1,0.09
17,13,75,2624,3.86,11,0,2,0.02,0.15
19,35,44,2947,4.61,10,1,0,0.11,0.19
27,13,60,2921,4.96,11,1,2,0.08,0.08
30,27,36,2010,3.8,11,1,0,0.03,0.17
8,12,19,2318,4.67,9,0,1,0.04,0.06
30,10,52,1257,3.57,6,0,2,0.02,0.03
13,26,64,916,3.68,4,0,2,0.07,0.03
9,16,15,706,4.27,4,0,0,0.09,0.14
36,39,15,2888,5.0,10,0,1,0.09,0.05
24,25,57,2143,4.92,5,1,1,0.14,0.03
15,39,11,810,3.67,10,1,1,0.05,0.2
19,14,60,1831,3.86,11,0,0,0.12,0.06
36,28,70,1899,4.92,5,1,1,0.11,0.1
32,16,28,2050,3.73,11,0,1,0.02,0.13
26,23,11,582,4.61,6,0,0,0.14,0.05
21,11,60,2100,3.5,9,0,1,0.14,0.08
30,12,35,1975,4.45,10,0,1,0.07,0.14
11,26,79,1526,4.24,6,0,2,0.07,0.14
30,25,29,1979,4.21,9,1,1,0.12,0.17
29,17,32,2783,4.74,5,1,2,0.08,0.1
14,27,63,2936,3.62,10,1,2,0.12,0.18
23,24,24,2940,4.07,4,1,2,0.02,0.14
15,16,15,2164,4.17,9,0,2,0.05,0.12
17,36,44,2282,3.69,8,1,1,0.02,0.04
12,18,17,2577,3.63,4,0,2,0.07,0.12
8,15,66,2106,3.77,4,0,2,0.13,0.13
85,3,163,8229,1.2711907809228327,21,5,8,0.711348360911696,0.6794353952409893
32,27,58,1104,4.95,11,1,1,0.08,0.15
15,34,30,2830,4.21,6,0,0,0.06,0.12
5,35,45,737,4.27,5,1,2,0.02,0.13
28,33,78,1230,4.56,6,0,2,0.12,0.16
35,23,67,1842,4.53,6,0,0,0.09,0.08
30,23,72,2494,4.25,10,0,1,0.14,0.04
9,23,25,1860,4.01,10,1,2,0.07,0.18
24,34,15,2578,4.0,6,0,1,0.07,0.19
15,13,61,1477,3.59,5,1,2,0.15,0.1
37,13,11,1414,4.85,6,1,1,0.03,0.2
95,3,291,11337,1.1746984015127553,22,3,6,0.4671327754288373,0.6770170671243556
38,24,44,2128,4.44,6,0,2,0.08,0.03
19,27,48,2754,4.09,7,1,2,0.08,0.12
36,23,10,2481,4.37,4,1,1,0.09,0.18
25,35,46,1082,4.23,11,0,2,0.04,0.13
9,10,30,959,3.91,10,1,0,0.14,0.02
10,19,10,635,3.95,7,0,1,0.11,0.02
26,38,13,2476,4.81,5,0,0,0.05,0.15
22,29,67,1477,4.45,9,0,2,0.05,0.17
18,19,10,783,3.5,9,0,0,0.13,0.07
14,19,22,2898,3.99,8,0,0,0.06,0.1
17,36,55,516,4.01,9,1,1,0.09,0.19
35,33,56,1738,4.56,8,0,0,0.03,0.1
34,11,16,1922,4.55,9,1,2,0.05,0.04
7,38,60,2961,4.2,7,0,1,0.07,0.18
34,37,12,1767,4.93,7,0,2,0.1,0.11
10,36,59,2553,4.81,11,1,2,0.05,0.08
33,17,35,1279,4.8,7,1,0,0.14,0.04
12,10,40,2634,4.02,4,1,2,0.04,0.1
37,10,71,2736,4.15,5,0,0,0.12,0.16
21,13,35,2139,4.13,10,1,1,0.06,0.15
15,16,76,919,4.16,11,1,1,0.13,0.11
17,18,64,2326,4.83,9,1,0,0.14,0.15
15,25,37,2795,3.87,9,1,1,0.04,0.08
35,14,53,1359,4.7,9,1,1,0.08,0.15
32,11,47,706,4.27,6,0,1,0.03,0.04
10,37,39,2971,3.87,7,1,1,0.11,0.06
20,32,75,2680,4.29,4,0,0,0.13,0.18
8,20,17,2540,3.79,8,0,0,0.06,0.07
39,27,23,614,3.66,10,1,2,0.07,0.06
30,34,71,2924,4.76,10,1,2,0.04,0.04
16,34,72,710,4.55,8,0,1,0.05,0.09
15,28,75,631,3.81,8,0,0,0.06,0.03
29,22,49,1897,4.91,7,1,0,0.03,0.11
22,33,22,653,3.54,8,0,0,0.05,0.19
23,20,26,1419,4.0,8,0,2,0.14,0.16
27,29,24,1946,3.53,8,0,1,0.06,0.03
22,28,42,1451,3.71,6,0,0,0.05,0.07
30,26,25,1889,3.77,8,0,2,0.06,0.05
10,14,22,2217,4.72,4,1,0,0.14,0.03
8,22,32,646,4.99,7,0,0,0.12,0.04
33,39,45,2317,4.8,9,0,2,0.04,0.18
38,36,52,1214,4.45,6,1,2,0.12,0.08
21,29,59,2096,4.58,6,1,0,0.12,0.09
20,10,22,2778,4.28,7,0,1,0.14,0.11
6,19,39,2998,4.13,8,0,1,0.13,0.15
38,17,66,2023,4.54,9,0,2,0.02,0.16
12,33,39,1406,4.96,11,1,0,0.07,0.19
17,38,19,2146,3.54,9,0,2,0.11,0.06
12,17,75,2224,3.97,8,0,0,0.15,0.07
34,28,48,2530,4.0,5,0,0,0.02,0.08
36,15,46,2654,4.12,11,1,0,0.06,0.1
34,21,12,2640,4.44,8,1,2,0.08,0.17
5,37,43,2159,4.27,10,1,2,0.07,0.06
90,2,184,10379,1.4633752944270475,20,4,7,0.43776933060503365,0.554600858273229
24,25,23,2687,4.12,4,1,2,0.06,0.06
28,18,73,1837,4.43,8,0,1,0.15,0.15
26,30,48,510,4.26,7,1,0,0.12,0.16
33,34,63,2995,4.81,8,1,2,0.11,0.17
26,31,11,2942,4.1,7,0,0,0.07,0.11
13,19,52,2028,3.52,6,0,1,0.13,0.08
14,19,62,877,3.93,5,0,2,0.02,0.16
32,19,12,860,3.7,6,0,1,0.03,0.08
32,29,50,2071,3.88,7,0,2,0.14,0.05
25,38,17,1141,4.04,10,0,0,0.09,0.17
28,25,72,1072,4.51,5,1,1,0.03,0.09
6,10,74,2455,3.99,6,1,1,0.14,0.12
12,26,13,2084,4.83,8,1,2,0.15,0.19
31,39,77,1422,3.95,9,0,0,0.13,0.04
26,35,19,2943,3.71,10,0,0,0.04,0.12
31,30,59,2733,3.75,9,1,0,0.05,0.12
87,2,237,7702,1.334404208126088,22,3,5,0.685015916698704,0.4728667193500176
7,23,70,2314,4.18,8,0,2,0.09,0.08
17,28,56,2918,4.1,11,1,1,0.15,0.09
14,30,12,2389,3.6,10,0,2,0.14,0.11
13,30,26,2399,4.6,5,0,0,0.14,0.05
31,26,31,1727,4.54,6,0,1,0.02,0.1
38,23,25,2829,4.06,11,0,1,0.12,0.1
5,17,12,1939,4.54,4,1,0,0.13,0.06
36,30,61,1556,4.05,4,1,2,0.06,0.17
29,30,42,2629,3.61,11,1,2,0.04,0.1
33,18,51,2006,4.61,4,1,0,0.11,0.08
11,17,11,2695,4.95,6,0,1,0.02,0.04
7,22,48,2130,4.47,9,1,1,0.14,0.04
24,26,55,1464,3.91,6,1,2,0.03,0.19
24,28,57,1491,3.9,11,0,1,0.07,0.2
34,37,36,994,4.89,10,0,0,0.15,0.18
39,16,24,1693,3.95,6,1,1,0.15,0.1
39,26,16,1202,4.65,7,0,2,0.12,0.17
75,2,172,8683,1.334522438361642,19,4,5,0.5007002141779036,0.5561172188832375
30,14,51,1903,4.39,4,0,0,0.15,0.07
18,34,18,1325,3.77,11,0,2,0.14,0.13
21,15,15,2981,3.55,4,0,0,0.1,0.19
22,35,66,1557,4.23,4,0,1,0.11,0.07
33,11,39,1062,4.98,11,0,1,0.09,0.14
24,36,64,2685,3.79,9,0,1,0.08,0.14
31,34,63,866,4.31,7,1,0,0.13,0.1
22,25,36,2653,4.51,7,1,2,0.11,0.11
8,31,68,1293,4.23,10,0,0,0.13,0.1
5,14,16,1135,4.26,10,1,1,0.02,0.11
5,14,49,2205,4.49,11,0,1,0.09,0.05
86,4,181,11517,1.5219380247046288,23,4,9,0.6809855865585617,0.41657776582596495
24,12,23,1457,4.0,9,1,1,0.08,0.14
27,39,19,1354,4.85,10,1,1,0.1,0.2
14,25,59,2625,4.23,9,0,0,0.13,0.06
15,15,27,2069,4.49,4,0,1,0.01,0.05
9,24,27,2756,3.66,4,0,0,0.03,0.08
5,24,25,1934,4.24,9,0,0,0.14,0.11
21,38,61,507,3.52,8,1,1,0.15,0.06
26,25,78,1236,4.09,9,1,1,0.02,0.1
38,29,61,2774,3.58,11,1,1,0.06,0.14
33,22,40,2722,4.85,10,1,0,0.01,0.03
8,21,32,580,4.51,8,0,2,0.12,0.16
9,19,51,1658,4.69,8,1,0,0.11,0.19
15,23,71,737,4.2,7,1,1,0.09,0.07
25,11,59,1995,4.78,10,1,0,0.11,0.16
39,38,24,1549,4.81,6,0,2,0.09,0.1
16,12,53,686,4.04,5,0,2,0.04,0.14
30,18,51,2405,4.07,4,0,2,0.12,0.15
23,20,54,1129,4.26,10,0,0,0.12,0.07
11,20,44,2232,3.56,8,0,2,0.13,0.16
11,34,31,1314,4.99,4,1,2,0.14,0.04
30,31,47,1113,4.04,4,1,0,0.11,0.2
9,19,79,1686,4.21,4,1,1,0.02,0.08
25,35,73,2725,4.63,9,1,2,0.01,0.06
18,23,16,1484,3.95,6,0,0,0.11,0.04
8,18,53,2827,3.8,4,0,2,0.02,0.17
27,29,16,1297,3.69,10,0,0,0.05,0.13
24,36,75,1577,4.29,11,0,1,0.03,0.19
19,30,69,566,3.51,11,1,0,0.15,0.14
33,19,10,1043,4.56,6,0,0,0.05,0.08
68,3,271,11809,1.3567674720198548,18,4,6,0.693134487983378,0.5118860531480799
23,38,27,1019,4.3,5,0,0,0.14,0.07
32,18,16,1445,3.89,7,1,1,0.1,0.07
31,38,63,1954,3.77,4,0,0,0.02,0.03
8,14,76,1558,4.55,11,1,0,0.13,0.07
19,17,19,2736,3.82,8,1,0,0.03,0.07
39,20,70,1612,4.67,7,1,1,0.12,0.07
5,10,68,1446,3.81,11,0,1,0.09,0.09
7,30,68,635,4.42,9,0,0,0.03,0.12
28,19,78,1292,4.47,10,0,0,0.12,0.06
31,10,72,1636,4.26,10,1,0,0.07,0.13
38,35,17,1862,5.0,7,1,2,0.1,0.04
33,39,64,1054,4.06,5,1,1,0.13,0.19
28,31,15,1445,4.82,8,1,0,0.05,0.02
28,16,10,2721,3.75,11,0,0,0.06,0.18
8,37,65,2754,4.01,4,1,1,0.15,0.12
7,23,19,1866,3.72,4,0,2,0.08,0.15
38,14,32,1448,4.41,5,1,0,0.09,0.07
27,26,25,603,4.46,9,0,1,0.05,0.05
27,31,25,1546,4.18,6,1,2,0.07,0.19
9,35,65,2360,4.58,5,1,1,0.08,0.1
35,30,15,2837,4.8,11,0,1,0.05,0.11
10,15,39,1463,4.66,11,0,0,0.04,0.2
14,25,72,1337,3.86,8,1,1,0.09,0.08
11,20,10,2958,3.98,6,1,0,0.04,0.04
25,19,60,2082,4.07,8,1,2,0.09,0.13
24,24,55,1381,3.81,4,0,0,0.11,0.12
7,16,30,923,4.04,6,0,1,0.04,0.16
26,32,47,2702,3.86,8,0,1,0.11,0.19
8,11,78,2698,4.99,10,0,1,0.06,0.08
32,21,72,711,4.67,4,0,0,0.15,0.15
16,28,59,1715,4.79,8,1,2,0.15,0.1
9,21,21,1380,4.88,6,1,2,0.12,0.16
17,25,78,1254,4.5,11,0,1,0.06,0.05
27,15,53,1621,3.76,4,1,0,0.14,0.11
34,12,61,1200,4.64,8,0,1,0.15,0.03
29,11,18,2719,3.52,7,0,0,0.07,0.12
31,29,74,870,3.67,6,0,2,0.1,0.05
18,14,19,2232,3.54,6,0,0,0.01,0.19
20,20,55,1663,3.7,11,0,0,0.02,0.12
26,35,67,1412,4.63,6,1,1,0.08,0.12
85,4,237,8137,1.3332133000546138,20,4,5,0.6779028770500127,0.48540506889467605
25,12,61,1301,3.92,4,1,2,0.05,0.11
12,12,22,2803,3.68,6,1,2,0.02,0.14
20,31,15,1489,3.91,11,0,2,0.12,0.03
35,14,67,1175,4.47,8,1,1,0.07,0.15
14,31,57,915,4.03,11,1,0,0.1,0.04
36,32,41,2876,4.94,10,0,0,0.1,0.16
38,20,20,1662,3.7,11,1,1,0.09,0.18
13,12,14,1461,4.99,7,1,2,0.03,0.08
21,22,15,2120,3.52,8,1,2,0.1,0.18
15,30,30,2035,4.18,8,1,1,0.06,0.11
36,17,51,748,3.88,6,0,1,0.12,0.12
14,29,36,2386,4.35,7,0,2,0.04,0.09
26,19,12,2855,3.64,7,1,2,0.05,0.11
21,11,69,1072,4.81,10,0,0,0.07,0.18
8,13,75,2308,3.7,7,1,2,0.11,0.19
29,27,58,1297,4.38,7,1,2,0.11,0.1
25,28,43,1500,3.55,11,1,0,0.06,0.11
5,13,46,1260,3.97,11,0,1,0.08,0.04
29,29,51,792,3.72,5,0,0,0.04,0.08
21,35,74,2957,4.97,10,1,0,0.12,0.11
28,18,69,697,3.52,10,0,2,0.04,0.06
6,25,10,579,4.03,7,0,1,0.12,0.12
19,35,68,1908,3.95,6,0,2,0.14,0.14
36,15,13,636,4.49,9,0,1,0.15,0.14
10,34,23,712,3.58,7,1,0,0.13,0.1
5,13,27,2362,4.72,8,1,1,0.04,0.16
27,18,43,1118,4.2,5,1,2,0.07,0.08
21,36,10,1459,4.18,8,1,1,0.02,0.1
38,22,62,2713,3.84,6,1,1,0.03,0.07
33,18,31,2977,4.24,6,0,1,0.02,0.13
13,15,70,2668,4.05,10,0,2,0.1,0.1
17,30,31,2878,3.87,11,1,0,0.08,0.06
10,28,59,2222,3.75,9,1,0,0.14,0.08
10,23,25,1661,4.59,9,1,1,0.07,0.07
24,30,37,2389,3.71,7,1,1,0.1,0.18
7,24,79,2540,3.75,11,0,1,0.07,0.11
21,12,51,2053,4.37,10,0,0,0.13,0.14
16,14,75,1599,3.84,9,1,2,0.14,0.19
5,30,44,2188,4.19,6,1,1,0.07,0.05
21,27,29,536,4.33,5,0,1,0.02,0.19
7,23,11,1344,3.91,11,1,1,0.03,0.12
30,25,16,2181,4.02,10,1,0,0.11,0.17
19,23,58,2143,3.82,9,1,0,0.06,0.05
36,18,18,2833,4.19,11,1,2,0.12,0.07
36,24,36,1763,4.99,8,0,1,0.11,0.05
8,16,11,2767,4.04,6,1,1,0.11,0.14
22,23,77,2543,4.48,9,0,0,0.12,0.05
23,15,69,715,4.45,9,0,0,0.12,0.16
39,30,58,1180,4.68,6,1,1,0.1,0.07
18,24,11,2840,4.57,5,1,1,0.01,0.07
37,29,26,2312,3.52,4,1,1,0.08,0.07
18,17,29,2007,3.96,4,1,0,0.09,0.15
38,11,41,2590,4.81,5,0,1,0.14,0.19
8,17,60,1616,4.31,6,1,2,0.1,0.18
28,10,51,1792,3.66,5,1,0,0.09,0.04
33,35,72,2144,3.91,5,0,2,0.09,0.07
23,26,70,1738,3.93,4,1,2,0.02,0.14
10,28,71,1458,4.81,11,1,0,0.07,0.13
37,14,12,2661,4.33,7,0,1,0.03,0.08
23,39,35,1648,4.41,9,1,2,0.02,0.18
5,31,57,2784,4.05,6,0,1,0.06,0.04
9,29,17,2328,3.59,8,1,2,0.1,0.14
31,25,14,657,3.61,11,0,0,0.13,0.07
20,16,20,1407,4.13,5,0,1,0.12,0.11
10,16,51,2028,3.77,10,1,2,0.05,0.09
17,27,50,1640,3.66,4,0,2,0.02,0.2
39,27,28,2059,3.89,11,1,0,0.07,0.11
23,11,57,2607,4.61,11,1,2,0.05,0.2
16,24,62,2948,3.61,7,1,0,0.06,0.07
20,23,64,2397,4.17,10,1,2,0.09,0.16
14,27,70,1327,4.74,6,1,1,0.01,0.15
29,38,41,2300,3.9,10,1,0,0.06,0.17
24,18,55,1703,3.95,5,1,2,0.09,0.14
35,23,45,1344,4.83,4,1,2,0.07,0.14
8,14,27,1768,4.48,5,0,1,0.1,0.14
27,20,27,1137,4.7,8,1,2,0.04,0.2
6,17,21,1148,3.93,10,0,0,0.03,0.06
26,14,55,2760,5.0,11,0,2,0.05,0.03
12,38,64,2129,3.71,6,0,2,0.02,0.14
11,20,47,1489,4.94,9,0,1,0.04,0.05
18,14,11,1303,4.85,6,1,1,0.02,0.14
7,26,18,627,4.33,6,1,2,0.07,0.08
20,31,14,1451,4.38,6,0,1,0.11,0.03
23,13,28,2764,4.66,11,0,2,0.05,0.16
22,24,48,519,3.96,4,0,2,0.01,0.03
20,28,51,2281,4.29,8,1,0,0.09,0.06
12,31,26,1174,4.85,5,1,2,0.11,0.08
89,2,213,11827,1.9653973176846766,16,5,6,0.7171437922359423,0.7250070938504304
16,33,55,1056,4.86,10,1,0,0.05,0.18
15,26,29,2744,4.59,7,1,2,0.08,0.13
9,21,79,1003,4.65,6,0,1,0.02,0.18
31,34,17,1770,3.6,6,1,2,0.1,0.14
16,33,28,1237,3.78,5,0,2,0.11,0.2
21,26,41,1291,4.89,6,0,1,0.11,0.11
10,19,28,1870,3.69,6,0,1,0.06,0.03
37,37,33,696,4.45,5,0,0,0.13,0.05
9,34,33,1630,4.67,8,1,2,0.14,0.13
32,27,65,1243,3.85,4,1,1,0.05,0.08
18,28,27,2136,4.55,8,1,1,0.05,0.04
9,27,21,1683,3.6,5,1,0,0.11,0.06
37,22,50,2969,4.25,9,1,2,0.11,0.11
23,23,57,2130,4.0,11,0,1,0.08,0.11
26,33,73,2451,4.47,11,1,0,0.14,0.19
9,25,25,2538,4.83,10,1,0,0.03,0.04
6,27,32,1836,3.69,10,1,0,0.08,0.08
34,35,48,2979,4.18,9,0,0,0.01,0.11
8,27,42,1425,4.13,9,0,2,0.02,0.04
37,25,33,734,3.99,11,1,2,0.02,0.14
17,26,70,2874,4.22,6,0,1,0.08,0.11
24,16,64,978,4.82,10,0,1,0.09,0.1
11,21,70,2975,4.96,6,0,1,0.01,0.14
19,11,49,1165,3.5,8,0,1,0.1,0.07
27,19,67,1623,4.61,7,1,1,0.08,0.08
18,14,10,1887,4.42,4,1,0,0.04,0.05
27,30,34,1141,4.99,6,0,2,0.01,0.11
23,12,62,2016,3.63,5,0,0,0.03,0.09
33,28,70,1074,4.72,11,0,2,0.09,0.07
24,22,55,2221,4.9,8,0,0,0.1,0.04
33,21,69,1518,4.87,10,0,0,0.1,0.02
28,12,60,1827,4.34,4,0,1,0.03,0.05
22,15,57,899,3.99,9,1,2,0.14,0.06
14,23,49,1094,4.46,7,0,2,0.07,0.11
12,13,16,1956,3.96,9,1,2,0.12,0.06
30,22,28,2095,4.12,9,1,1,0.03,0.17
33,28,24,616,4.17,11,1,1,0.08,0.11
14,27,79,882,3.95,10,0,1,0.08,0.13
21,38,70,1358,4.01,6,0,1,0.12,0.06
6,12,65,2629,3.51,8,1,0,0.1,0.09
10,29,19,2350,3.95,6,1,2,0.07,0.13
9,15,55,1331,4.21,10,0,1,0.05,0.08
32,25,66,1372,3.76,10,0,1,0.15,0.08
9,29,44,2617,4.71,8,0,1,0.05,0.17
22,33,12,886,4.31,7,0,1,0.03,0.17
30,12,75,2506,4.69,10,0,2,0.05,0.12
24,21,62,796,3.69,5,1,0,0.06,0.18
31,28,61,1218,4.73,10,0,0,0.03,0.15
16,28,62,2098,4.94,10,1,1,0.11,0.03
11,33,63,2725,4.03,11,1,0,0.1,0.12
7,13,56,2466,3.93,5,1,1,0.05,0.15
14,10,12,1682,4.47,4,1,1,0.15,0.12
38,11,74,510,4.45,10,0,2,0.1,0.17
29,22,24,1284,3.67,6,1,0,0.11,0.07
39,39,43,910,4.89,6,1,0,0.09,0.03
20,35,59,2702,4.22,6,0,1,0.09,0.13
6,38,42,1729,4.65,5,0,2,0.01,0.15
28,22,12,1098,4.04,11,1,1,0.12,0.16
14,39,11,1323,3.89,11,0,2,0.14,0.02
26,11,13,2897,3.67,10,0,0,0.03,0.14
30,39,25,1621,3.91,4,0,2,0.12,0.02
31,28,63,518,4.99,5,0,0,0.08,0.16
33,31,42,812,4.49,9,0,0,0.05,0.15
24,33,18,2992,4.7,8,1,0,0.14,0.12
31,25,66,2445,4.94,6,0,1,0.01,0.11
24,21,49,730,3.62,10,0,1,0.05,0.15
23,10,61,2906,3.75,10,0,2,0.13,0.03
24,18,25,543,4.89,8,0,1,0.08,0.17
39,26,17,2770,4.35,9,1,1,0.09,0.06
6,19,69,1788,4.45,7,0,2,0.11,0.11
34,27,45,2818,4.14,10,1,0,0.03,0.11
38,28,12,2759,4.72,8,0,2,0.04,0.16
26,16,24,2019,4.28,8,1,1,0.15,0.05
7,34,32,1910,4.74,10,0,0,0.04,0.07
10,28,12,2794,4.99,8,0,2,0.09,0.14
19,33,39,1320,4.47,10,1,0,0.05,0.09
31,24,54,2619,4.29,10,0,1,0.13,0.07
14,18,26,2842,4.05,10,1,1,0.14,0.13
13,19,67,670,3.79,5,0,2,0.03,0.04
37,32,67,745,4.48,8,1,0,0.09,0.16
36,29,66,1664,3.59,11,1,1,0.12,0.11
10,29,16,2139,4.93,9,0,0,0.13,0.06
6,13,48,1116,4.47,6,1,2,0.07,0.09
33,15,67,739,4.94,4,0,2,0.04,0.04
8,13,65,2456,3.91,7,1,2,0.06,0.13
5,14,24,2858,4.92,6,0,1,0.12,0.14
23,18,53,1939,4.42,4,1,1,0.15,0.09
30,21,21,897,4.72,6,1,1,0.09,0.08
29,32,17,2356,3.77,11,0,1,0.04,0.17
14,17,50,1422,4.25,8,1,2,0.02,0.12
19,30,43,1291,4.35,7,0,1,0.14,0.14
26,14,55,2406,4.09,10,0,1,0.08,0.04
25,38,38,2404,3.88,6,0,1,0.11,0.15
26,20,25,2569,4.86,7,0,2,0.1,0.1
38,32,14,1312,3.63,5,0,2,0.13,0.09
34,20,14,1403,3.73,5,0,1,0.05,0.19
29,22,39,2230,3.98,8,0,0,0.07,0.03
32,23,59,1331,4.88,8,0,0,0.14,0.06
5,37,14,1894,4.35,5,0,1,0.09,0.09
8,17,22,2466,4.06,11,0,1,0.02,0.08
11,34,58,1544,4.1,6,0,1,0.04,0.11
13,39,59,2707,4.76,10,1,2,0.04,0.09
23,27,23,1243,3.54,4,0,0,0.15,0.16
5,28,55,1312,3.52,4,0,2,0.04,0.16
14,21,43,2079,3.57,10,0,0,0.13,0.16
13,21,56,1875,4.2,5,1,2,0.02,0.09
36,27,69,2727,4.37,4,0,2,0.04,0.09
36,19,20,2150,4.44,6,0,1,0.13,0.15
10,16,59,2760,4.6,4,0,1,0.14,0.04
21,37,13,1029,3.78,9,1,1,0.03,0.17
14,27,50,1918,3.89,11,0,2,0.04,0.12
31,21,68,2574,3.87,4,1,1,0.08,0.17
39,23,69,1438,3.72,10,0,2,0.02,0.16
25,24,71,2985,3.87,9,0,2,0.14,0.09
29,25,34,784,4.42,10,1,1,0.06,0.04
32,11,42,2320,4.05,5,1,1,0.08,0.19
19,39,28,1148,4.65,7,1,2,0.02,0.08
8,39,66,688,4.3,7,0,0,0.01,0.09
33,27,24,2225,3.82,6,1,0,0.08,0.18
13,21,50,1722,4.2,7,1,2,0.03,0.19
31,25,78,1625,4.39,8,0,1,0.1,0.07
30,22,69,978,4.8,5,0,1,0.12,0.04
23,29,31,2543,4.75,9,0,1,0.01,0.02
32,26,52,2525,4.14,9,1,2,0.1,0.1
21,27,41,1016,4.47,11,0,1,0.12,0.12
83,1,195,8177,2.331778142608827,20,4,6,0.594151903201837,0.6791215762028837
27,32,47,2050,4.45,4,1,0,0.14,0.07
36,19,35,2040,4.87,7,0,1,0.03,0.08
37,10,14,2777,4.44,5,0,2,0.06,0.07
9,15,58,1637,3.96,4,1,0,0.04,0.17
38,12,14,2039,4.47,4,1,1,0.15,0.14
15,28,57,2248,4.85,9,1,1,0.05,0.17
7,13,27,533,3.71,10,1,0,0.06,0.17
37,38,15,795,4.22,11,1,2,0.13,0.1
15,29,75,1929,3.98,11,0,2,0.14,0.11
20,32,51,1650,3.86,5,1,0,0.14,0.2
22,12,61,2689,4.09,6,1,2,0.09,0.17
34,17,20,2487,4.09,11,0,1,0.1,0.16
14,17,35,1147,3.82,6,1,2,0.06,0.13
22,36,30,2675,4.11,5,1,0,0.1,0.1
23,38,75,2209,4.45,9,0,0,0.05,0.18
17,16,49,2047,3.54,10,0,0,0.11,0.16
7,11,65,962,4.98,5,0,1,0.05,0.11
14,30,60,1709,3.94,5,0,1,0.13,0.07
5,15,29,1013,4.44,4,0,1,0.03,0.05
31,37,66,500,3.93,10,0,0,0.09,0.12
12,25,14,1762,4.09,11,1,2,0.08,0.07
21,19,23,1578,4.32,11,0,1,0.05,0.07
13,13,33,1971,4.42,4,0,0,0.01,0.04
10,22,77,837,4.66,5,0,0,0.03,0.03
29,19,61,1627,4.69,9,0,1,0.15,0.16
32,30,57,2892,4.28,4,1,2,0.14,0.04
37,23,56,1476,3.61,8,0,1,0.03,0.18
13,18,69,1382,4.34,5,1,2,0.06,0.06
22,20,12,2745,4.22,10,1,0,0.08,0.16
25,32,18,1537,3.82,4,0,0,0.08,0.17
6,27,33,2203,3.52,6,1,0,0.05,0.16
19,20,13,1371,3.97,11,0,2,0.14,0.18
32,26,18,956,3.89,5,1,1,0.14,0.08
22,11,10,2049,4.22,10,1,1,0.01,0.2
38,12,44,865,4.64,10,1,2,0.1,0.07
26,20,21,2948,4.16,5,1,1,0.02,0.19
15,27,27,2657,4.93,5,0,2,0.09,0.1
17,36,19,2953,3.83,7,1,1,0.13,0.03
8,12,27,2856,3.83,5,0,1,0.1,0.16
26,35,33,659,4.41,6,1,2,0.08,0.16
11,24,10,1343,4.84,4,0,1,0.14,0.06
28,20,25,2602,4.51,5,1,0,0.11,0.17
8,20,24,2499,4.51,9,0,0,0.04,0.05
32,37,71,2803,4.71,8,1,2,0.06,0.05
19,39,14,2969,4.5,9,0,1,0.12,0.17
5,37,54,2138,4.64,9,0,2,0.01,0.07
7,34,61,2811,4.8,4,1,2,0.02,0.03
18,29,16,732,3.51,6,1,1,0.13,0.19
5,37,36,732,4.83,11,1,0,0.02,0.12
25,34,22,1057,3.82,11,1,0,0.1,0.1
33,20,26,2449,4.87,7,1,1,0.05,0.11
9,28,53,1959,3.9,10,0,0,0.13,0.14
14,37,22,834,4.18,11,0,2,0.13,0.18
32,10,14,2951,4.9,6,1,2,0.14,0.14
25,36,42,755,3.66,9,1,2,0.02,0.15
11,14,13,1589,4.62,7,1,0,0.07,0.05
7,19,35,1271,4.09,4,1,1,0.09,0.09
24,19,77,1445,3.54,10,1,1,0.14,0.13
23,23,25,1611,4.91,7,0,2,0.05,0.13
39,11,31,810,3.68,4,0,2,0.02,0.07
8,13,45,2094,4.66,11,0,2,0.04,0.2
9,11,67,1781,4.08,10,1,0,0.08,0.04
5,27,64,2081,4.72,6,1,1,0.11,0.04
8,22,44,2676,4.63,9,1,1,0.11,0.06
16,28,34,2873,4.45,6,0,0,0.02,0.16
31,14,70,1289,4.91,7,1,1,0.12,0.03
27,29,27,2564,3.65,10,1,2,0.1,0.2
29,11,67,841,4.7,8,1,1,0.07,0.2
25,20,66,1502,4.51,9,0,1,0.09,0.05
28,39,72,1337,3.97,9,0,0,0.12,0.09
29,39,21,1127,4.32,6,0,1,0.05,0.06
36,35,20,1772,4.47,7,0,2,0.14,0.09
36,27,22,1209,4.6,5,0,0,0.03,0.12
9,39,44,1238,3.78,11,0,0,0.14,0.17
20,15,36,2724,3.65,11,1,0,0.11,0.03
37,32,76,2278,3.65,4,1,2,0.1,0.2
25,37,54,1445,3.94,5,1,1,0.02,0.19
13,19,76,2904,3.73,10,0,0,0.14,0.12
10,31,31,994,4.3,11,0,2,0.05,0.11
39,32,51,534,4.16,5,0,2,0.11,0.12
26,26,29,1930,4.84,5,0,2,0.13,0.02
9,31,57,2491,4.58,7,1,1,0.04,0.15
27,20,27,1317,3.81,6,1,2,0.14,0.11
21,28,79,509,3.57,9,0,1,0.1,0.07
16,26,15,1485,4.56,5,0,0,0.1,0.1
27,33,48,2237,4.77,10,0,0,0.14,0.07
20,13,20,2058,4.55,11,1,1,0.08,0.15
7,35,34,2642,4.47,7,0,2,0.07,0.13
34,33,64,949,3.87,11,1,0,0.1,0.09
26,35,67,1743,4.24,11,1,1,0.09,0.08
13,23,46,2643,4.59,6,0,2,0.02,0.18
33,36,25,1364,3.79,4,0,0,0.04,0.14
85,3,162,10959,1.7539597530621147,17,4,9,0.5781922318346397,0.5363017768619243
17,13,46,706,3.68,6,1,2,0.03,0.13
36,37,62,2309,4.3,11,1,2,0.11,0.03
63,1,198,8535,2.0991819982684103,16,5,6,0.45236807979830934,0.5778997612821577
21,35,27,745,4.3,10,1,1,0.05,0.1
25,13,28,2234,4.2,7,1,1,0.07,0.19
6,15,53,2497,4.38,9,1,2,0.14,0.11
10,39,11,2630,5.0,10,0,2,0.06,0.18
22,18,67,816,4.43,8,0,2,0.12,0.04
34,30,19,2917,4.63,4,0,2,0.07,0.15
26,21,55,2219,3.79,7,1,2,0.02,0.06
37,38,28,2727,4.3,9,0,2,0.02,0.11
34,35,47,2306,3.51,5,0,0,0.07,0.07
21,39,46,1099,3.55,11,0,2,0.02,0.15
36,17,54,1606,3.98,7,1,1,0.09,0.09
18,33,43,2055,4.2,9,0,1,0.08,0.1
14,13,11,1340,4.36,8,0,1,0.11,0.06
38,36,53,847,4.83,4,1,1,0.04,0.07
13,35,36,1795,4.66,10,0,0,0.09,0.05
32,34,57,830,3.95,6,0,0,0.03,0.12
15,34,16,1109,4.62,9,1,1,0.11,0.05
18,14,36,2444,4.32,4,0,1,0.05,0.07
23,15,27,1243,4.67,10,1,1,0.1,0.12
19,14,42,1068,4.12,8,1,1,0.13,0.07
32,28,42,2184,3.64,4,0,1,0.08,0.13
28,36,34,2936,4.43,9,1,0,0.04,0.02
12,17,23,1470,4.34,4,0,0,0.13,0.2
13,18,47,1246,4.93,5,0,0,0.06,0.15
37,24,47,2684,3.74,6,0,2,0.11,0.11
37,13,13,2264,4.48,11,0,1,0.05,0.19
23,34,71,1884,4.21,8,0,1,0.05,0.18
7,18,19,2829,4.07,11,1,2,0.1,0.09
14,16,44,1725,4.69,11,1,1,0.03,0.04
5,17,32,1518,4.72,5,0,2,0.13,0.07
33,24,74,515,4.57,4,1,2,0.06,0.06
38,28,34,1067,3.63,4,0,2,0.01,0.16
17,24,62,2524,4.02,10,0,2,0.05,0.12
5,14,26,2113,3.57,11,0,1,0.12,0.17
38,28,66,2577,4.02,7,0,2,0.13,0.11
33,16,29,2042,4.47,5,1,1,0.09,0.16
17,15,34,2431,4.28,8,0,2,0.05,0.08
33,36,51,2569,4.55,8,0,0,0.08,0.13
28,28,54,1954,4.33,11,0,1,0.13,0.14
30,34,40,2202,4.33,10,0,2,0.05,0.16
21,37,74,1933,4.27,11,1,2,0.06,0.16
11,26,61,824,4.05,8,0,2,0.09,0.07
17,19,30,1821,4.17,9,1,0,0.13,0.09
9,28,39,2728,3.67,9,1,1,0.09,0.06
30,20,12,621,4.75,9,1,0,0.04,0.15
7,24,79,2671,4.83,8,1,0,0.02,0.07
11,19,52,1976,4.65,4,0,0,0.02,0.09
5,20,38,765,4.38,9,1,1,0.14,0.16
21,32,12,527,4.35,4,1,0,0.13,0.08
29,12,67,1782,4.21,10,1,1,0.12,0.07
7,39,42,2624,3.85,5,1,1,0.08,0.14
19,12,54,931,4.08,6,1,2,0.1,0.2
33,27,78,1378,4.98,10,0,0,0.03,0.03
36,34,41,1558,3.72,8,0,0,0.1,0.17
30,20,61,935,4.31,4,1,0,0.12,0.04
20,29,73,1585,4.8,5,1,1,0.02,0.08
29,35,49,2599,4.18,8,0,1,0.05,0.1
32,38,22,2663,4.41,6,1,1,0.03,0.15
13,31,38,2594,4.74,8,0,0,0.05,0.19
5,27,72,2985,4.32,9,1,1,0.12,0.04
33,34,35,600,4.6,7,1,1,0.06,0.15
26,24,68,1802,4.02,11,0,1,0.11,0.08
20,16,58,2654,4.6,8,1,2,0.12,0.18
11,19,62,1482,3.56,7,1,1,0.12,0.07
18,30,40,2906,3.73,6,0,0,0.13,0.14
33,32,21,1386,4.46,11,1,1,0.09,0.05
23,39,67,1299,4.17,7,0,2,0.05,0.19
23,29,45,1525,4.74,6,1,1,0.03,0.02
6,38,19,2015,4.01,5,0,1,0.08,0.06
19,19,15,2403,4.65,7,1,2,0.02,0.14
7,22,16,2413,3.71,11,0,0,0.14,0.17
15,24,40,1795,4.9,11,0,2,0.07,0.2
34,32,12,1667,4.13,9,0,1,0.13,0.05
22,27,56,934,3.85,8,1,1,0.11,0.08
6,32,10,1974,4.68,8,1,1,0.13,0.18
36,13,54,1415,4.92,5,0,1,0.13,0.03
12,29,63,2775,4.88,10,1,0,0.02,0.15
26,26,59,1044,3.86,4,0,1,0.11,0.1
10,37,16,1737,4.51,9,1,1,0.04,0.14
16,12,72,1147,4.32,9,0,2,0.15,0.11
19,30,24,2795,4.59,6,1,0,0.12,0.13
32,30,76,1931,4.23,9,1,2,0.01,0.14
22,11,39,1576,4.2,4,1,1,0.14,0.13
6,13,77,2099,4.82,4,1,1,0.05,0.14
17,10,45,2861,4.81,5,1,1,0.07,0.12
19,24,76,536,4.68,5,1,0,0.1,0.15
24,34,14,1223,4.56,10,1,1,0.14,0.16
33,10,34,2047,4.52,10,1,2,0.14,0.16
33,15,20,1479,3.58,7,0,2,0.09,0.17
7,16,75,583,4.62,9,0,0,0.05,0.08
23,28,37,1617,4.46,7,0,1,0.05,0.15
7,21,69,1865,3.95,7,1,1,0.06,0.19
18,10,19,1218,4.73,7,1,1,0.04,0.09
8,16,59,1049,4.75,7,0,0,0.1,0.16
15,28,48,1871,4.9,8,0,0,0.08,0.07
35,22,46,1086,4.13,10,0,1,0.12,0.05
36,35,72,2364,4.33,5,0,2,0.02,0.1
31,21,70,651,4.86,6,0,0,0.07,0.17
34,21,47,1561,3.98,10,0,0,0.04,0.08
88,2,156,8801,1.8716811801997488,16,3,8,0.5885732641719921,0.43270512186984605
13,22,54,2067,4.99,6,0,2,0.08,0.07
32,37,53,711,4.48,6,0,1,0.07,0.06
35,23,10,1241,4.98,6,0,1,0.05,0.13
38,31,62,2679,4.27,8,1,1,0.11,0.06
19,39,56,595,3.73,10,1,1,0.08,0.19
29,21,42,2026,3.76,5,1,0,0.04,0.08
12,29,76,1021,4.6,9,0,2,0.09,0.12
13,21,24,2921,3.5,7,0,1,0.09,0.09
36,36,23,1539,4.49,7,1,2,0.01,0.19
21,15,32,2202,3.73,10,1,1,0.04,0.1
39,36,63,517,4.98,11,0,2,0.04,0.12
23,19,17,2219,3.74,7,1,1,0.04,0.16
33,29,63,1477,4.33,10,1,2,0.04,0.05
11,38,45,1378,4.5,11,1,1,0.05,0.03
32,33,61,1093,4.73,5,1,0,0.05,0.1
13,18,15,1142,4.19,10,1,1,0.13,0.12
32,11,37,2676,4.9,5,1,2,0.05,0.07
10,16,59,1300,4.22,9,1,1,0.06,0.1
73,1,269,7905,1.933298820149401,21,3,9,0.40322414820371355,0.7718094959806923
21,34,39,2109,4.39,8,1,0,0.15,0.2
20,21,63,1375,4.49,11,0,1,0.08,0.13
27,14,55,1595,4.26,9,1,2,0.1,0.1
35,10,37,1513,4.6,7,0,2,0.11,0.02
7,31,26,1610,4.13,10,0,2,0.06,0.08
25,24,57,2948,3.51,9,0,2,0.15,0.08
30,17,53,961,3.9,11,1,0,0.03,0.11
26,10,69,2636,4.92,5,1,0,0.07,0.16
16,27,69,2553,4.64,7,1,1,0.03,0.16
17,22,14,1444,3.78,10,1,2,0.12,0.17
15,38,78,583,3.6,8,1,1,0.03,0.07
20,10,79,1939,4.03,9,1,0,0.09,0.08
12,14,16,1635,4.75,7,1,1,0.02,0.05
6,27,62,2719,3.66,8,1,1,0.07,0.17
34,25,26,1198,4.32,10,1,2,0.05,0.14
34,35,68,2320,3.91,4,0,0,0.14,0.03
16,19,18,2820,4.59,10,1,0,0.02,0.07
14,39,31,1029,3.5,11,1,1,0.1,0.05
15,13,54,818,3.92,6,1,0,0.11,0.19
19,10,68,1598,4.52,4,0,2,0.13,0.08
20,32,22,2976,4.32,11,1,1,0.13,0.11
21,17,21,748,4.67,11,1,0,0.15,0.08
30,14,45,886,3.74,9,0,2,0.05,0.11
6,11,19,2457,4.3,7,1,0,0.05,0.2
16,33,25,2390,3.79,7,0,2,0.07,0.07
30,26,28,862,4.46,11,0,1,0.09,0.07
27,16,15,2615,3.7,5,1,2,0.06,0.09
75,3,276,9975,1.4563316527525991,16,4,8,0.715665938896469,0.5138026517629892
36,37,39,2055,3.99,8,0,1,0.01,0.15
7,15,55,2306,4.1,7,1,0,0.01,0.09
7,38,36,795,4.25,8,0,1,0.11,0.12
34,31,54,2491,4.37,8,1,0,0.13,0.14
5,24,46,2580,4.2,11,0,1,0.12,0.03
34,14,18,1897,3.57,8,1,1,0.03,0.14
36,24,70,531,4.02,10,0,2,0.14,0.12
32,27,44,1054,3.59,4,0,1,0.08,0.03
25,27,56,804,3.68,8,0,1,0.11,0.04
17,34,30,1292,3.64,5,1,2,0.04,0.1
31,30,26,1631,3.74,10,0,1,0.09,0.08
11,30,64,595,4.72,4,1,0,0.06,0.1
26,32,15,1589,4.44,11,1,2,0.15,0.13
14,15,44,729,4.26,4,0,2,0.08,0.05
19,11,59,857,4.6,7,0,1,0.12,0.14
19,36,46,901,4.94,6,1,2,0.09,0.17
8,26,22,1289,4.13,6,0,0,0.02,0.02
36,30,34,598,4.05,9,0,1,0.09,0.09
27,13,10,770,4.97,7,1,1,0.09,0.07
10,21,58,2298,4.66,11,0,1,0.11,0.1
28,28,44,861,4.67,6,1,0,0.06,0.13
24,11,62,1687,4.4,11,0,0,0.13,0.05
24,35,61,1039,4.26,11,0,0,0.1,0.04
16,11,63,2365,4.33,8,1,2,0.02,0.15
37,23,56,1332,4.48,5,0,2,0.11,0.14
32,24,52,2944,4.07,8,1,1,0.14,0.1
12,29,29,1559,4.67,6,0,1,0.11,0.11
5,11,42,813,4.86,11,0,1,0.06,0.07
26,13,25,1799,4.36,11,1,2,0.09,0.08
10,28,16,732,4.07,6,1,0,0.03,0.08
25,18,79,2139,4.54,11,1,0,0.09,0.15
36,16,30,1529,3.77,10,1,1,0.08,0.12
93,2,253,8600,1.4712957653147098,21,5,7,0.7562922401996137,0.6729426724270102
19,22,63,2788,4.49,11,0,2,0.06,0.13
9,36,28,2622,3.6,4,1,0,0.04,0.12
10,21,34,2830,4.29,4,1,1,0.06,0.08
29,12,76,2058,4.63,5,1,1,0.04,0.09
33,22,62,586,3.92,10,1,0,0.13,0.18
11,24,57,1380,3.58,11,1,1,0.11,0.12
17,23,51,1672,4.23,11,1,1,0.11,0.11
82,4,204,7923,1.6729227656123915,22,4,7,0.6190121620323507,0.6644435529041774
6,18,51,2993,3.88,10,0,2,0.01,0.14
12,22,11,2629,4.58,6,1,0,0.04,0.14
15,32,15,2729,4.11,11,0,1,0.12,0.14
37,31,55,2049,3.59,11,0,0,0.09,0.04
96,1,150,7565,1.2456066586499641,17,5,9,0.42386938111567285,0.7676685592345603
24,30,49,2730,3.97,6,0,2,0.05,0.09
16,17,67,2079,4.86,7,1,2,0.02,0.17
35,12,42,2721,4.97,11,1,0,0.12,0.2
31,11,71,2561,3.81,8,0,2,0.02,0.09
36,28,21,2460,4.15,4,1,1,0.02,0.12
14,37,58,2620,4.97,7,0,2,0.05,0.02
7,32,14,2245,4.11,9,0,0,0.09,0.02
31,17,60,1101,4.02,4,0,2,0.15,0.03
39,26,78,2890,3.66,7,0,0,0.02,0.15
35,22,41,1919,4.63,5,0,1,0.08,0.05
19,16,58,2418,4.17,7,1,2,0.09,0.16
20,18,69,832,4.46,6,1,0,0.13,0.1
17,21,55,854,4.26,5,1,1,0.11,0.17
39,38,77,1346,3.76,10,1,1,0.12,0.18
15,23,50,662,3.76,11,1,2,0.08,0.18
25,23,76,615,4.91,5,0,1,0.07,0.12
15,24,22,1602,4.83,6,1,1,0.1,0.16
34,12,27,1970,4.42,4,0,0,0.14,0.14
39,24,60,2406,3.5,5,1,0,0.09,0.05
26,28,45,1546,4.15,4,0,0,0.09,0.09
35,33,43,1042,4.3,8,0,2,0.06,0.19
18,29,21,913,4.17,10,0,1,0.09,0.16
28,23,14,1181,4.89,7,0,2,0.1,0.07
36,17,57,1141,3.56,10,0,2,0.12,0.07
36,14,49,1932,4.48,7,0,0,0.09,0.07
19,39,22,1168,3.97,6,1,1,0.04,0.08
39,28,35,2569,4.34,6,1,2,0.09,0.19
7,13,23,1468,4.48,9,0,2,0.05,0.1
20,23,20,2204,4.16,7,0,2,0.02,0.09
9,25,47,1680,3.72,8,1,2,0.13,0.06
25,29,66,2877,4.28,11,0,0,0.02,0.18
14,33,31,1545,4.9,11,1,2,0.1,0.19
23,15,25,1995,4.3,6,0,0,0.15,0.08
29,32,38,1787,3.68,8,1,1,0.02,0.13
8,34,11,2298,4.74,9,0,2,0.04,0.19
33,15,63,1223,3.83,6,1,0,0.12,0.11
23,12,11,1659,4.06,5,1,0,0.02,0.1
6,24,12,751,4.14,9,1,2,0.13,0.11
14,38,65,704,4.01,11,0,0,0.01,0.03
29,12,20,2379,4.11,4,1,2,0.13,0.07
24,20,41,1290,4.69,7,1,0,0.02,0.15
23,12,13,1584,3.84,4,0,0,0.14,0.19
27,37,18,964,4.21,9,0,1,0.13,0.12
28,19,65,2341,3.53,7,0,2,0.09,0.05
15,27,25,1825,4.26,9,1,1,0.12,0.1
38,10,19,1995,3.67,6,0,0,0.02,0.11
32,25,45,893,3.92,4,1,2,0.03,0.05
9,25,33,2130,3.99,9,1,1,0.06,0.08
9,36,73,2528,3.62,9,1,2,0.09,0.1
25,19,65,1411,4.04,8,1,2,0.13,0.07
16,10,31,1782,4.25,9,1,1,0.09,0.08
8,13,61,1710,4.15,6,0,1,0.1,0.07
24,12,59,1735,3.92,9,0,1,0.11,0.13
29,14,56,1558,3.94,5,0,0,0.13,0.12
18,21,32,1670,4.45,4,0,1,0.12,0.12
15,34,28,1772,4.58,4,0,1,0.15,0.04
36,21,61,556,4.36,10,0,0,0.01,0.05
15,22,43,2392,4.96,5,0,1,0.04,0.04
22,33,38,2248,4.92,7,1,2,0.14,0.03
31,21,70,860,3.65,6,1,2,0.12,0.06
78,3,196,8756,2.1860037371044783,20,5,5,0.5138363144309277,0.44062104510894584
27,25,14,2448,4.8,5,1,0,0.15,0.15
15,22,16,722,3.54,9,1,1,0.13,0.15
25,14,50,2139,4.39,8,0,2,0.02,0.06
9,33,11,826,4.93,6,0,0,0.12,0.05
27,13,19,1621,4.52,11,0,0,0.12,0.05
29,30,53,1749,3.64,5,1,0,0.04,0.08
14,24,79,2257,4.62,5,0,0,0.1,0.07
26,21,44,1335,4.06,4,1,0,0.15,0.03
23,28,71,1484,4.88,4,1,2,0.1,0.12
5,30,29,1857,3.93,4,0,0,0.12,0.18
11,37,44,1291,4.21,10,1,1,0.02,0.12
8,28,46,2386,4.62,6,1,2,0.11,0.03
5,30,63,881,3.89,9,0,0,0.04,0.13
19,20,37,1946,3.77,7,0,2,0.02,0.11
16,39,79,1871,3.5,6,0,2,0.09,0.18
26,30,41,2374,4.23,4,0,1,0.12,0.09
26,15,20,2999,4.89,4,1,0,0.09,0.16
21,18,51,2508,3.92,6,0,1,0.14,0.03
33,10,32,1642,3.57,9,0,0,0.11,0.15
18,21,39,713,4.43,9,0,0,0.03,0.03
24,35,18,1064,3.58,5,0,2,0.14,0.08
37,23,68,1231,4.26,5,1,0,0.03,0.19
19,15,37,938,4.07,4,1,2,0.12,0.15
16,10,42,2088,4.21,10,1,1,0.03,0.19
24,31,56,1128,3.74,4,0,0,0.15,0.11
34,11,31,1402,3.64,7,0,0,0.06,0.13
7,33,38,1970,4.62,9,1,1,0.08,0.11
32,20,43,894,3.87,5,1,1,0.08,0.11
30,12,51,746,4.7,7,0,2,0.02,0.12
34,19,61,2795,4.64,11,1,1,0.08,0.03
17,39,56,2136,3.8,4,0,0,0.03,0.05
17,15,60,1972,4.86,11,0,2,0.12,0.06
6,15,54,2631,3.74,9,1,1,0.14,0.09
6,29,43,1744,4.7,11,1,0,0.12,0.1
30,30,30,2598,4.13,4,0,0,0.07,0.15
15,11,22,1480,3.77,7,0,0,0.01,0.05
12,35,63,1710,4.91,7,1,1,0.02,0.12
26,35,34,2048,4.94,4,1,2,0.08,0.07
24,33,30,918,4.27,8,1,1,0.11,0.11
12,19,10,2634,4.2,4,0,2,0.12,0.13
33,32,67,758,4.85,5,1,1,0.09,0.12
30,35,78,2858,4.39,9,1,0,0.15,0.06
34,15,22,2720,3.9,11,1,1,0.08,0.15
21,32,61,2019,4.14,9,0,2,0.09,0.14
24,37,32,1768,4.75,10,0,1,0.04,0.19
20,26,30,1439,4.79,4,0,2,0.06,0.13
68,2,221,7606,1.7295090685458843,23,5,9,0.49320032739713043,0.569533819853345
20,23,29,695,3.93,4,0,2,0.09,0.17
31,14,49,561,4.52,11,1,0,0.06,0.04
27,32,18,1061,3.6,8,0,0,0.03,0.15
28,26,59,539,4.59,5,1,2,0.06,0.08
13,11,37,2267,4.34,11,0,0,0.02,0.17
39,18,20,2537,3.87,4,0,2,0.09,0.11
24,21,65,2375,4.48,11,0,2,0.06,0.12
21,28,44,1287,3.7,11,1,0,0.06,0.07
35,31,34,2376,4.0,7,0,1,0.09,0.14
12,16,28,501,4.1,10,1,2,0.09,0.03
19,18,40,1992,4.67,5,1,1,0.09,0.15
35,30,59,1629,3.96,11,0,1,0.08,0.05
34,25,72,2763,3.57,5,1,0,0.08,0.06
24,29,56,1276,3.77,8,1,2,0.12,0.02
16,20,10,2282,4.41,11,0,1,0.08,0.08
21,21,67,913,3.52,9,1,1,0.09,0.09
34,24,19,709,4.69,7,0,0,0.15,0.06
33,27,17,2463,4.85,6,0,0,0.04,0.06
23,28,35,2590,4.24,4,1,1,0.11,0.18
15,25,43,2685,4.56,6,1,1,0.08,0.08
38,24,28,2144,4.19,11,1,0,0.13,0.15
11,14,10,2083,3.96,9,1,0,0.07,0.06
38,20,57,1225,3.75,11,0,0,0.05,0.17
24,24,34,1912,4.28,11,0,2,0.04,0.14
28,38,33,1721,4.89,7,1,0,0.13,0.16
14,27,56,2749,4.83,10,0,0,0.11,0.1
36,22,78,2739,4.88,10,1,0,0.02,0.18
19,13,76,606,4.95,5,0,2,0.11,0.09
24,26,41,826,3.75,8,1,2,0.01,0.13
7,13,26,1143,3.72,8,1,0,0.04,0.14
12,25,70,856,4.14,5,1,0,0.09,0.19
27,32,78,1807,4.53,11,1,2,0.07,0.04
15,24,20,1007,4.16,8,0,2,0.13,0.04
12,23,47,2653,4.84,6,0,1,0.1,0.1
33,21,77,1589,4.58,9,1,2,0.15,0.19
34,12,28,694,4.45,5,1,2,0.13,0.02
14,19,26,1711,3.61,11,0,0,0.06,0.07
32,17,22,546,3.76,4,1,0,0.13,0.07
17,15,10,1885,4.14,4,0,0,0.13,0.07
36,31,11,2101,4.96,7,1,2,0.15,0.02
30,23,75,2010,4.0,9,1,1,0.01,0.17
26,26,77,1346,4.44,9,0,0,0.13,0.02
8,30,25,2102,4.98,5,0,1,0.02,0.11
35,28,13,1208,3.9,9,0,1,0.08,0.03
22,25,66,1307,3.75,6,0,2,0.07,0.16
28,24,32,614,4.32,10,1,2,0.14,0.15
27,35,11,1130,4.33,9,1,0,0.07,0.15
26,24,76,2766,4.88,5,0,2,0.09,0.15
6,10,35,696,3.54,5,0,1,0.11,0.19
35,33,16,900,4.11,6,1,2,0.01,0.1
15,32,53,2539,3.97,11,1,2,0.09,0.18
60,2,282,9877,2.349473995768611,20,3,6,0.576903185430752,0.5111127375225653
36,21,73,1949,3.51,6,0,2,0.09,0.1
9,19,45,786,4.57,5,0,2,0.02,0.02
14,23,13,2068,4.23,5,1,0,0.02,0.07
28,19,32,1822,4.55,5,0,1,0.03,0.1
39,19,34,1360,4.17,5,1,2,0.13,0.18
27,29,36,1241,4.21,7,1,1,0.06,0.08
21,38,60,2230,4.84,10,0,2,0.07,0.14
5,20,78,2841,3.82,8,1,0,0.06,0.17
35,31,32,1308,3.83,5,0,2,0.11,0.08
35,25,18,2459,4.34,7,1,2,0.05,0.05
38,38,42,913,4.49,11,1,1,0.02,0.13
13,18,44,930,4.03,9,0,2,0.06,0.07
26,24,59,2313,4.28,5,1,1,0.11,0.14
17,23,33,1753,3.84,8,1,0,0.14,0.04
29,28,33,2418,3.7,10,1,1,0.02,0.05
22,18,28,2718,3.86,8,1,2,0.12,0.14
16,13,48,1840,4.87,6,1,1,0.02,0.2
21,30,70,1043,4.7,11,1,0,0.06,0.06
19,16,34,2014,3.71,7,1,2,0.01,0.15
19,31,34,1911,3.57,9,0,0,0.14,0.12
19,35,36,571,3.64,8,1,0,0.11,0.17
95,4,291,10549,1.2635085925040057,21,5,6,0.6872606856234782,0.5008101971600352
21,33,20,1031,4.72,5,1,2,0.06,0.19
36,17,78,2786,3.98,8,0,1,0.1,0.03
13,28,42,1076,3.78,11,1,2,0.02,0.2
24,24,28,1612,4.09,11,0,1,0.03,0.17
30,25,25,2445,3.69,9,1,0,0.13,0.18
31,39,20,1212,4.21,9,0,1,0.04,0.17
25,35,78,2058,4.51,10,1,2,0.11,0.18
22,31,64,1141,4.05,7,1,1,0.04,0.17
17,32,34,2737,3.76,11,1,2,0.02,0.18
20,18,43,1311,4.18,11,1,0,0.14,0.1
13,35,21,1514,4.64,7,1,1,0.14,0.19
16,35,30,1862,3.61,7,1,1,0.09,0.09
23,39,38,2521,3.61,6,1,1,0.07,0.15
11,21,60,2040,3.98,9,0,1,0.09,0.15
39,25,32,2361,4.12,5,0,0,0.07,0.17
22,13,42,1283,3.82,4,1,2,0.12,0.15
20,14,17,1170,3.54,7,0,1,0.12,0.03
8,17,51,1346,3.83,11,0,0,0.12,0.15
29,10,78,1741,4.15,5,1,2,0.08,0.02
36,37,50,1777,3.62,7,0,0,0.12,0.12
17,15,72,1884,4.57,7,1,1,0.03,0.17
21,24,23,2264,4.33,11,1,1,0.01,0.17
10,13,71,677,4.15,9,1,0,0.1,0.17
23,30,55,775,4.28,4,0,1,0.02,0.13
17,20,76,2859,4.48,5,1,1,0.09,0.05
30,14,62,2165,4.99,7,0,0,0.11,0.11
18,27,61,1290,4.66,9,1,2,0.07,0.11
35,33,16,2176,4.31,6,1,0,0.02,0.08
8,24,63,1924,4.66,7,0,0,0.13,0.1
12,27,20,1740,4.21,9,1,1,0.02,0.18
29,29,34,526,3.97,5,1,2,0.14,0.11
17,37,68,2969,3.89,8,1,1,0.02,0.15
36,22,75,2872,4.1,7,0,0,0.11,0.11
32,14,36,1847,3.5,6,1,2,0.14,0.13
34,39,67,2090,3.77,6,0,2,0.14,0.04
7,10,20,2226,3.69,7,1,1,0.14,0.19
32,31,64,784,4.94,5,0,2,0.13,0.1
7,27,28,1612,3.6,10,0,0,0.08,0.15
38,23,48,1568,4.25,7,1,2,0.09,0.14
20,14,79,1411,4.88,6,0,0,0.1,0.16
73,3,189,8246,1.5415508212282238,17,5,6,0.48063964360247496,0.4081035799706777
36,36,23,2692,4.24,6,1,0,0.13,0.19
12,33,69,581,4.61,8,1,1,0.12,0.17
12,34,45,1479,4.03,7,0,1,0.1,0.17
10,38,50,1690,3.79,4,0,1,0.1,0.1
18,37,11,2272,4.77,7,0,2,0.14,0.16
36,25,66,2325,3.58,6,1,2,0.04,0.12
39,31,69,2273,4.71,10,1,2,0.04,0.11
14,30,29,1833,3.66,5,1,1,0.15,0.16
7,21,31,2507,4.44,6,1,0,0.09,0.13
16,29,13,581,4.22,8,0,0,0.08,0.03
35,27,65,593,5.0,5,0,1,0.13,0.08
33,11,67,1844,4.08,4,0,0,0.13,0.13
9,32,74,842,4.94,4,0,0,0.03,0.18
77,2,186,11463,1.5527856653687253,22,5,7,0.609077807829055,0.6910926995042865
35,32,39,2354,4.52,8,0,0,0.12,0.17
25,22,28,1589,4.47,8,0,1,0.12,0.07
24,36,71,1123,3.63,11,0,2,0.04,0.11
26,26,77,1367,4.62,11,1,0,0.13,0.1
8,26,53,2976,3.81,9,1,1,0.08,0.1
17,25,70,670,4.08,8,0,2,0.08,0.03
24,30,30,2282,4.67,7,0,0,0.15,0.05
17,27,19,1077,4.92,6,0,2,0.08,0.05
21,17,39,567,4.34,9,1,0,0.03,0.13
37,39,33,2015,4.28,7,0,2,0.05,0.09
5,12,57,1557,4.26,10,0,2,0.06,0.08
19,26,64,500,4.72,5,0,0,0.14,0.1
17,38,61,2698,4.99,10,0,1,0.05,0.08
21,27,47,1401,4.45,4,0,2,0.07,0.16
28,35,76,2307,4.07,10,0,1,0.11,0.05
12,35,17,2805,3.83,4,1,2,0.05,0.03
31,32,38,1249,3.8,5,1,2,0.11,0.14
27,15,19,1294,4.78,4,1,0,0.04,0.06
12,37,78,2566,4.99,10,1,2,0.04,0.14
12,17,77,2319,4.55,8,1,2,0.15,0.03
30,32,58,2582,4.93,8,1,1,0.06,0.06
17,39,67,870,4.02,9,0,1,0.11,0.05
32,35,44,2554,4.44,8,1,1,0.13,0.07
29,22,59,870,4.27,11,0,0,0.06,0.08
20,17,49,2188,4.22,5,1,1,0.06,0.11
6,28,21,1256,4.45,6,0,0,0.12,0.11
22,15,25,1638,3.97,5,1,0,0.09,0.13
21,38,57,1860,4.46,10,0,1,0.06,0.08
34,32,10,1665,4.51,6,1,2,0.11,0.12
17,24,74,2008,4.75,4,1,2,0.13,0.2
36,19,31,1961,4.6,9,0,1,0.04,0.06
33,36,24,2635,3.98,10,1,2,0.01,0.05
34,26,76,962,4.18,11,1,0,0.05,0.17
22,10,23,980,3.68,4,1,1,0.1,0.09
17,16,28,1322,3.89,4,0,0,0.14,0.17
25,38,49,1023,4.28,6,0,1,0.13,0.1
34,36,13,2758,3.65,11,0,2,0.04,0.02
25,22,42,743,4.36,4,0,2,0.13,0.09
21,12,52,738,4.09,5,1,0,0.12,0.13
23,28,46,1720,3.55,10,0,2,0.11,0.1
19,24,75,1268,4.15,11,1,2,0.11,0.1
13,14,36,734,3.92,6,1,0,0.12,0.2
14,20,54,2734,3.6,8,1,0,0.13,0.12
35,31,59,996,3.94,11,1,0,0.12,0.15
27,27,72,2019,3.94,10,0,1,0.03,0.15
34,12,15,2403,4.03,6,1,0,0.11,0.02
37,15,76,2734,4.05,10,1,1,0.13,0.12
13,12,76,2134,4.14,5,1,1,0.04,0.19
5,39,68,1435,3.64,9,0,1,0.04,0.16
39,14,22,1768,3.51,5,1,0,0.12,0.08
15,18,30,2860,4.6,5,1,1,0.06,0.09
38,37,73,1318,4.01,4,1,2,0.07,0.07
20,28,46,521,4.42,10,1,0,0.06,0.13
13,37,57,2615,3.96,9,1,0,0.04,0.04
36,36,65,2939,4.98,8,0,1,0.14,0.07
19,22,53,1588,3.97,9,0,0,0.12,0.11
16,38,22,2327,4.41,8,1,1,0.05,0.12
37,15,13,2490,3.83,7,1,0,0.02,0.13
18,20,42,1228,4.28,9,1,1,0.06,0.16
12,30,46,2373,4.37,9,0,0,0.07,0.05
12,30,62,711,3.77,10,1,0,0.01,0.06
31,36,33,2273,3.69,5,1,1,0.13,0.18
16,39,60,699,4.96,9,1,2,0.13,0.17
5,23,50,1486,4.84,4,1,0,0.13,0.17
15,15,38,677,4.49,10,1,2,0.12,0.06
35,15,68,1946,4.79,6,1,2,0.11,0.03
21,26,49,1430,3.64,11,0,0,0.1,0.11
37,20,60,2536,4.59,4,1,0,0.14,0.18
36,24,59,1985,3.93,5,1,1,0.11,0.06
33,18,45,2591,4.31,4,1,1,0.1,0.18
25,30,69,1954,4.65,9,0,2,0.12,0.05
25,26,27,667,3.55,11,1,1,0.04,0.07
27,33,29,2834,4.54,5,0,1,0.15,0.07
10,16,14,2884,4.15,10,0,1,0.01,0.05
26,16,27,1085,4.16,11,0,1,0.1,0.18
12,39,49,2415,4.86,9,1,0,0.02,0.09
39,30,10,2730,4.79,11,1,1,0.13,0.05
15,10,28,515,3.59,6,0,2,0.15,0.05
28,34,35,2103,4.43,6,1,0,0.07,0.1
25,36,38,1336,4.15,8,1,0,0.13,0.02
6,34,68,2657,3.68,9,1,2,0.06,0.04
23,17,72,2076,4.78,7,0,0,0.03,0.02
32,14,71,805,3.61,4,0,0,0.05,0.02
21,39,57,2553,3.55,7,1,2,0.05,0.2
10,28,71,2216,3.8,4,1,1,0.1,0.1
99,3,158,9423,2.422747174270847,20,4,8,0.5994055884397185,0.568885078562545
32,26,75,1708,3.59,8,0,1,0.04,0.15
6,28,36,2358,4.46,6,1,2,0.02,0.18
8,21,15,2471,4.16,10,0,0,0.04,0.04
26,36,79,1623,4.12,10,0,1,0.05,0.11
30,32,68,1613,3.72,6,0,2,0.05,0.08
17,39,15,1483,4.16,11,1,0,0.04,0.12
36,24,40,1769,4.09,9,1,0,0.08,0.08
21,13,65,2662,4.08,6,0,1,0.13,0.05
23,32,63,2823,3.83,9,1,0,0.02,0.14
39,21,50,2627,3.64,4,1,1,0.13,0.03
32,36,27,678,3.89,9,1,1,0.08,0.18
5,22,32,1060,4.5,10,0,0,0.1,0.05
22,23,45,2807,3.61,7,1,2,0.12,0.13
37,14,34,2309,4.07,10,1,0,0.05,0.16
16,31,16,791,4.27,7,0,2,0.14,0.03
12,25,29,790,4.94,6,0,1,0.02,0.18
28,39,14,1041,4.77,8,0,1,0.08,0.08
20,16,27,2409,4.87,7,1,0,0.05,0.2
8,24,42,1093,4.73,8,1,0,0.07,0.03
31,22,44,1928,4.38,6,1,0,0.07,0.15
13,35,74,1447,4.79,4,0,1,0.14,0.05
20,25,72,1848,4.35,9,1,0,0.07,0.09
16,21,50,880,4.04,5,0,2,0.11,0.1
35,16,59,2204,4.06,7,1,2,0.14,0.09
28,25,39,809,4.35,9,1,1,0.08,0.08
18,32,47,2193,4.71,9,1,1,0.07,0.16
29,32,44,1998,3.7,6,1,0,0.15,0.17
38,36,75,2972,3.56,6,1,0,0.13,0.08
98,4,273,11476,1.3848988031583576,18,3,7,0.5845091116544473,0.7898285284595518
28,38,17,1160,4.47,7,1,2,0.07,0.1
13,32,77,2773,4.73,5,1,1,0.11,0.13
30,12,46,1997,4.97,10,0,0,0.04,0.05
24,24,22,2572,3.88,4,1,0,0.13,0.17
14,37,54,2642,3.79,7,0,0,0.14,0.16
23,12,38,1064,4.01,11,1,0,0.05,0.13
7,16,50,2105,4.82,9,0,2,0.02,0.15
28,39,65,1699,3.52,4,0,0,0.04,0.2
9,27,25,1143,3.52,11,0,2,0.1,0.19
7,23,21,1931,3.83,11,1,1,0.05,0.13
31,27,75,2450,4.06,6,0,0,0.1,0.11
20,28,71,958,3.95,9,1,2,0.06,0.12
19,23,28,837,4.74,9,1,2,0.14,0.1
39,29,39,1854,4.53,7,0,2,0.07,0.11
16,15,25,2513,4.76,4,0,0,0.08,0.15
30,38,22,844,4.08,8,1,2,0.06,0.2
38,17,78,1075,4.39,8,0,2,0.02,0.03
27,35,32,2070,4.27,8,0,1,0.08,0.06
35,35,71,2047,4.21,9,1,0,0.12,0.06
24,16,40,1442,3.93,10,0,2,0.14,0.17
16,29,62,845,4.56,4,0,2,0.02,0.1
27,27,26,824,4.29,8,0,0,0.12,0.11
8,27,58,2638,3.62,6,0,0,0.05,0.1
27,24,58,793,3.5,9,1,2,0.13,0.17
5,29,76,1023,3.53,10,0,0,0.06,0.11
29,31,35,758,3.61,10,1,0,0.03,0.14
6,28,22,1610,4.06,4,1,0,0.1,0.02
34,31,47,2017,3.96,10,1,0,0.14,0.14
7,30,31,2733,3.73,6,0,0,0.04,0.06
25,30,38,2891,4.27,5,1,2,0.01,0.18
29,11,54,1320,4.96,4,1,2,0.13,0.16
24,17,55,2392,3.74,8,0,1,0.11,0.04
26,30,48,2039,3.88,11,1,1,0.12,0.04
25,20,78,1068,4.19,8,0,0,0.02,0.07
37,27,77,1008,4.46,9,0,0,0.13,0.04
19,32,48,2063,4.4,5,1,2,0.07,0.15
19,22,29,2563,4.28,9,0,1,0.14,0.2
29,18,77,1024,4.61,11,1,0,0.02,0.14
25,18,44,2747,4.77,7,0,0,0.13,0.06
28,26,17,1707,5.0,5,1,1,0.1,0.12
9,16,61,808,4.2,8,1,1,0.09,0.17
10,18,49,2339,4.99,11,0,0,0.02,0.19
27,31,45,1883,4.6,8,1,1,0.11,0.02
8,10,15,2806,4.49,7,1,1,0.09,0.11
31,11,79,2442,4.46,10,0,1,0.11,0.1
22,13,25,1680,4.87,5,0,2,0.11,0.09
25,23,55,2972,4.92,6,0,0,0.07,0.11
32,13,68,1544,3.77,5,1,1,0.04,0.09
39,11,47,1511,4.24,6,0,1,0.14,0.08
26,17,27,849,4.91,8,1,0,0.14,0.04
27,27,21,1460,4.07,8,0,2,0.04,0.11
7,28,63,937,3.85,5,1,0,0.1,0.17
14,23,56,955,3.65,8,0,1,0.04,0.04
29,29,10,2069,4.4,9,1,1,0.13,0.15
12,34,24,1603,4.55,10,0,0,0.02,0.07
15,19,30,1975,3.79,9,0,2,0.15,0.09
9,26,10,2118,4.51,11,0,0,0.1,0.2
33,17,76,2012,4.85,10,0,0,0.01,0.14
9,37,21,1142,3.87,10,0,0,0.13,0.15
13,23,37,891,3.68,9,0,2,0.11,0.13
6,30,48,2580,4.75,11,1,0,0.11,0.08
5,32,46,1420,4.87,7,0,0,0.05,0.14
34,17,69,2123,3.82,4,0,0,0.06,0.1
15,14,40,2445,4.58,6,0,1,0.14,0.17
32,25,67,2957,4.39,8,0,2,0.1,0.12
68,1,261,8010,1.2781383566160494,19,4,9,0.7519374776638302,0.6111782870449362
30,19,38,912,4.74,10,0,1,0.06,0.17
17,36,22,2846,4.21,6,1,0,0.09,0.17
12,17,60,2288,4.55,10,1,1,0.03,0.09
32,18,63,2620,3.95,5,0,0,0.02,0.09
34,27,28,760,4.72,7,1,0,0.02,0.18
13,12,67,2513,3.9,6,1,0,0.1,0.05
35,26,45,1835,4.05,8,0,1,0.05,0.07
25,29,37,1458,4.09,4,0,2,0.06,0.04
38,24,77,2348,3.81,9,1,0,0.02,0.03
35,30,12,2538,4.81,7,1,2,0.11,0.13
29,36,50,1688,3.67,10,1,2,0.12,0.18
16,26,44,834,4.34,5,1,1,0.13,0.04
5,17,59,1303,4.72,8,1,0,0.1,0.16
26,11,39,2937,4.37,7,0,1,0.12,0.09
5,26,79,1471,3.99,10,0,2,0.09,0.13
5,27,63,1594,4.67,11,0,2,0.08,0.16
25,38,60,1440,4.25,8,1,2,0.05,0.15
19,14,37,1402,3.74,5,1,0,0.02,0.04
21,18,73,1768,3.98,5,1,0,0.05,0.04
26,18,30,523,4.39,4,1,1,0.11,0.19
39,11,36,1056,4.49,10,0,2,0.14,0.03
20,11,36,2950,4.32,10,0,0,0.05,0.06
12,28,59,1896,3.91,7,1,2,0.1,0.1
21,32,38,2988,4.39,4,0,0,0.08,0.17
21,36,48,2376,4.0,4,0,1,0.1,0.13
30,12,66,2257,3.84,10,1,2,0.01,0.12
17,26,46,1381,4.92,4,1,0,0.03,0.14
21,23,73,2378,3.97,9,1,1,0.04,0.16
93,2,280,7435,1.3157406382873433,23,3,9,0.7844675144702544,0.6440335281027332
18,23,31,1741,4.85,6,0,0,0.02,0.02
10,15,39,2578,3.71,5,1,1,0.09,0.04
39,12,37,2869,4.38,4,0,0,0.14,0.05
18,10,32,1773,4.68,6,1,2,0.1,0.03
12,39,13,1065,3.91,6,0,1,0.08,0.15
19,25,12,2557,4.77,6,0,2,0.06,0.18
31,38,70,1177,4.65,4,0,0,0.1,0.15
17,13,13,1350,4.23,6,1,2,0.08,0.05
35,38,74,784,3.68,4,1,1,0.11,0.13
39,10,21,2700,4.96,7,1,1,0.1,0.11
10,26,22,2052,4.44,5,0,1,0.09,0.17
9,37,43,870,4.28,8,1,1,0.14,0.19
26,27,68,2848,4.83,4,0,0,0.13,0.15
27,35,40,2340,4.13,5,0,2,0.1,0.11
29,17,22,2378,4.35,4,1,0,0.09,0.11
38,11,63,2693,4.79,9,0,1,0.11,0.17
30,36,11,2110,4.09,7,0,2,0.12,0.04
9,27,42,640,4.66,10,0,1,0.05,0.05
30,36,59,2631,3.88,5,0,2,0.1,0.08
24,36,16,1629,4.55,5,0,2,0.03,0.15
10,25,27,2127,4.27,6,1,1,0.07,0.03
10,35,60,1878,3.75,10,1,0,0.14,0.08
22,19,17,2568,3.7,4,1,1,0.06,0.08
8,17,64,1744,4.19,4,0,2,0.03,0.11
21,21,52,1610,4.57,8,1,0,0.03,0.1
18,31,68,2215,4.4,6,0,0,0.07,0.15
18,25,39,952,4.78,10,0,0,0.04,0.13
17,21,68,841,4.08,6,0,0,0.07,0.18
11,20,18,892,4.77,8,0,2,0.11,0.05
19,29,77,1875,3.56,6,1,2,0.13,0.1
23,28,48,1769,4.05,6,0,1,0.03,0.09
39,10,20,2209,3.61,7,1,2,0.12,0.04
21,36,11,1470,4.88,9,1,1,0.02,0.05
39,12,32,2106,4.21,5,1,2,0.06,0.08
23,21,72,2705,3.97,10,1,1,0.15,0.15
24,39,31,1198,4.24,8,0,0,0.02,0.05
39,18,70,665,4.3,11,0,0,0.01,0.07
36,30,35,2581,4.77,7,0,2,0.06,0.14
28,38,21,754,4.31,9,0,0,0.14,0.13
21,31,41,801,4.15,7,1,1,0.01,0.04
11,14,18,2767,4.94,11,0,1,0.04,0.19
5,10,78,1434,4.95,7,0,0,0.09,0.05
39,19,42,2005,3.56,6,0,0,0.04,0.03
36,26,33,1756,4.56,9,0,0,0.02,0.07
17,13,78,1452,4.06,9,1,2,0.02,0.02
10,24,47,2762,4.51,8,0,1,0.09,0.03
18,28,20,744,4.46,6,0,2,0.09,0.12
19,36,41,2567,4.0,11,1,2,0.11,0.18
8,17,73,709,4.98,6,0,1,0.03,0.09
20,37,29,925,4.04,11,0,1,0.08,0.07
32,37,43,1480,4.45,7,0,1,0.09,0.18
20,32,51,2619,4.72,4,0,2,0.04,0.03
8,24,17,677,3.72,8,1,1,0.09,0.11
30,36,75,2046,3.95,8,1,0,0.11,0.07
32,16,30,2398,3.8,7,0,1,0.15,0.09
36,24,79,2534,4.67,7,0,2,0.09,0.09
6,17,14,798,4.7,10,1,0,0.13,0.12
35,39,76,2813,3.88,5,0,0,0.13,0.1
7,35,52,774,3.51,7,0,2,0.14,0.2
12,32,25,2228,4.14,6,0,2,0.11,0.02
28,19,44,2346,4.53,10,1,1,0.04,0.16
19,27,52,2294,4.43,7,1,0,0.05,0.03
35,13,48,552,4.17,11,1,1,0.12,0.1
96,4,257,10862,1.66775270483021,17,4,5,0.7336784656830723,0.46074524814612133
6,20,29,1923,4.21,4,1,2,0.05,0.19
12,31,10,1937,3.52,4,1,0,0.1,0.15
11,12,15,2127,3.61,6,0,0,0.14,0.1
20,24,62,2447,3.74,4,0,0,0.06,0.19
39,12,55,988,4.44,7,1,1,0.09,0.15
34,24,75,2854,3.83,4,1,0,0.09,0.19
14,15,47,916,4.14,7,0,1,0.03,0.15
22,10,42,1420,4.43,11,1,0,0.02,0.03
9,23,76,2053,4.75,9,1,1,0.13,0.13
33,25,44,1165,4.32,5,1,1,0.14,0.2
84,1,160,9262,2.42370918775147,22,5,9,0.7297912542424225,0.667721914354916
27,30,31,2969,4.93,11,1,2,0.07,0.16
9,26,77,1974,3.64,9,0,2,0.05,0.05
34,35,26,2937,4.05,6,0,0,0.14,0.1
10,17,14,2881,4.88,5,0,0,0.13,0.04
8,27,66,1971,4.4,4,0,2,0.12,0.08
33,25,49,837,4.49,6,0,1,0.06,0.16
65,4,152,8896,1.4171871401691432,16,5,5,0.7277671595651389,0.7954664246072144
10,19,51,2612,3.62,7,1,2,0.12,0.08
36,19,16,1587,4.05,11,1,2,0.09,0.13
22,14,28,1793,4.1,11,0,1,0.09,0.19
19,35,50,1156,3.91,11,1,2,0.12,0.06
36,37,43,1900,3.82,5,1,0,0.12,0.05
13,21,31,2368,4.03,8,1,0,0.04,0.06
14,29,61,2876,4.46,8,1,1,0.06,0.06
24,26,15,2156,4.92,11,1,0,0.12,0.13
10,23,34,1361,4.56,5,1,1,0.05,0.2
7,23,75,2968,4.67,5,1,2,0.14,0.11
15,12,19,1836,3.96,5,0,2,0.13,0.07
21,38,35,2856,3.66,4,1,0,0.14,0.15
36,21,14,2167,3.94,11,1,0,0.05,0.05
8,29,77,2325,4.1,9,0,2,0.02,0.03
8,27,59,1712,4.53,9,0,2,0.02,0.13
21,21,26,1565,4.91,11,0,0,0.09,0.06
23,11,20,819,4.71,9,1,1,0.05,0.09
9,11,62,2180,3.9,8,0,1,0.05,0.06
36,36,59,944,4.73,10,0,1,0.04,0.19
26,26,17,1897,4.12,8,0,0,0.09,0.08
10,19,71,785,3.76,11,0,1,0.09,0.1
39,27,38,2718,4.19,11,1,1,0.07,0.06
26,31,53,2810,4.34,4,1,2,0.03,0.04
5,28,54,2327,4.65,6,1,2,0.14,0.11
24,35,38,2689,4.02,11,0,2,0.07,0.18
26,30,68,1963,3.72,11,1,2,0.03,0.08
15,10,24,1092,3.64,8,1,2,0.02,0.16
17,33,79,915,3.67,6,1,0,0.03,0.03
7,38,53,2572,4.93,10,1,1,0.05,0.06
13,13,45,593,4.93,6,1,1,0.1,0.04
16,34,66,2852,4.95,11,1,0,0.15,0.09
27,13,73,2732,3.95,6,1,1,0.05,0.18
18,39,47,2830,3.79,8,0,1,0.12,0.09
37,11,26,1678,4.97,7,0,1,0.14,0.13
22,28,36,1185,4.98,6,1,2,0.06,0.18
13,30,26,1362,3.62,9,1,2,0.05,0.08
27,21,72,1184,4.63,10,0,0,0.08,0.09
14,19,20,1537,3.93,10,1,2,0.14,0.04
23,22,73,840,4.86,7,1,1,0.01,0.08
9,38,48,1103,3.63,4,1,0,0.08,0.15
27,39,11,2306,4.83,9,0,1,0.12,0.17
34,31,75,1233,3.5,11,0,1,0.09,0.15
29,32,63,1996,4.28,10,0,0,0.08,0.02
32,29,38,1631,4.0,7,1,1,0.09,0.04
38,32,54,1854,4.14,7,0,0,0.1,0.15
29,24,40,1039,4.15,5,1,0,0.11,0.19
14,35,58,2986,4.48,6,0,1,0.06,0.15
18,12,18,2232,3.53,11,0,1,0.08,0.06
34,32,36,2235,4.54,8,0,1,0.05,0.04
29,29,65,2931,3.53,5,0,1,0.15,0.18
18,38,54,2707,3.78,11,0,0,0.04,0.04
39,22,52,2979,4.41,9,1,2,0.03,0.05
38,17,31,1919,3.63,11,1,1,0.05,0.13
14,34,42,2489,4.99,11,1,0,0.14,0.05
39,16,36,1114,4.68,7,1,2,0.1,0.06
15,33,49,987,4.56,4,1,0,0.07,0.05
15,17,35,1712,3.9,8,0,2,0.14,0.19
25,27,54,1941,3.57,4,0,2,0.14,0.04
25,18,54,2890,4.97,7,1,2,0.07,0.19
26,15,35,1884,3.72,4,1,1,0.09,0.08
11,36,79,2656,4.75,5,1,2,0.14,0.17
21,13,76,1348,3.8,4,1,2,0.05,0.19
6,24,15,800,4.06,5,0,0,0.07,0.11
16,14,37,1891,4.54,6,0,1,0.12,0.16
22,35,76,1839,4.92,10,1,0,0.11,0.07
81,3,290,8349,1.5363917034100523,20,4,6,0.6634721060639254,0.6860503798384222
20,16,72,768,3.89,4,0,1,0.03,0.12
22,39,22,2024,4.65,5,0,1,0.13,0.17
39,18,10,977,3.76,7,1,2,0.01,0.13
30,16,49,675,3.67,9,0,1,0.14,0.02
20,18,46,738,3.57,10,1,1,0.05,0.07
63,4,225,7748,2.477196371796304,17,5,7,0.5537042438045517,0.4861432982348916
97,3,193,10764,1.8097126470155644,23,4,7,0.6564174449017237,0.7819481055375133
17,39,18,2287,4.94,8,0,0,0.07,0.09
8,35,73,991,3.9,6,1,2,0.01,0.09
6,13,66,2646,3.68,6,0,1,0.04,0.05
30,15,22,828,4.1,8,1,2,0.1,0.08
31,33,46,944,3.58,9,0,2,0.07,0.17
31,23,23,2189,4.0,4,0,1,0.07,0.17
19,18,34,1497,4.46,5,1,1,0.02,0.12
12,10,66,2842,3.75,6,1,2,0.06,0.14
11,26,51,941,4.45,8,1,2,0.08,0.12
16,22,51,1294,4.96,6,0,0,0.02,0.03
17,33,56,2331,4.8,6,0,2,0.02,0.15
21,36,53,1390,4.04,11,1,1,0.08,0.2
21,16,50,2578,4.13,4,1,2,0.09,0.06
25,18,12,1654,4.13,6,1,1,0.05,0.2
12,20,10,2251,4.79,5,0,0,0.06,0.2
9,12,20,2985,4.99,8,1,1,0.12,0.05
30,35,16,1849,4.74,9,1,1,0.13,0.19
20,21,21,2833,4.34,9,0,2,0.06,0.14
32,30,47,790,3.65,9,1,2,0.06,0.1
33,12,63,867,4.93,4,0,1,0.13,0.08
16,24,76,985,4.79,9,0,0,0.15,0.13
34,30,62,667,4.76,4,0,1,0.05,0.17
27,19,41,2384,4.09,11,1,1,0.12,0.03
20,10,54,2290,4.17,9,0,1,0.08,0.12
18,23,60,577,3.68,8,0,1,0.05,0.14
14,36,46,1608,4.91,5,1,0,0.11,0.02
11,29,68,1391,4.91,10,0,1,0.07,0.18
33,15,63,1160,3.88,9,0,1,0.05,0.19
7,11,27,1724,4.54,6,1,1,0.03,0.13
19,38,10,1088,3.81,6,0,2,0.13,0.04
23,32,30,1064,4.09,9,1,2,0.13,0.19
17,17,37,801,3.95,5,0,0,0.02,0.16
25,10,25,2840,4.08,10,0,0,0.1,0.03
31,38,57,793,3.96,7,1,1,0.03,0.12
33,13,37,608,4.02,8,0,0,0.1,0.04
24,36,31,2912,4.69,5,1,1,0.14,0.05
29,13,10,2017,3.95,6,1,0,0.05,0.05
10,38,51,2640,4.72,8,0,2,0.06,0.09
6,14,79,2208,4.35,9,1,1,0.12,0.18
26,39,12,927,4.67,8,0,1,0.11,0.03
63,1,216,11468,2.322708929996237,22,3,9,0.7865774420658911,0.4294545596998857
20,37,36,2915,3.71,5,1,0,0.13,0.19
22,29,60,604,4.02,7,0,1,0.14,0.14
9,18,33,2756,3.58,8,0,2,0.07,0.17
34,32,29,1584,4.11,9,0,0,0.02,0.18
23,22,41,511,3.86,8,0,0,0.08,0.15
27,27,22,1148,4.36,8,0,0,0.11,0.14
77,3,289,7392,1.6198572258718453,23,3,7,0.4061031074622076,0.6089134241429818
17,34,29,2933,4.23,9,0,2,0.02,0.11
33,10,11,1383,4.0,9,1,1,0.05,0.1
26,31,77,1054,3.73,10,0,0,0.01,0.11
13,24,69,1959,3.54,5,1,1,0.11,0.1
23,11,13,1843,4.52,8,1,0,0.03,0.18
10,25,26,2394,3.55,9,1,0,0.11,0.18
19,29,10,1488,4.88,6,0,2,0.04,0.04
24,31,42,2079,4.39,6,1,1,0.15,0.12
13,14,39,852,4.03,9,0,2,0.08,0.19
36,36,14,2006,3.56,4,1,1,0.02,0.13
8,31,21,2529,4.12,10,1,1,0.12,0.16
22,28,41,2346,4.8,8,0,1,0.07,0.09
9,14,47,2890,4.95,11,1,0,0.1,0.09
24,11,26,2883,3.63,10,1,2,0.14,0.08
27,16,67,2571,4.67,7,0,2,0.08,0.02
15,12,49,1384,3.89,10,0,2,0.12,0.19
26,26,33,1965,4.07,4,0,0,0.05,0.08
77,3,182,11339,1.7287645046749387,20,3,5,0.4849542160816937,0.7194448280176748
33,33,28,1073,4.99,8,1,1,0.02,0.16
38,33,38,2188,3.81,10,0,0,0.14,0.11
17,12,61,1274,3.7,8,0,1,0.04,0.09
13,22,26,742,4.39,11,1,1,0.05,0.18
35,16,30,2889,4.78,9,1,2,0.14,0.17
11,34,69,1364,4.47,5,1,0,0.03,0.2
8,33,29,2720,4.02,10,0,1,0.05,0.14
23,12,62,1939,4.97,5,0,0,0.09,0.14
34,24,72,2650,4.99,6,1,0,0.15,0.08
35,38,66,2707,4.66,4,1,1,0.11,0.04
39,27,38,1213,4.7,4,0,1,0.03,0.04
25,38,10,1075,4.64,11,0,0,0.11,0.14
35,19,68,2743,3.89,11,0,0,0.07,0.04
23,32,73,1488,3.73,9,1,1,0.15,0.18
35,16,53,1914,4.33,4,1,2,0.1,0.15
36,18,57,569,4.93,11,1,1,0.08,0.06
6,14,24,1342,4.82,9,0,0,0.09,0.07
14,29,44,2794,3.66,6,0,0,0.1,0.15
6,17,32,2876,3.59,7,1,1,0.11,0.17
6,23,62,2705,4.81,7,1,1,0.02,0.17
28,13,54,1417,4.42,9,0,0,0.03,0.13
21,29,22,1242,3.96,7,1,0,0.05,0.05
36,37,43,554,4.34,9,0,0,0.08,0.17
20,23,47,2337,3.83,11,0,2,0.05,0.16
20,21,79,1876,4.92,4,0,2,0.04,0.17
35,11,77,909,4.74,8,0,0,0.14,0.05
28,22,14,1538,4.94,4,1,0,0.01,0.14
5,10,49,646,3.78,11,0,1,0.14,0.19
15,29,79,2013,4.77,9,1,0,0.14,0.07
25,16,30,2179,4.34,8,1,2,0.11,0.15
8,37,37,1548,3.99,10,0,0,0.01,0.07
11,34,12,2214,4.22,11,1,2,0.04,0.08
30,18,32,2880,4.92,5,1,1,0.15,0.11
16,37,28,1697,4.54,11,1,2,0.14,0.18
35,35,59,2298,4.04,9,1,1,0.15,0.03
21,26,67,2837,5.0,9,1,2,0.15,0.2
37,30,29,526,4.02,11,0,2,0.02,0.16
15,32,62,1624,4.72,6,1,2,0.09,0.08
32,22,18,2935,4.68,10,0,2,0.13,0.08
36,32,13,1590,4.58,7,1,2,0.05,0.11
5,19,50,749,4.5,4,0,1,0.07,0.18
32,25,34,641,3.66,4,1,0,0.05,0.02
11,15,43,766,4.99,5,1,1,0.02,0.12
6,25,18,714,3.74,8,1,0,0.02,0.03
28,20,22,988,4.39,7,0,1,0.01,0.04
8,35,18,995,3.87,11,0,2,0.08,0.14
23,29,13,979,3.75,6,1,0,0.1,0.06
30,12,43,500,4.34,8,0,0,0.05,0.03
15,37,16,2403,4.75,8,0,1,0.13,0.05
15,38,24,1340,4.07,9,1,0,0.13,0.06
7,18,47,2927,3.62,11,0,2,0.03,0.16
16,24,61,1343,4.44,11,1,0,0.02,0.13
7,37,16,2385,4.65,7,0,1,0.05,0.15
31,22,54,2849,3.94,6,0,0,0.11,0.09
6,19,68,1149,4.54,10,0,1,0.08,0.04
20,29,30,1940,3.61,10,0,2,0.08,0.16
6,33,37,2393,4.04,7,1,1,0.03,0.05
79,2,229,7815,1.6338202794191579,22,4,7,0.5294278067804692,0.5904016075190079
24,26,23,2886,4.67,4,0,0,0.14,0.07
32,16,11,1982,4.01,11,1,1,0.06,0.07
29,37,38,2225,4.18,11,1,1,0.09,0.13
36,15,27,1854,4.44,6,1,1,0.02,0.05
14,22,46,1793,4.44,8,1,1,0.02,0.1
37,37,54,1695,4.28,7,0,1,0.07,0.13
17,26,54,903,3.99,5,0,1,0.09,0.18
20,24,33,1991,4.5,6,0,0,0.06,0.09
26,13,55,2794,4.76,5,1,0,0.04,0.08
24,37,21,2046,3.73,8,1,1,0.11,0.09
31,24,62,2352,4.01,6,0,1,0.03,0.11
20,23,54,610,4.5,4,1,1,0.1,0.08
38,30,41,1312,4.63,11,1,2,0.14,0.07
36,20,27,1429,4.67,6,0,1,0.08,0.09
30,33,22,1385,4.48,8,0,0,0.04,0.16
29,13,13,1408,4.22,4,1,0,0.13,0.07
6,12,32,2839,4.47,8,1,1,0.08,0.17
16,11,71,2482,3.7,9,0,0,0.14,0.07
13,29,63,674,3.81,6,0,0,0.11,0.13
16,36,64,2656,4.89,8,1,2,0.07,0.19
30,19,78,1863,4.88,6,0,1,0.1,0.19
13,39,49,1537,4.59,11,0,0,0.03,0.1
14,22,23,2590,3.99,11,1,0,0.06,0.03
36,29,37,960,4.47,4,1,1,0.09,0.18
38,38,76,648,4.53,6,1,0,0.09,0.04
24,35,38,837,4.27,8,0,2,0.09,0.19
6,30,70,1502,4.62,8,1,1,0.11,0.15
5,38,77,2771,3.54,9,1,0,0.02,0.19
28,32,18,1633,3.88,10,1,1,0.02,0.14
31,34,26,853,4.69,9,1,0,0.03,0.2
91,2,283,9667,1.9416691055949071,23,3,9,0.5516872170640331,0.5537887229741708
35,30,72,2613,4.81,5,0,0,0.02,0.08
18,25,55,2414,4.57,5,1,2,0.04,0.09
6,20,22,1609,3.75,5,1,1,0.05,0.08
33,19,54,583,4.05,7,0,2,0.1,0.09
19,18,62,2477,3.58,11,1,1,0.07,0.18
16,21,26,726,4.46,9,0,0,0.04,0.13
32,39,56,1512,4.17,6,0,0,0.07,0.15
24,38,71,519,4.36,11,1,0,0.11,0.07
28,28,59,1966,4.97,5,1,0,0.12,0.2
25,10,52,769,4.1,8,0,1,0.03,0.07
14,27,77,2953,3.96,11,1,1,0.11,0.05
18,23,37,2031,3.73,8,1,0,0.01,0.16
22,31,54,803,3.72,5,1,1,0.11,0.17
28,30,50,1808,4.28,9,1,1,0.1,0.09
18,10,45,1309,4.62,5,1,1,0.08,0.12
38,26,42,1552,4.35,8,0,0,0.03,0.09
16,20,34,2938,4.81,11,0,2,0.12,0.07
26,29,28,2432,3.97,5,0,2,0.02,0.17
80,2,201,11259,1.165256832227481,22,4,9,0.6214023320215656,0.5633327317970757
60,3,278,8743,2.2255883835451176,22,5,8,0.5981563318887306,0.5549655486061541
18,13,76,641,3.92,7,0,2,0.11,0.1
20,24,23,2179,4.09,7,1,1,0.12,0.05
29,31,42,1308,4.39,10,1,1,0.02,0.13
98,4,204,7806,1.4427202826237369,18,3,8,0.7808093041284007,0.4405043587473733
37,35,74,2792,4.83,11,0,0,0.13,0.15
24,23,56,1265,3.67,7,1,2,0.08,0.11
22,31,44,1419,3.57,11,1,2,0.11,0.03
7,10,41,1438,3.82,4,1,1,0.11,0.19
27,35,64,2996,4.25,11,0,0,0.13,0.08
36,18,63,2813,3.99,7,0,1,0.05,0.07
20,36,60,1762,4.16,8,1,0,0.06,0.1
9,16,68,2797,3.63,9,0,2,0.12,0.1
8,32,23,1454,3.85,10,0,1,0.12,0.19
25,20,27,1814,3.65,4,1,1,0.08,0.05
18,32,64,1042,3.84,8,1,2,0.07,0.14
35,11,65,1602,4.55,8,1,0,0.15,0.04
18,11,58,643,4.36,11,0,0,0.07,0.07
10,15,69,1699,4.0,9,1,2,0.12,0.15
16,32,62,2617,3.89,9,0,0,0.07,0.16
20,28,15,2727,5.0,5,1,2,0.05,0.1
21,38,79,1092,4.65,10,1,2,0.1,0.16
27,29,17,1066,4.73,9,1,2,0.12,0.19
18,23,24,1190,3.54,6,1,0,0.15,0.19
11,37,35,1633,3.59,7,0,1,0.03,0.08
36,12,48,1164,4.57,9,1,2,0.13,0.08
19,16,12,2482,3.79,6,1,0,0.08,0.15
21,16,66,905,4.14,11,1,2,0.03,0.14
38,13,19,1485,3.78,11,0,0,0.12,0.09
9,38,12,1916,3.77,6,1,2,0.06,0.06
31,32,55,1016,3.66,11,0,0,0.13,0.13
27,14,31,1349,4.39,11,1,2,0.03,0.1
18,26,76,2401,4.61,5,0,2,0.11,0.04
19,35,74,1407,3.59,6,0,2,0.05,0.14
37,13,28,815,3.91,7,0,0,0.05,0.15
35,32,71,1785,4.49,4,0,1,0.02,0.09
39,22,66,2007,4.09,8,0,2,0.08,0.17
21,25,22,526,4.56,7,0,0,0.06,0.03
32,25,25,2018,4.64,5,1,0,0.02,0.11
23,11,25,554,3.55,4,0,0,0.04,0.19
27,27,61,2434,4.07,5,0,1,0.08,0.05
36,10,50,2355,4.59,11,1,1,0.12,0.05
17,27,57,748,4.07,10,0,1,0.14,0.09
24,35,48,2820,3.51,7,0,2,0.08,0.07
39,39,22,2301,4.0,11,1,2,0.07,0.06
9,17,13,2738,4.81,8,1,0,0.14,0.19
13,20,52,1356,4.93,6,1,0,0.14,0.08
33,33,55,1969,4.34,9,1,2,0.04,0.03
10,33,56,2376,3.96,9,0,0,0.08,0.18
29,24,62,2025,4.2,6,0,0,0.12,0.1
35,25,34,1916,3.85,5,0,1,0.13,0.15
26,26,50,2294,3.75,4,1,2,0.11,0.09
6,26,12,608,4.24,11,1,1,0.08,0.19
9,21,22,1480,4.61,9,1,0,0.07,0.07
31,19,27,2773,3.83,8,1,2,0.12,0.14
29,29,46,852,4.86,5,0,1,0.04,0.17
12,15,52,1927,3.75,8,1,2,0.07,0.06
5,17,43,2230,4.34,9,1,0,0.09,0.16
24,22,64,2692,4.66,5,0,0,0.13,0.16
27,11,61,2277,3.82,10,1,0,0.06,0.19
36,38,45,1616,3.94,10,1,2,0.09,0.19
15,28,63,2820,3.58,4,0,2,0.05,0.09
28,31,68,1033,4.92,10,1,1,0.13,0.13
15,19,61,1717,4.23,7,1,2,0.12,0.19
33,13,28,2728,3.6,6,0,1,0.12,0.02
30,21,21,1755,4.75,8,1,1,0.02,0.13
20,27,20,2479,4.35,10,1,1,0.08,0.06
39,16,57,2576,3.58,8,0,2,0.03,0.15
24,29,25,1031,4.18,11,0,2,0.1,0.16
7,33,56,2444,4.15,4,1,2,0.05,0.15
5,33,76,639,3.72,8,0,1,0.12,0.2
5,32,40,2645,4.13,7,0,0,0.02,0.11
21,35,17,761,3.92,7,1,1,0.08,0.12
62,3,229,8576,1.556071490477685,19,4,9,0.7533144907640832,0.47262918595156345
33,13,53,2559,3.51,5,1,1,0.09,0.2
24,16,59,2048,3.66,5,1,2,0.1,0.19
10,19,44,1988,4.88,8,0,1,0.07,0.2
12,35,70,2806,4.15,10,0,1,0.05,0.2
33,24,64,2571,3.76,8,1,1,0.01,0.18
37,21,75,1531,4.69,4,0,0,0.1,0.19
7,10,23,727,4.78,10,1,2,0.13,0.04
39,29,13,875,3.82,7,1,1,0.11,0.05
9,27,26,1646,4.57,4,0,1,0.14,0.18
31,34,78,1613,4.42,5,1,0,0.14,0.15
16,25,33,2771,4.62,7,1,2,0.07,0.18
24,14,58,1235,4.68,11,0,1,0.11,0.16
24,28,64,756,4.49,8,1,2,0.07,0.05
13,13,32,1332,4.93,5,1,1,0.14,0.18
8,15,21,2306,4.8,10,0,1,0.09,0.16
23,35,20,1200,3.84,10,1,2,0.12,0.12
31,26,38,1410,4.87,6,1,0,0.01,0.12
17,16,71,1198,4.04,5,1,1,0.09,0.12
17,33,62,937,4.59,7,1,2,0.11,0.09
26,32,57,2223,4.77,7,1,1,0.05,0.16
32,16,75,2584,4.15,4,1,1,0.01,0.18
26,18,57,2184,3.58,7,0,0,0.11,0.07
23,22,68,2653,4.92,11,1,0,0.06,0.03
12,29,66,1114,3.61,6,1,2,0.07,0.06
12,23,12,2442,4.02,6,1,1,0.09,0.16
30,25,41,2412,4.39,10,0,1,0.03,0.18
30,32,17,2779,3.68,7,0,2,0.02,0.08
27,18,39,1540,4.76,8,1,1,0.14,0.05
17,24,24,1682,3.81,7,1,1,0.06,0.17
32,14,64,1459,4.98,8,1,2,0.05,0.06
13,27,47,2339,4.87,7,0,0,0.02,0.06
24,30,24,1805,4.41,5,0,1,0.03,0.04
23,29,39,777,4.49,7,0,0,0.07,0.18
16,17,55,624,4.3,5,0,0,0.06,0.08
19,24,73,1843,4.09,8,1,0,0.07,0.05
35,30,35,1174,4.03,11,1,2,0.11,0.19
18,34,76,1214,4.84,7,1,2,0.1,0.08
15,18,45,2510,4.36,8,0,2,0.08,0.15
30,28,40,2005,4.73,10,0,0,0.12,0.06
31,38,49,1847,4.27,6,0,0,0.13,0.15
15,35,55,1412,3.96,9,1,0,0.09,0.06
38,31,51,2489,3.64,11,0,1,0.03,0.13
23,15,27,2942,3.99,10,1,0,0.07,0.1
10,13,45,1272,4.82,4,0,1,0.1,0.16
32,20,59,2733,4.57,8,0,0,0.02,0.15
5,38,70,1580,4.68,11,1,1,0.01,0.19
39,19,49,2252,4.66,5,0,1,0.14,0.09
12,12,12,1500,3.68,4,1,2,0.11,0.16
11,10,16,2237,3.74,11,0,2,0.03,0.19
15,21,40,573,3.98,9,0,0,0.07,0.08
8,32,74,1608,3.95,10,1,2,0.04,0.07
29,24,73,1537,3.6,7,0,1,0.01,0.16
16,24,12,2164,3.73,5,0,2,0.06,0.1
30,30,44,1411,4.78,4,1,2,0.1,0.09
16,23,24,1293,4.38,10,0,1,0.14,0.12
28,35,30,2596,4.01,4,1,0,0.12,0.19
20,16,71,858,4.29,8,1,0,0.04,0.04
93,3,278,8490,1.9484180146862267,17,5,5,0.7794746503481425,0.7244073919994642
29,33,13,2357,4.38,7,0,2,0.08,0.04
8,28,22,1576,3.61,7,1,0,0.04,0.18
15,16,60,2300,4.85,7,0,1,0.13,0.04
36,37,57,2075,3.86,8,1,0,0.03,0.04
11,12,48,2219,4.73,8,1,1,0.05,0.19
15,39,76,2168,4.49,11,0,2,0.09,0.12
32,12,67,2603,4.28,7,1,0,0.03,0.17
27,35,11,1378,4.89,10,1,1,0.1,0.1
27,34,34,2802,3.74,4,1,0,0.14,0.1
32,38,20,504,3.68,9,0,2,0.11,0.18
30,27,10,2104,3.98,7,1,0,0.12,0.2
29,39,57,1575,4.75,11,0,1,0.07,0.13
33,29,57,828,3.55,8,0,2,0.06,0.19
23,31,19,2645,3.86,11,0,1,0.06,0.18
79,2,234,11860,1.0277248000198398,20,3,6,0.7146784489764567,0.46228623382881345
18,12,44,1282,4.57,8,0,0,0.08,0.19
18,37,28,1076,3.95,7,1,2,0.08,0.06
39,35,62,826,4.17,10,1,2,0.02,0.18
34,39,43,2790,4.01,9,1,2,0.1,0.08
32,35,41,2027,3.64,4,0,2,0.11,0.03
21,16,15,2914,4.61,10,1,1,0.04,0.16
7,16,22,1965,4.19,4,1,2,0.12,0.19
20,14,73,2781,4.72,8,1,1,0.13,0.06
34,12,16,1151,4.54,8,0,1,0.03,0.12
33,27,54,2880,3.59,5,1,0,0.07,0.15
19,24,54,994,4.25,6,1,0,0.13,0.08
29,29,74,1638,4.99,5,0,2,0.08,0.05
27,23,28,2916,3.96,8,1,2,0.12,0.09
29,38,56,1856,4.24,11,1,0,0.04,0.1
11,13,55,1653,4.48,9,0,0,0.02,0.15
26,36,38,2642,3.8,11,0,1,0.02,0.06
21,33,70,1624,4.55,8,0,2,0.15,0.17
22,17,74,1719,4.49,7,0,0,0.03,0.11
60,3,162,7213,1.5451407911612118,18,5,8,0.7510308562886541,0.6156818632240433
14,30,60,2542,3.93,6,0,1,0.05,0.12
11,22,72,707,4.88,11,1,1,0.02,0.1
31,31,31,972,3.69,5,0,0,0.04,0.07
37,17,42,2138,4.15,10,0,2,0.08,0.04
5,24,53,1531,4.65,4,0,1,0.02,0.09
38,26,16,635,3.72,10,1,1,0.14,0.09
8,14,11,760,4.9,4,1,2,0.14,0.12
62,1,246,8850,2.3715034164200217,18,5,6,0.7640902362833599,0.5687819889219088
8,13,74,957,4.26,9,1,0,0.11,0.1
30,20,67,2428,4.14,10,0,2,0.07,0.08
82,2,247,10042,1.5042157651455232,16,5,5,0.5667149590479481,0.7284315673664015
5,19,35,1936,4.92,9,0,1,0.02,0.15
11,26,44,2779,4.07,8,1,0,0.08,0.08
34,39,72,2648,4.31,9,1,0,0.05,0.05
13,24,37,646,3.97,7,0,0,0.11,0.07
39,15,34,1216,4.05,4,0,2,0.03,0.04
12,32,70,1006,3.54,11,1,2,0.1,0.18
28,30,40,2651,4.68,6,1,0,0.14,0.13
23,25,63,2883,4.95,7,0,2,0.07,0.18
31,24,76,945,4.65,9,0,2,0.07,0.17
36,17,60,943,4.28,10,0,2,0.08,0.05
18,18,67,617,4.74,5,1,0,0.07,0.1
22,20,43,2040,4.79,10,1,0,0.07,0.19
32,36,68,1428,4.32,10,0,0,0.07,0.06
33,11,30,1066,4.91,4,0,1,0.15,0.03
20,36,65,2436,3.55,11,0,0,0.03,0.08
39,22,46,587,3.52,5,1,1,0.05,0.11
35,13,73,2152,3.62,10,1,2,0.04,0.03
77,2,259,9016,2.0943868446436564,19,4,8,0.6044461970403242,0.5456785844291078
21,18,62,2205,4.14,6,0,2,0.01,0.07
95,1,260,10193,1.2097330938430702,17,5,9,0.5557170329279009,0.6000193718824189
8,28,71,794,4.51,6,1,1,0.08,0.07
34,31,28,1219,4.49,11,1,0,0.14,0.04
34,12,11,1904,4.08,6,1,0,0.06,0.03
26,39,15,1494,4.3,7,1,2,0.03,0.13
15,30,38,1806,3.96,9,0,1,0.04,0.19
6,12,50,1185,4.28,11,0,0,0.08,0.16
16,15,60,1703,4.62,7,1,1,0.02,0.17
34,37,14,1460,4.34,9,1,0,0.12,0.15
22,19,50,1434,4.13,11,1,2,0.12,0.19
30,14,71,905,4.77,10,0,0,0.11,0.19
11,39,39,1790,3.93,6,1,1,0.14,0.16
5,34,71,2117,4.22,10,0,2,0.09,0.15
30,12,36,1587,4.97,5,0,0,0.08,0.07
27,31,59,618,4.95,11,0,1,0.08,0.04
30,33,61,2888,3.51,7,1,1,0.04,0.04
10,16,58,812,4.3,6,1,2,0.08,0.15
10,31,71,662,4.01,11,1,2,0.09,0.03
12,39,69,2028,3.94,6,1,0,0.12,0.17
28,27,63,792,4.39,6,0,2,0.06,0.09
26,32,14,1189,4.17,10,0,0,0.02,0.05
23,17,18,1900,4.6,5,1,1,0.09,0.09
22,10,43,2065,3.54,8,0,2,0.12,0.15
35,34,45,1172,4.89,8,0,1,0.15,0.07
34,13,29,898,4.35,7,1,1,0.02,0.05
37,33,72,1547,4.53,10,1,0,0.11,0.15
14,35,76,2442,4.41,8,0,2,0.09,0.18
16,16,39,739,4.98,4,1,0,0.01,0.13
34,23,78,2858,4.98,11,0,2,0.11,0.11
31,22,79,2868,4.41,9,1,0,0.01,0.16
13,19,12,1171,4.53,7,0,0,0.12,0.15
25,32,58,2961,4.43,7,1,0,0.11,0.02
16,27,51,901,3.97,6,0,1,0.11,0.07
33,10,33,2606,3.79,9,1,2,0.03,0.19
37,13,53,552,4.1,11,1,1,0.14,0.19
19,37,10,1587,4.52,4,1,1,0.14,0.11
6,25,63,1642,3.58,8,0,0,0.14,0.12
22,25,61,785,4.27,7,1,0,0.06,0.02
7,27,45,2565,4.11,10,1,1,0.08,0.14
11,17,47,1528,4.29,10,0,2,0.03,0.06
22,19,53,2428,4.79,11,1,0,0.02,0.04
89,3,157,9021,1.080559654893398,17,4,9,0.6456533199278713,0.46159683109888566
35,32,38,641,4.65,10,0,2,0.09,0.14
15,33,60,896,4.5,4,0,2,0.05,0.1
8,20,50,1541,3.81,5,0,1,0.09,0.08
22,15,73,1033,4.6,11,0,1,0.09,0.15
8,10,57,2055,4.24,5,0,2,0.14,0.17
38,39,31,2298,4.22,10,1,2,0.13,0.18
33,38,26,2133,4.22,6,0,1,0.11,0.1
28,38,14,785,4.92,4,1,1,0.12,0.15
26,21,70,1528,4.92,7,0,2,0.01,0.18
6,34,15,2676,4.87,5,1,0,0.01,0.18
10,15,62,1455,4.83,9,0,2,0.07,0.11
29,37,26,1170,3.56,5,0,2,0.1,0.08
25,22,68,998,4.1,9,1,2,0.12,0.18
20,35,48,2823,4.84,8,1,2,0.07,0.07
35,26,63,1606,4.63,8,0,0,0.14,0.16
18,10,57,2355,4.18,4,0,1,0.12,0.18
32,17,46,1641,4.66,10,1,2,0.02,0.15
36,31,57,2576,3.81,8,1,1,0.07,0.14
32,17,77,1680,4.4,4,0,1,0.15,0.03
13,33,36,2578,4.3,7,0,1,0.07,0.06
26,20,36,2506,4.36,7,1,2,0.06,0.14
36,23,72,1809,4.58,11,0,2,0.05,0.16
9,33,61,2188,4.92,7,0,2,0.08,0.03
27,19,56,835,3.9,8,1,0,0.11,0.02
9,24,30,1069,4.64,8,1,1,0.02,0.08
36,16,66,2860,4.47,6,0,0,0.13,0.14
14,16,51,1098,4.54,5,0,0,0.14,0.11
19,19,57,1646,4.14,9,1,2,0.12,0.02
11,13,36,1364,4.92,7,1,1,0.14,0.05
33,34,42,2918,4.22,10,1,1,0.02,0.16
7,37,44,1304,3.68,8,1,2,0.07,0.07
23,27,25,813,4.52,5,1,2,0.02,0.04
14,36,45,527,3.69,7,0,0,0.13,0.03
32,34,75,1753,3.98,7,1,2,0.14,0.17
33,19,65,1529,3.84,9,1,0,0.05,0.1
19,28,26,2496,4.31,5,1,1,0.08,0.11
88,3,222,7925,1.341884565499491,16,3,7,0.5738712559268833,0.6781056895549237
10,22,17,1748,3.74,8,0,2,0.06,0.11
16,24,27,2636,4.69,5,1,1,0.08,0.14
17,25,27,2587,4.2,10,0,0,0.12,0.04
33,11,27,1180,4.18,10,1,0,0.03,0.18
23,38,11,874,4.83,5,1,1,0.03,0.16
7,13,60,2940,4.31,8,1,0,0.04,0.16
12,30,19,1541,4.56,7,0,0,0.02,0.12
12,27,23,2050,3.99,9,0,0,0.1,0.08
24,38,35,2679,4.34,5,0,2,0.04,0.14
8,26,56,2837,4.59,9,1,2,0.07,0.06
25,19,39,2353,3.94,10,0,2,0.11,0.04
7,36,65,1305,4.53,6,1,0,0.07,0.12
12,30,51,2756,4.35,11,0,1,0.14,0.11
27,18,13,2874,4.15,4,1,0,0.12,0.05
20,24,20,778,4.57,9,1,0,0.05,0.12
17,37,33,1905,3.98,5,0,2,0.03,0.12
7,21,76,1287,4.57,9,1,2,0.14,0.18
13,30,46,1451,4.33,11,0,0,0.07,0.16
18,37,11,1832,3.87,5,1,2,0.06,0.06
17,36,21,776,4.5,10,1,0,0.12,0.17
11,35,30,2845,4.83,4,0,2,0.01,0.19
19,18,78,932,3.97,6,1,0,0.07,0.15
11,23,73,1509,4.72,9,1,0,0.11,0.16
38,22,77,1595,4.0,7,1,1,0.13,0.07
26,37,52,816,4.73,6,1,2,0.13,0.2
28,35,63,1711,3.58,4,0,1,0.08,0.05
5,15,71,620,3.51,11,0,2,0.13,0.16
14,28,21,1865,3.67,9,0,2,0.02,0.09
20,13,10,803,4.81,5,1,2,0.05,0.08
12,29,42,1435,4.3,7,0,1,0.01,0.07
29,26,73,995,4.39,6,0,2,0.03,0.1
16,28,77,2732,4.76,6,1,0,0.11,0.16
29,12,23,2879,3.58,7,1,0,0.01,0.19
21,38,23,1212,4.08,6,0,2,0.08,0.09
30,23,18,849,4.46,4,0,2,0.07,0.14
18,26,35,2867,4.11,7,1,2,0.03,0.16
27,22,58,2959,3.55,4,1,2,0.11,0.04
10,18,26,1405,4.48,7,1,2,0.11,0.19
9,36,77,2327,4.09,4,1,2,0.11,0.06
29,10,69,1001,3.53,5,0,1,0.12,0.18
22,34,12,1677,3.76,5,0,0,0.05,0.2
17,26,34,1413,3.83,6,1,2,0.15,0.04
18,25,30,2015,4.27,7,1,1,0.02,0.18
32,27,21,1026,3.78,9,0,1,0.1,0.14
22,11,63,1692,4.04,11,0,2,0.15,0.17
32,23,10,2526,4.63,7,0,1,0.04,0.04
31,31,10,1210,4.71,4,0,0,0.05,0.17
36,32,54,2540,4.69,9,1,2,0.09,0.13
13,36,55,611,4.54,6,0,2,0.12,0.11
36,26,57,2599,4.31,10,1,0,0.06,0.12
24,12,16,2172,4.33,6,1,1,0.13,0.15
32,11,19,2802,4.93,11,0,2,0.04,0.07
37,17,24,2150,4.82,10,1,0,0.13,0.19
8,34,49,799,4.47,11,1,0,0.05,0.08
38,38,20,1457,4.2,9,1,2,0.1,0.18
7,11,65,2974,4.59,7,1,0,0.06,0.02
30,11,55,2390,3.59,10,0,2,0.06,0.18
12,35,54,806,4.92,5,0,1,0.06,0.17
10,18,22,2646,4.32,10,0,2,0.08,0.04
20,39,36,620,4.25,11,1,2,0.13,0.15
28,29,59,2518,3.94,7,1,0,0.12,0.09
34,30,70,2777,3.51,10,0,0,0.07,0.11
17,38,22,1777,3.59,9,1,1,0.05,0.03
9,36,21,1927,3.89,7,0,2,0.13,0.06
29,34,38,2017,4.31,8,0,1,0.13,0.19
24,15,29,1685,3.63,4,1,0,0.07,0.1
93,1,253,9579,1.2607264471231652,23,5,7,0.6144704755285731,0.5731679720421621
22,21,17,1955,4.12,8,1,2,0.06,0.11
6,34,33,1679,3.97,6,0,2,0.03,0.2
14,18,48,1846,4.29,11,1,2,0.06,0.08
16,16,42,1128,3.6,9,1,0,0.11,0.05
17,39,51,1714,4.78,4,0,0,0.12,0.14
62,4,155,9204,1.653596523339571,23,4,7,0.6148690156800236,0.671666295929817
23,35,77,2461,3.77,5,1,0,0.01,0.17
39,34,74,1016,3.74,6,1,1,0.08,0.14
72,1,250,10908,1.6643365230439333,22,5,8,0.4498368250999993,0.786502309638708
18,25,20,2047,4.36,4,1,2,0.11,0.16
28,14,46,2094,4.13,9,0,0,0.04,0.17
5,21,28,1319,4.4,9,0,2,0.09,0.17
26,33,60,1261,4.56,6,1,1,0.11,0.09
27,35,43,1862,4.62,10,1,1,0.12,0.09
23,29,69,2866,4.1,11,1,0,0.05,0.05
22,18,62,610,4.58,5,0,1,0.02,0.16
16,32,21,2341,3.71,8,0,0,0.04,0.15
87,2,184,7132,1.1772859251980488,21,4,9,0.5614911867455687,0.5987421209331397
32,38,75,1996,3.61,9,1,1,0.02,0.02
37,28,57,1743,3.87,5,1,1,0.03,0.19
23,29,49,986,4.37,7,0,2,0.15,0.02
32,32,33,1310,4.61,8,0,0,0.06,0.13
30,20,59,2543,3.64,8,1,2,0.08,0.1
39,36,77,1016,3.81,10,1,0,0.01,0.16
38,39,52,1334,4.99,10,1,1,0.09,0.04
39,30,26,1123,4.01,4,0,0,0.06,0.14
20,21,64,1547,3.93,5,1,2,0.08,0.13
17,12,43,2064,3.63,9,1,0,0.08,0.17
27,26,79,1655,4.54,10,0,1,0.15,0.11
26,16,69,1844,4.26,9,1,2,0.05,0.15
20,31,60,996,3.74,7,0,0,0.09,0.1
32,19,44,2929,4.45,9,1,0,0.06,0.2
39,32,43,2763,4.29,5,0,0,0.07,0.12
12,24,25,1042,4.35,9,0,0,0.02,0.16
26,39,27,1415,4.99,6,0,0,0.11,0.04
25,11,47,2301,3.54,9,1,1,0.04,0.1
30,22,52,581,4.87,4,1,1,0.08,0.03
25,37,41,1493,4.76,6,0,2,0.07,0.04
29,13,16,1679,4.12,9,1,0,0.08,0.11
5,27,55,665,4.82,9,0,1,0.06,0.08
10,33,70,2755,4.47,11,0,1,0.04,0.1
27,32,27,2571,4.83,9,0,0,0.07,0.11
27,10,49,1306,4.39,6,1,2,0.02,0.05
27,11,59,831,3.82,9,0,0,0.04,0.09
36,11,14,2085,4.36,10,1,2,0.12,0.17
34,13,63,2034,3.77,8,1,2,0.13,0.17
17,12,67,2116,3.71,9,0,1,0.11,0.11
22,26,31,2788,4.48,10,1,2,0.1,0.15
27,37,47,680,4.92,8,1,1,0.12,0.16
19,23,58,1816,4.38,6,1,1,0.03,0.03
37,11,10,2516,4.69,9,0,0,0.08,0.13
25,25,45,1606,3.75,10,1,0,0.03,0.16
27,20,37,2089,4.48,5,0,2,0.12,0.13
31,34,44,2637,4.6,10,0,0,0.08,0.12
22,22,69,2986,3.56,4,1,0,0.12,0.12
28,10,71,2238,3.65,9,0,2,0.12,0.11
11,34,55,2740,4.67,4,1,0,0.08,0.16
24,32,70,987,4.16,5,0,1,0.08,0.14
31,11,74,1111,4.11,6,1,0,0.01,0.06
10,11,35,1612,4.88,4,1,0,0.08,0.1
31,30,44,1897,4.99,9,0,0,0.1,0.12
13,38,66,1956,4.65,8,0,1,0.04,0.1
35,14,72,2693,4.69,7,0,2,0.15,0.06
25,13,13,1837,3.81,8,0,1,0.15,0.04
30,21,51,826,3.79,5,0,2,0.05,0.04
17,35,54,2700,4.97,10,1,1,0.11,0.07
27,35,48,901,4.54,11,1,0,0.01,0.09
24,38,74,987,4.53,11,0,1,0.1,0.14
32,37,31,2614,3.93,7,0,2,0.1,0.2
21,12,20,2636,4.83,4,1,0,0.13,0.18
32,29,46,1658,3.57,9,1,2,0.05,0.17
6,19,60,2749,3.91,4,1,0,0.13,0.17
29,29,67,2975,3.77,11,0,0,0.13,0.13
10,27,16,1702,4.57,7,1,1,0.1,0.07
15,30,17,2886,4.57,11,0,2,0.08,0.1
10,30,60,578,4.3,4,0,1,0.1,0.05
15,30,32,2120,3.51,7,0,2,0.11,0.12
18,36,18,2056,4.81,6,1,1,0.15,0.02
6,36,55,877,4.93,5,0,0,0.03,0.05
7,19,47,664,3.8,11,1,2,0.05,0.15
39,10,22,2063,4.76,9,0,2,0.12,0.07
37,15,16,1248,4.96,8,1,1,0.07,0.1
28,20,20,2220,3.99,7,1,2,0.1,0.17
23,11,59,2345,3.78,10,0,1,0.03,0.03
22,16,76,654,4.97,7,0,1,0.11,0.02
28,29,50,1646,3.59,6,0,2,0.1,0.06
39,30,38,1563,3.91,10,1,1,0.09,0.14
5,30,46,2716,4.61,9,1,2,0.12,0.06
29,30,65,1853,4.43,9,1,0,0.13,0.18
38,27,25,1963,4.53,8,1,1,0.13,0.08
29,30,53,2016,4.56,6,0,0,0.03,0.07
20,28,59,2901,4.53,6,1,1,0.11,0.06
38,13,15,827,4.01,5,0,2,0.07,0.12
33,22,27,2026,3.97,4,1,1,0.06,0.17
23,27,28,2892,4.14,9,1,1,0.13,0.09
27,29,60,1288,4.71,9,0,2,0.09,0.07
23,38,75,2924,4.91,8,0,0,0.08,0.1
29,34,12,1818,4.18,6,1,2,0.12,0.18
20,33,63,2981,3.63,10,1,0,0.09,0.08
13,22,58,1061,4.91,4,0,0,0.13,0.14
5,39,37,1012,3.62,10,1,1,0.02,0.08
23,36,47,1015,3.74,4,1,1,0.12,0.14
37,37,37,2039,4.8,4,0,0,0.03,0.18
38,28,41,1685,4.33,9,0,2,0.04,0.13
20,26,50,1166,4.03,10,0,0,0.04,0.19
22,10,45,2050,4.9,10,1,1,0.04,0.13
38,15,45,2912,4.94,4,0,2,0.11,0.2
29,28,75,2067,4.0,5,0,2,0.1,0.15
10,29,19,1948,4.8,5,0,1,0.04,0.14
25,10,79,1466,4.52,6,1,2,0.05,0.17
10,17,72,2480,3.91,11,0,2,0.02,0.02
36,26,31,2098,4.91,4,1,0,0.07,0.07
35,30,29,2480,3.59,10,1,0,0.06,0.06
14,31,42,863,3.98,6,0,1,0.03,0.04
34,24,24,607,4.09,11,1,0,0.13,0.19
22,27,16,1122,4.54,7,0,2,0.13,0.04
28,16,59,820,3.56,9,1,1,0.03,0.07
13,25,19,1009,4.83,5,0,1,0.05,0.08
35,16,46,1564,4.49,5,1,1,0.11,0.13
19,26,68,803,3.91,9,1,2,0.13,0.16
8,13,72,1468,4.49,8,1,0,0.02,0.13
13,21,30,1938,4.31,7,0,2,0.14,0.15
13,22,46,1917,4.0,10,0,2,0.02,0.09
30,13,54,2912,3.54,5,1,0,0.1,0.2
8,30,23,1488,4.33,10,0,0,0.01,0.05
21,10,52,2699,3.62,4,1,2,0.14,0.09
20,10,42,758,4.72,9,0,0,0.06,0.17
19,16,12,2474,3.63,4,0,2,0.1,0.06
39,18,53,2770,4.14,9,1,0,0.04,0.16
9,10,44,1789,4.15,10,0,2,0.05,0.09
9,25,34,729,4.33,4,0,0,0.11,0.05
24,27,17,2986,3.56,9,1,1,0.15,0.09
19,31,71,649,3.81,10,1,0,0.15,0.16
22,24,27,1409,3.8,10,0,2,0.12,0.04
6,15,37,1477,4.4,6,1,0,0.13,0.11
33,11,21,1134,3.9,5,0,0,0.15,0.15
17,18,73,2393,3.72,6,0,2,0.02,0.16
8,13,11,2946,3.53,10,0,0,0.03,0.09
14,22,68,1121,4.76,5,0,1,0.02,0.1
35,32,46,2690,4.96,8,0,1,0.08,0.17
12,31,13,1447,4.55,6,1,1,0.14,0.06
7,20,50,1593,4.12,5,1,1,0.09,0.2
13,22,54,553,3.68,8,0,0,0.09,0.1
34,20,43,1343,4.21,10,0,1,0.13,0.07
15,28,22,2365,4.19,5,1,0,0.14,0.02
39,17,16,798,4.13,7,1,1,0.11,0.04
17,16,41,944,4.07,9,1,1,0.14,0.16
17,34,32,597,4.25,6,0,2,0.03,0.14
16,25,58,2605,3.61,4,1,0,0.08,0.06
14,12,56,676,3.56,8,1,0,0.06,0.19
13,26,46,1218,3.6,8,0,0,0.06,0.17
11,27,57,1808,3.8,10,1,2,0.04,0.07
6,37,38,2538,3.92,10,1,0,0.14,0.08
27,36,46,822,3.75,4,1,2,0.07,0.05
25,24,32,2223,3.88,8,0,0,0.08,0.14
27,37,47,1893,3.78,4,0,1,0.05,0.15
33,26,53,2489,3.73,4,0,2,0.14,0.09
18,20,14,1345,3.94,5,1,2,0.1,0.15
30,14,61,589,4.1,6,1,2,0.01,0.2
9,25,49,630,4.62,7,1,0,0.05,0.13
35,24,20,1552,4.93,8,0,1,0.15,0.14
29,19,11,2605,4.88,5,0,2,0.15,0.09
35,23,44,1580,4.21,7,1,2,0.09,0.02
24,11,54,1493,4.19,7,1,0,0.09,0.19
21,25,58,1917,3.69,8,1,0,0.14,0.16
6,28,44,689,4.96,8,0,1,0.11,0.15
29,17,41,2623,4.64,5,1,2,0.14,0.03
17,24,77,2918,4.77,8,1,2,0.08,0.16
32,19,48,1398,3.85,7,1,2,0.15,0.14
10,39,57,2260,4.1,8,0,2,0.09,0.12
7,14,46,1005,3.65,9,1,2,0.1,0.13
39,29,69,2466,4.91,9,0,1,0.02,0.19
22,25,13,682,3.93,5,0,2,0.1,0.02
15,30,32,653,4.39,5,1,0,0.12,0.05
24,35,23,1792,3.73,5,0,2,0.07,0.18
9,31,14,2453,4.7,8,0,2,0.08,0.02
23,21,75,1546,3.78,6,1,2,0.07,0.18
26,32,33,1105,4.71,5,0,2,0.15,0.03
23,39,27,1866,4.1,6,1,2,0.08,0.16
20,22,36,2886,4.37,4,1,1,0.03,0.18
28,18,33,2458,3.9,5,1,0,0.01,0.13
8,26,38,1564,4.82,6,1,1,0.12,0.14
19,29,20,2199,4.64,10,0,0,0.09,0.03
29,37,27,1017,4.03,11,0,0,0.01,0.06
39,21,13,2954,4.38,6,0,0,0.06,0.18
18,34,42,637,3.69,7,1,2,0.14,0.17
23,14,51,1622,3.74,11,1,1,0.14,0.03
11,33,41,2888,4.3,10,0,0,0.02,0.17
34,21,60,1839,4.46,11,1,0,0.03,0.1
23,10,13,2772,4.34,6,1,2,0.01,0.12
29,29,29,2808,4.34,7,0,2,0.13,0.04
20,37,76,1602,4.61,9,0,1,0.02,0.09
12,25,77,1196,4.85,9,1,0,0.03,0.1
22,39,71,1310,4.08,9,1,0,0.04,0.14
32,21,67,972,4.31,6,1,0,0.14,0.14
20,18,56,576,4.84,6,0,1,0.11,0.12
23,22,68,2809,4.2,4,1,2,0.1,0.03
21,26,15,1525,4.17,6,0,2,0.12,0.05
17,26,49,2564,4.65,8,0,1,0.11,0.05
92,2,178,11998,1.2937246313961488,17,3,5,0.6062382108389768,0.49712209266710233
31,23,61,1439,4.61,9,1,0,0.02,0.18
14,28,13,1345,3.65,10,0,0,0.09,0.17
38,16,46,1530,4.2,10,0,1,0.12,0.05
29,36,51,2793,3.82,8,0,2,0.09,0.17
10,12,53,1485,3.98,4,1,1,0.01,0.05
28,10,51,673,4.2,6,0,1,0.04,0.12
22,21,38,1345,3.83,4,1,2,0.14,0.15
27,24,28,1192,4.27,10,1,1,0.11,0.03
10,20,41,1508,4.46,6,1,0,0.11,0.13
33,19,53,2828,4.81,7,0,1,0.1,0.07
29,11,64,1832,3.82,4,0,0,0.03,0.11
21,35,14,736,3.97,9,1,0,0.01,0.09
28,38,55,2704,4.11,10,0,1,0.07,0.14
15,13,54,1774,3.84,8,1,0,0.07,0.11
30,26,30,1744,4.0,8,1,1,0.12,0.07
38,26,31,837,4.83,8,1,1,0.04,0.18
32,37,39,1734,3.71,10,1,2,0.05,0.19
7,39,32,836,4.17,6,0,1,0.02,0.16
15,17,14,1657,3.97,6,0,0,0.07,0.12
18,32,72,2367,3.62,4,0,1,0.05,0.18
30,23,68,994,3.64,9,0,1,0.05,0.13
25,33,61,1046,4.68,11,1,2,0.05,0.05
34,38,74,660,4.78,5,1,2,0.04,0.02
98,3,216,7853,2.346971987204366,16,4,5,0.7245373612935403,0.5975215705338495
24,15,12,2934,4.31,6,1,0,0.09,0.16
36,38,51,2241,4.66,10,0,0,0.07,0.19
26,28,36,2007,3.73,5,1,0,0.02,0.17
11,36,37,2025,4.67,5,1,2,0.07,0.14
13,38,63,1487,4.14,6,0,1,0.13,0.05
5,33,24,1875,4.63,11,1,2,0.02,0.13
33,13,62,2053,3.84,11,1,2,0.14,0.1
12,12,79,2781,4.75,4,0,2,0.05,0.06
8,29,13,2523,4.35,9,0,1,0.01,0.16
39,15,26,2417,3.51,11,0,1,0.05,0.05
7,36,43,2368,4.28,10,1,2,0.02,0.13
11,32,15,2101,3.97,5,1,1,0.09,0.13
31,16,45,1799,3.59,4,1,2,0.05,0.07
5,23,48,1210,4.17,4,0,2,0.12,0.1
31,21,75,1976,3.97,9,1,0,0.11,0.04
20,25,17,2960,3.81,6,0,2,0.08,0.02
11,29,24,1541,4.02,11,1,2,0.09,0.02
27,17,72,571,3.77,9,1,2,0.1,0.05
15,32,74,2925,3.95,10,1,0,0.05,0.18
97,3,207,10427,1.053683819171835,16,4,9,0.4951204282149816,0.7702738032047709
21,22,19,1878,3.63,4,1,0,0.06,0.04
39,17,16,2317,4.87,5,1,1,0.02,0.18
9,34,21,2698,4.85,10,0,0,0.05,0.12
36,30,55,1603,4.74,10,1,1,0.09,0.03
7,29,41,1219,3.85,4,1,0,0.09,0.16
39,25,41,2515,4.59,6,1,2,0.03,0.11
18,13,70,2431,4.38,10,0,1,0.01,0.12
35,38,78,2677,3.58,4,1,0,0.02,0.13
35,25,70,1694,4.85,6,1,0,0.02,0.04
21,29,55,905,5.0,6,0,0,0.07,0.19
28,15,77,2445,4.56,5,0,1,0.06,0.07
27,36,64,1556,3.85,5,1,2,0.04,0.13
22,13,10,1035,4.33,9,0,0,0.04,0.17
18,25,76,2744,3.66,5,1,1,0.07,0.08
19,32,58,1569,3.95,7,0,1,0.02,0.13
19,32,34,773,4.58,5,1,2,0.04,0.2
10,30,25,2266,3.95,5,0,2,0.07,0.17
31,22,22,632,3.72,9,0,2,0.02,0.16
19,14,61,763,3.51,4,1,1,0.13,0.1
12,24,45,866,4.36,9,0,1,0.1,0.1
19,35,53,2552,4.95,11,0,2,0.06,0.11
7,17,56,2816,4.23,7,0,0,0.03,0.14
17,16,29,1350,3.82,7,0,2,0.04,0.05
38,23,27,2229,4.19,10,1,2,0.03,0.17
28,16,63,1944,4.4,4,1,2,0.03,0.02
36,31,21,1869,4.7,5,1,2,0.07,0.05
36,16,34,2448,4.18,9,1,0,0.04,0.11
34,32,69,2616,3.76,10,0,0,0.13,0.07
17,35,43,857,3.78,8,0,2,0.14,0.09
5,39,22,2211,4.85,6,1,1,0.11,0.08
38,27,47,1909,3.85,7,0,1,0.12,0.07
19,39,21,824,4.59,10,0,0,0.05,0.09
18,19,45,1250,3.9,4,0,2,0.1,0.11
33,27,37,755,4.58,10,0,1,0.02,0.11
38,23,48,2966,3.62,8,1,0,0.14,0.17
22,19,52,2758,3.81,6,0,0,0.1,0.08
11,16,40,1410,4.11,8,1,0,0.05,0.07
75,4,247,10586,1.3400223259761097,18,4,6,0.518442504877314,0.6442857431044691
35,35,51,1076,4.03,11,1,2,0.01,0.03
29,16,40,2713,4.36,4,1,0,0.06,0.04
92,2,288,8394,1.2399518953640714,18,3,6,0.5118343370404986,0.6915704194314429
12,14,65,2371,4.52,6,1,2,0.05,0.11
31,10,23,1652,4.27,11,1,0,0.1,0.03
6,23,23,2550,4.56,5,0,1,0.06,0.1
21,27,38,1394,4.15,5,0,1,0.06,0.09
18,22,59,2283,4.81,5,0,1,0.11,0.06
29,34,59,1593,4.07,4,1,2,0.14,0.09
34,17,72,2599,3.96,7,0,2,0.03,0.05
33,17,74,936,4.34,8,1,1,0.05,0.1
24,19,77,1521,4.26,4,1,2,0.08,0.09
25,26,20,2641,4.28,4,1,0,0.1,0.13
26,15,23,2633,4.69,8,1,0,0.08,0.19
39,24,12,1017,4.38,10,1,0,0.12,0.05
20,24,17,1241,4.83,6,1,2,0.12,0.1
21,34,52,2524,4.43,10,1,2,0.07,0.12
20,25,18,2977,3.53,8,0,2,0.02,0.12
6,17,28,1362,4.81,5,1,1,0.04,0.14
8,28,21,2541,4.76,6,1,0,0.08,0.07
25,29,36,542,3.57,11,0,1,0.14,0.13
38,24,67,2347,3.69,10,0,1,0.09,0.06
34,12,34,2233,4.33,4,0,0,0.08,0.04
10,15,54,903,3.56,8,0,2,0.11,0.17
21,39,57,1826,4.12,4,1,1,0.03,0.11
29,34,59,1705,4.96,10,0,1,0.03,0.09
9,17,53,2716,3.76,9,0,2,0.06,0.19
9,25,68,2750,3.81,4,1,2,0.15,0.15
24,24,42,2649,4.51,11,0,0,0.13,0.14
20,22,37,2099,3.57,8,0,1,0.11,0.05
13,35,27,2893,4.73,9,1,0,0.06,0.06
9,29,64,941,3.8,9,1,1,0.09,0.11
6,24,42,749,4.3,9,0,0,0.05,0.14
13,27,24,1377,3.87,4,1,0,0.1,0.09
26,22,70,2386,4.49,7,1,2,0.07,0.03
26,33,20,1803,4.38,7,1,1,0.03,0.14
26,17,45,2240,4.92,4,0,0,0.04,0.16
38,23,24,1612,4.17,6,0,2,0.1,0.19
33,37,62,2444,4.81,6,1,2,0.11,0.09
37,20,71,2398,4.36,11,1,2,0.02,0.07
22,15,57,2522,4.87,6,1,1,0.12,0.19
11,39,24,747,3.94,6,0,0,0.13,0.15
5,33,72,2638,4.32,7,0,1,0.11,0.03
37,34,52,1067,4.09,10,0,1,0.11,0.12
5,38,59,2369,3.6,6,0,2,0.04,0.03
28,10,69,2362,4.36,8,0,1,0.14,0.06
8,34,68,1688,4.69,6,0,1,0.05,0.03
8,11,24,1853,4.33,11,1,0,0.04,0.06
22,39,38,2627,3.92,8,0,2,0.1,0.11
31,22,49,1433,3.9,7,0,2,0.06,0.07
36,10,40,1480,3.86,8,0,0,0.14,0.04
37,33,20,1369,4.97,11,1,1,0.07,0.11
32,33,71,668,4.1,9,1,0,0.03,0.15
10,36,17,878,3.98,8,1,0,0.14,0.03
20,13,60,1732,4.13,4,1,1,0.08,0.18
38,33,66,2432,3.67,8,1,2,0.08,0.14
27,32,13,2425,3.79,11,1,0,0.06,0.11
28,38,45,693,4.26,9,1,1,0.13,0.09
17,11,28,763,4.7,4,1,2,0.05,0.09
22,30,33,1770,4.81,9,0,0,0.01,0.08
17,39,50,2153,4.8,6,0,0,0.08,0.04
21,35,58,1971,4.92,8,0,2,0.14,0.03
19,29,55,2515,3.69,10,0,0,0.05,0.08
22,25,45,2263,3.56,8,1,0,0.05,0.14
27,12,19,1020,3.66,5,0,1,0.11,0.07
34,26,16,1418,4.4,6,0,0,0.12,0.17
38,14,21,1800,4.33,11,0,0,0.07,0.09
8,35,57,1073,4.51,8,0,1,0.13,0.13
7,17,46,2037,4.06,8,0,1,0.03,0.1
11,21,45,1883,4.09,5,1,2,0.06,0.11
22,34,69,1880,4.32,11,0,2,0.07,0.07
11,32,17,2023,3.62,4,1,2,0.05,0.11
10,21,16,1395,4.7,6,1,1,0.04,0.04
26,36,52,1606,4.88,11,1,0,0.06,0.09
5,10,67,1016,4.08,11,0,0,0.01,0.1
71,3,250,9625,2.014007779738426,22,4,9,0.6644206928988573,0.5689349953305997
33,24,43,1395,4.32,6,0,0,0.11,0.09
25,26,31,964,3.85,6,0,1,0.07,0.14
30,11,30,2110,3.6,4,0,2,0.06,0.05
18,26,24,1112,3.87,4,1,2,0.07,0.02
13,29,14,1104,4.41,11,0,2,0.14,0.11
16,35,26,2154,3.56,7,0,1,0.09,0.11
10,18,28,1120,4.75,5,1,2,0.11,0.14
24,21,14,2683,4.96,11,1,1,0.04,0.08
28,13,32,2877,3.63,9,0,0,0.02,0.03
31,22,23,2942,3.87,5,1,1,0.02,0.15
12,13,19,655,4.51,10,1,1,0.08,0.19
5,16,40,743,4.71,6,1,2,0.11,0.09
28,23,22,949,4.02,7,0,0,0.12,0.13
11,36,31,2825,4.27,7,1,1,0.11,0.12
84,3,253,10036,1.440275509384438,17,3,6,0.6172813753124601,0.5469607505390801
26,32,48,905,4.08,11,0,1,0.02,0.18
39,10,19,1569,3.62,6,0,1,0.13,0.15
34,10,40,1248,4.99,4,0,2,0.1,0.16
33,29,52,1794,3.77,7,0,2,0.03,0.04
26,13,45,2079,3.57,5,1,2,0.11,0.05
15,10,44,2785,4.12,4,0,0,0.08,0.14
24,31,77,2535,3.68,8,0,2,0.06,0.12
33,19,64,1690,4.97,7,0,1,0.04,0.16
38,11,77,1899,4.07,6,1,1,0.07,0.04
5,36,56,2748,4.74,5,0,0,0.04,0.12
35,30,15,2779,3.76,10,1,0,0.02,0.11
34,33,37,1223,3.71,7,1,1,0.13,0.17
22,24,39,1941,4.47,6,1,2,0.09,0.05
21,12,36,1677,4.86,11,0,2,0.06,0.08
18,34,78,1224,3.67,11,0,1,0.07,0.05
27,32,48,586,4.38,5,0,0,0.13,0.1
29,18,44,553,3.63,7,1,1,0.05,0.18
19,26,53,2251,4.72,5,0,0,0.06,0.14
26,30,24,1565,4.86,8,0,2,0.12,0.15
7,37,41,1753,4.44,10,1,2,0.04,0.04
23,22,38,1241,4.53,11,0,1,0.1,0.1
38,12,72,2983,3.58,10,1,2,0.07,0.17
39,13,15,2372,3.61,10,0,1,0.08,0.17
5,13,36,2989,3.77,5,0,1,0.12,0.2
25,20,37,2714,3.91,10,1,0,0.15,0.11
33,37,14,2446,4.64,10,1,1,0.13,0.02
10,16,50,1986,4.15,6,0,1,0.03,0.18
5,35,65,572,3.62,7,0,2,0.04,0.19
5,20,63,1224,4.78,6,0,0,0.07,0.19
31,33,27,769,4.99,8,1,0,0.11,0.16
25,20,52,718,4.18,9,0,0,0.08,0.06
20,19,38,1046,4.27,4,0,2,0.14,0.05
30,14,19,1601,3.62,5,1,0,0.02,0.15
20,22,15,2855,4.07,6,0,2,0.05,0.05
32,38,13,2288,4.06,9,0,0,0.04,0.19
5,21,43,2468,4.95,7,0,1,0.11,0.1
14,19,42,2427,4.49,7,1,0,0.08,0.03
21,16,13,920,4.67,4,0,2,0.01,0.05
27,28,53,1759,3.69,7,1,2,0.12,0.07
11,28,40,2357,4.13,10,0,1,0.06,0.15
11,28,75,1084,3.79,8,1,1,0.05,0.15
19,21,67,2062,4.79,4,1,2,0.04,0.06
38,29,69,2585,3.73,8,1,0,0.14,0.14
8,31,11,2289,4.16,11,1,1,0.14,0.03
18,24,45,2973,3.58,5,1,1,0.02,0.04
18,14,79,2392,4.45,11,1,0,0.04,0.12
20,33,69,2981,4.22,8,0,2,0.1,0.15
11,39,32,704,4.25,5,1,1,0.1,0.18
36,23,56,1241,3.65,8,0,1,0.07,0.1
23,21,55,1704,4.27,4,0,2,0.09,0.04
6,38,53,2587,4.35,5,1,0,0.11,0.19
14,30,28,667,4.94,9,0,0,0.14,0.1
21,20,58,1141,3.55,8,0,1,0.11,0.11
16,37,67,1605,4.88,8,0,2,0.03,0.17
10,14,16,2323,4.22,11,1,0,0.11,0.13
26,25,50,601,3.82,7,0,2,0.02,0.07
36,39,24,588,4.5,11,0,1,0.08,0.12
24,35,62,2892,4.28,10,0,0,0.08,0.13
5,27,32,2446,3.84,8,1,2,0.12,0.18
10,21,74,1107,4.44,7,1,2,0.01,0.06
23,36,69,2706,4.21,8,0,1,0.13,0.12
22,36,19,2710,4.53,6,0,0,0.1,0.19
10,14,67,785,4.53,11,1,1,0.01,0.03
37,25,56,1364,4.21,7,0,1,0.03,0.06
27,21,24,554,4.09,4,0,0,0.02,0.08
27,32,18,1075,3.59,4,1,2,0.12,0.14
30,11,22,2580,4.24,5,0,2,0.03,0.17
17,39,32,1057,3.86,9,0,2,0.02,0.06
11,38,42,1230,3.58,11,0,0,0.03,0.06
19,15,18,1492,4.0,9,1,1,0.09,0.17
31,32,12,1300,3.63,11,1,2,0.08,0.05
30,30,34,695,4.37,4,1,2,0.04,0.07
37,34,45,947,4.26,5,1,0,0.14,0.15
19,39,29,2321,4.69,11,0,0,0.13,0.05
31,13,63,2114,3.9,4,1,1,0.05,0.17
9,39,28,591,4.06,7,1,1,0.08,0.11
6,39,69,1107,4.53,6,1,2,0.08,0.1
37,22,46,1751,4.99,5,0,2,0.12,0.04
20,19,12,785,4.86,6,0,0,0.07,0.14
27,26,28,601,4.28,8,1,1,0.09,0.18
20,23,62,639,4.52,11,0,2,0.07,0.14
18,33,55,1334,4.3,11,1,0,0.12,0.08
33,24,65,2178,4.15,8,0,1,0.09,0.15
30,17,79,2813,4.4,6,1,1,0.13,0.11
39,32,40,1034,4.08,7,0,1,0.02,0.17
19,33,62,515,3.92,6,1,0,0.14,0.1
7,27,43,1060,4.56,6,0,1,0.12,0.06
27,12,40,2883,4.81,6,0,0,0.12,0.04
33,34,69,1409,3.93,5,1,0,0.03,0.07
38,26,20,1913,4.56,10,1,0,0.05,0.12
37,33,15,2717,4.15,5,0,1,0.15,0.05
27,33,36,1412,3.95,10,0,2,0.14,0.03
11,16,16,618,4.43,6,1,2,0.04,0.1
7,22,58,2557,4.91,9,1,0,0.07,0.08
36,39,69,2977,4.03,7,0,0,0.03,0.1
35,36,42,1991,4.64,11,0,2,0.05,0.1
22,25,56,2596,3.97,8,1,1,0.04,0.16
11,14,53,2754,4.71,8,1,2,0.02,0.19
5,13,36,1013,4.64,11,0,2,0.09,0.07
18,35,31,2507,4.65,8,0,1,0.04,0.19
36,19,56,1733,5.0,11,0,0,0.15,0.06
10,22,57,1662,3.71,4,1,2,0.08,0.16
14,19,39,536,4.08,7,0,0,0.06,0.14
11,23,11,2765,4.45,5,1,1,0.14,0.03
30,35,24,1979,4.39,8,0,1,0.1,0.15
38,31,56,2035,4.67,5,0,1,0.03,0.18
34,21,36,2727,3.57,5,1,1,0.08,0.19
25,36,36,2040,4.56,5,1,1,0.07,0.14
21,10,22,629,4.61,9,1,0,0.12,0.16
37,38,64,2271,3.59,5,0,1,0.11,0.03
14,30,26,858,4.31,6,0,0,0.06,0.05
16,39,68,2122,3.87,5,1,1,0.08,0.07
20,29,19,2081,4.7,4,0,0,0.08,0.12
36,29,42,1677,3.57,5,1,1,0.07,0.09
19,16,46,1005,3.72,8,0,1,0.03,0.14
31,18,17,2032,3.66,5,0,0,0.14,0.1
32,17,42,1317,3.6,8,1,2,0.1,0.16
21,36,16,1293,4.4,5,1,1,0.08,0.15
6,22,43,1338,4.8,7,1,0,0.09,0.15
11,23,16,1122,4.27,6,0,0,0.04,0.17
86,2,190,11660,1.9254636780281729,18,5,6,0.5416380507048717,0.7108018423299531
19,17,64,2463,4.02,4,0,1,0.11,0.16
29,30,16,1805,4.04,5,0,2,0.08,0.03
27,31,27,2224,4.18,8,1,0,0.08,0.13
81,1,211,9171,1.172561001942656,19,5,8,0.7617593815289769,0.46981157903308196
30,25,49,928,4.51,10,0,2,0.12,0.15
37,38,62,2066,4.01,11,1,1,0.12,0.03
15,20,23,1824,4.49,11,0,0,0.12,0.2
14,25,30,2914,4.32,6,1,2,0.04,0.13
29,23,66,2352,3.57,9,1,0,0.1,0.05
28,12,55,2267,4.88,5,0,0,0.12,0.1
37,30,35,1568,3.77,6,0,2,0.09,0.17
21,11,33,2016,4.18,4,1,2,0.12,0.05
83,1,268,9900,1.4697911271593658,17,3,5,0.6383256585133061,0.6501239261722898
6,13,51,2599,3.87,4,1,0,0.03,0.02
36,31,52,1063,3.53,6,0,1,0.05,0.16
28,14,41,1476,4.24,7,1,1,0.09,0.06
13,19,15,1841,3.84,11,0,1,0.05,0.09
8,29,76,1933,4.37,7,1,1,0.14,0.12
21,38,16,2870,4.73,9,0,1,0.04,0.05
81,3,253,10737,1.925913010614963,20,4,7,0.4761576895854559,0.4860797295596264
34,21,43,2084,4.47,8,1,2,0.15,0.1
15,36,16,1753,4.5,11,0,1,0.04,0.06
25,14,67,1867,4.73,11,1,0,0.07,0.15
25,14,40,1894,4.53,11,0,0,0.05,0.18
22,36,54,1055,4.96,5,0,1,0.12,0.18
33,32,56,1770,4.18,9,1,0,0.05,0.1
28,10,49,718,3.58,4,0,0,0.03,0.08
14,13,39,1033,4.09,7,0,1,0.14,0.19
21,36,71,1995,4.76,11,0,2,0.05,0.03
22,30,26,1873,3.7,7,0,2,0.11,0.16
24,33,14,543,4.6,5,0,1,0.05,0.05
22,21,10,564,4.3,4,1,2,0.04,0.1
21,21,40,745,4.85,6,0,2,0.12,0.19
13,25,44,1486,4.6,9,0,1,0.02,0.12
18,33,39,2108,4.49,7,1,0,0.06,0.11
33,26,24,2224,4.83,8,0,2,0.12,0.03
35,30,65,2705,4.86,8,0,1,0.08,0.07
8,19,69,1998,4.08,6,1,0,0.11,0.02
22,26,36,1548,4.89,11,1,2,0.02,0.18
24,26,11,659,3.58,5,1,1,0.11,0.14
13,27,73,1504,4.64,5,0,2,0.03,0.04
17,11,14,2622,4.0,9,0,2,0.12,0.09
19,34,77,2685,4.23,7,1,1,0.09,0.17
31,13,22,2441,4.75,11,1,0,0.11,0.05
19,28,32,978,4.46,11,1,1,0.04,0.06
32,20,59,1826,4.19,9,0,0,0.07,0.12
23,26,46,886,3.75,7,1,1,0.12,0.05
30,21,39,971,4.91,7,0,1,0.14,0.09
30,11,32,808,4.0,11,1,2,0.04,0.2
29,15,43,1200,3.65,6,0,0,0.12,0.12
30,18,73,2421,4.35,6,1,0,0.03,0.15
30,14,64,2352,4.11,11,1,0,0.07,0.14
32,29,18,2517,4.39,7,1,2,0.14,0.06
22,38,13,1578,3.85,5,1,1,0.14,0.17
36,30,75,1285,4.07,4,0,2,0.05,0.04
7,18,42,1978,4.96,7,1,1,0.04,0.19
6,37,41,2852,4.9,5,1,1,0.03,0.06
37,38,53,601,4.8,5,1,1,0.08,0.19
23,32,46,1274,4.67,8,0,1,0.02,0.16
21,17,76,1731,3.73,9,1,1,0.06,0.05
37,29,69,1838,4.2,4,1,2,0.01,0.05
16,36,68,1071,4.59,7,1,0,0.05,0.04
7,17,45,647,3.89,10,0,1,0.14,0.06
30,31,58,2322,3.55,4,0,2,0.07,0.14
39,30,60,1096,4.13,7,0,2,0.02,0.11
12,38,17,1477,4.14,11,0,2,0.1,0.13
11,37,59,1570,3.6,10,0,2,0.14,0.03
20,32,50,654,3.98,9,0,2,0.07,0.03
28,15,47,729,4.88,4,1,1,0.1,0.14
5,12,64,657,3.88,4,0,0,0.14,0.17
29,14,77,1422,4.35,5,1,1,0.07,0.08
14,18,27,1674,4.23,10,1,1,0.1,0.05
20,16,74,2846,4.79,4,1,0,0.07,0.08
20,37,73,1746,4.48,4,0,1,0.14,0.09
12,13,21,1265,3.74,9,0,0,0.08,0.13
33,16,50,966,3.71,11,1,1,0.13,0.09
32,14,51,985,4.34,10,1,0,0.08,0.18
10,20,69,2075,3.57,11,1,2,0.1,0.09
20,38,59,943,4.09,7,0,0,0.06,0.05
24,24,45,2377,4.1,5,1,1,0.14,0.06
20,11,57,1404,3.79,4,1,1,0.1,0.1
96,1,186,8431,2.4930718821806304,21,3,5,0.7501560957011877,0.6138988633239869
18,31,34,1425,3.99,11,0,2,0.01,0.18
30,25,16,2477,3.52,5,0,1,0.1,0.05
30,16,17,791,4.71,6,0,2,0.03,0.02
18,17,40,1733,4.94,7,0,0,0.11,0.18
11,15,21,2334,3.93,11,0,0,0.06,0.06
37,33,66,1251,3.67,6,1,0,0.09,0.17
30,16,75,1734,4.93,5,1,2,0.03,0.12
24,27,21,1162,4.61,9,1,2,0.04,0.09
7,39,36,1919,4.84,9,0,0,0.07,0.05
8,31,55,2084,4.04,4,1,0,0.1,0.14
30,34,16,1419,4.23,11,0,0,0.03,0.17
15,37,70,1408,4.9,10,0,2,0.05,0.1
6,31,67,623,4.19,7,1,2,0.04,0.1
18,29,67,567,4.51,8,1,2,0.13,0.16
34,16,22,974,4.56,7,1,0,0.1,0.11
16,12,62,857,4.76,6,0,2,0.08,0.16
30,14,74,2266,4.96,10,1,1,0.14,0.03
37,10,58,1979,4.0,7,1,2,0.11,0.17
17,24,44,1869,3.87,4,1,2,0.14,0.07
18,35,26,2453,3.62,7,0,1,0.09,0.05
28,12,76,2406,4.78,8,0,2,0.03,0.03
38,17,19,1332,3.94,9,1,0,0.1,0.17
30,34,43,1853,3.57,10,0,1,0.04,0.03
25,18,13,2974,4.8,11,1,0,0.06,0.19
32,24,38,1508,4.26,6,0,1,0.08,0.12
65,4,275,10228,1.0161162771615666,18,4,5,0.48758735423271254,0.42692737639974876
13,11,55,1100,4.33,11,0,1,0.01,0.15
27,29,68,1974,3.97,5,0,2,0.06,0.07
19,14,70,986,3.69,10,1,2,0.13,0.17
17,28,77,2552,4.16,6,0,0,0.01,0.19
27,22,75,1131,3.54,8,1,1,0.03,0.09
21,20,43,2254,4.4,8,1,1,0.12,0.17
6,10,14,2078,4.14,9,1,2,0.05,0.16
24,31,18,1711,3.71,11,0,0,0.14,0.13
24,39,29,525,4.3,6,0,0,0.06,0.09
7,24,30,2709,4.7,9,1,2,0.12,0.09
16,35,26,2957,4.96,7,1,0,0.05,0.08
6,27,21,2163,4.29,8,0,0,0.02,0.1
18,25,76,1596,3.69,6,1,2,0.13,0.2
20,18,14,1756,4.72,6,1,0,0.14,0.09
23,10,69,1629,4.54,7,1,2,0.11,0.14
38,20,62,1400,4.93,9,1,0,0.12,0.08
10,18,61,508,4.3,10,0,2,0.01,0.1
17,32,57,549,4.04,6,1,1,0.12,0.04
26,20,28,2045,4.94,4,0,0,0.08,0.16
22,22,26,941,4.31,5,0,0,0.07,0.14
16,35,63,2301,3.52,8,0,0,0.09,0.08
34,11,77,2113,4.21,7,0,0,0.05,0.11
11,23,44,2583,3.5,7,1,0,0.11,0.18
36,15,50,2665,4.61,5,1,2,0.05,0.03
23,17,22,1201,4.35,4,1,0,0.09,0.19
60,1,233,10339,1.660139429926658,16,5,6,0.4854900959877056,0.5070778107198806
24,25,24,2328,4.72,5,0,1,0.1,0.17
31,30,72,2035,4.3,11,0,1,0.04,0.18
11,38,24,729,3.67,6,0,2,0.03,0.03
9,21,40,1059,3.74,10,1,1,0.01,0.16
15,20,37,1673,4.73,9,0,2,0.03,0.15
19,15,19,2378,4.03,7,0,0,0.04,0.03
7,12,66,2755,4.73,9,1,2,0.04,0.19
9,23,42,1584,3.6,9,0,1,0.06,0.13
27,37,16,1640,3.87,9,0,2,0.02,0.05
13,11,14,738,4.65,10,1,1,0.14,0.04
19,20,66,2595,4.46,9,0,2,0.03,0.12
7,31,49,1971,3.96,6,0,1,0.11,0.03
33,12,37,1991,4.9,10,0,0,0.08,0.05
10,27,45,1816,3.82,7,0,2,0.09,0.19
21,10,65,2545,4.77,9,0,0,0.02,0.15
30,39,56,1016,4.54,7,1,0,0.04,0.13
25,33,49,704,3.68,10,0,0,0.12,0.06
12,10,68,2637,4.33,9,0,1,0.07,0.06
25,21,52,1631,4.89,6,1,1,0.07,0.1
15,24,75,1713,4.43,5,1,0,0.09,0.16
12,14,18,2284,4.29,9,0,2,0.07,0.02
28,36,15,1882,4.05,8,1,1,0.12,0.03
39,15,74,2257,4.68,11,0,1,0.11,0.18
18,25,12,2179,4.87,8,0,0,0.05,0.17
18,36,46,506,4.63,5,1,1,0.12,0.15
14,21,42,2385,4.59,4,0,2,0.08,0.11
16,21,18,2869,3.79,10,1,1,0.1,0.05
38,12,62,2815,4.75,5,0,1,0.13,0.04
14,39,60,795,3.56,5,1,2,0.08,0.18
21,32,35,1910,4.64,5,1,2,0.12,0.09
21,11,25,763,3.82,8,0,1,0.1,0.15
7,16,49,2637,4.23,11,1,2,0.07,0.1
35,11,60,1352,4.54,7,0,1,0.12,0.15
5,30,48,1864,4.64,11,0,2,0.02,0.05
16,16,64,1852,4.83,4,0,0,0.09,0.11
8,20,45,900,3.92,10,0,1,0.02,0.09
17,20,74,856,3.84,4,1,0,0.03,0.06
38,23,54,1333,4.99,11,0,1,0.09,0.13
25,12,18,934,3.81,4,1,2,0.05,0.12
26,23,46,618,4.5,6,1,0,0.05,0.11
8,20,10,1522,4.93,9,0,1,0.14,0.13
22,13,75,2895,4.84,5,0,2,0.06,0.05
9,26,72,2036,4.16,7,0,2,0.09,0.09
23,25,52,1918,4.46,7,0,0,0.08,0.08
63,4,297,8342,2.0414798422960634,21,5,7,0.46996671153997227,0.5158242480521333
16,34,40,1029,4.02,8,1,0,0.1,0.03
21,19,78,802,3.72,6,1,1,0.08,0.07
14,30,17,2749,4.71,6,0,2,0.06,0.19
38,24,43,655,3.64,5,0,2,0.02,0.07
10,17,58,513,4.41,8,0,2,0.05,0.05
12,27,67,1388,4.39,9,1,1,0.13,0.16
15,12,56,1696,4.0,9,0,1,0.03,0.03
16,16,34,944,3.7,6,1,2,0.04,0.1
13,39,12,2669,4.7,9,0,1,0.04,0.17
6,19,54,2731,4.19,11,1,1,0.13,0.19
12,29,61,2343,4.59,7,0,2,0.11,0.06
15,18,43,548,3.52,5,0,2,0.13,0.07
14,23,78,680,3.61,9,1,1,0.14,0.12
25,32,17,1917,3.76,8,1,1,0.14,0.06
24,23,36,2688,3.67,7,1,0,0.08,0.05
12,20,72,1029,3.79,4,1,1,0.08,0.1
33,37,34,2175,4.53,5,1,0,0.13,0.03
16,10,67,1083,3.57,7,1,1,0.06,0.18
18,13,57,2277,3.56,6,1,0,0.01,0.08
25,35,10,1786,3.55,6,1,0,0.06,0.08
26,36,17,2690,4.55,5,1,2,0.11,0.16
25,15,30,1206,4.3,8,1,1,0.03,0.08
34,31,38,793,4.06,10,1,2,0.12,0.16
24,35,39,2061,4.51,6,0,2,0.12,0.05
28,31,12,2032,4.33,7,1,1,0.02,0.12
27,14,16,921,3.51,4,1,2,0.02,0.16
11,12,20,2094,4.76,8,1,2,0.04,0.1
13,11,41,2964,4.03,10,1,2,0.06,0.03
5,12,68,1160,4.1,5,1,2,0.08,0.15
30,18,21,2606,4.67,6,0,0,0.08,0.11
26,28,47,2805,3.78,8,0,1,0.13,0.08
14,28,33,2713,3.52,11,1,1,0.03,0.2
10,26,74,2458,4.86,4,1,2,0.11,0.18
21,27,27,2551,4.26,11,1,1,0.09,0.03
28,20,55,2550,4.02,11,1,0,0.11,0.13
14,21,65,2965,4.73,11,0,2,0.06,0.08
12,12,72,2909,3.54,8,1,2,0.08,0.03
25,27,16,868,3.8,8,0,2,0.01,0.02
10,33,75,1038,3.73,5,0,0,0.03,0.13
25,15,49,2893,4.61,10,0,1,0.06,0.08
28,16,63,1230,3.97,4,0,0,0.08,0.15
37,10,40,1396,4.66,11,1,1,0.02,0.1
22,15,61,1567,3.56,4,0,0,0.13,0.16
32,27,40,1063,4.41,8,1,0,0.14,0.17
36,22,43,2749,3.98,6,0,2,0.09,0.14
16,31,16,2868,3.78,8,1,2,0.02,0.1
31,28,25,963,4.73,7,1,2,0.11,0.2
14,16,31,1534,4.12,6,0,0,0.04,0.08
36,28,62,2880,4.36,5,0,0,0.11,0.11
30,18,26,514,3.55,11,0,1,0.07,0.11
29,12,13,1853,4.69,11,0,0,0.02,0.1
15,32,70,2777,3.93,4,1,1,0.05,0.04
27,21,61,510,4.54,9,0,2,0.07,0.08
38,29,44,2156,4.64,6,0,2,0.11,0.06
27,33,53,1747,3.68,5,1,0,0.03,0.18
33,39,24,2260,3.94,8,1,1,0.05,0.14
35,27,70,2160,4.59,5,1,1,0.02,0.07
11,17,53,2263,3.85,11,1,2,0.1,0.12
37,18,30,1041,4.77,7,1,0,0.08,0.17
25,22,56,2029,3.97,9,0,1,0.14,0.19
6,17,58,2242,4.1,5,0,1,0.11,0.03
22,31,62,1680,3.65,11,0,1,0.12,0.16
37,19,36,2952,3.72,9,1,2,0.03,0.19
38,26,40,1922,3.91,11,0,0,0.05,0.1
24,16,53,1428,3.57,9,0,1,0.08,0.2
39,26,41,1926,3.79,6,0,0,0.01,0.19
22,32,39,1612,4.11,10,1,1,0.13,0.14
28,39,27,2389,4.07,4,1,2,0.12,0.17
12,27,72,2733,3.8,11,0,0,0.02,0.07
34,33,25,1394,3.62,6,0,1,0.13,0.19
14,11,44,2626,3.98,11,0,2,0.01,0.13
27,12,71,2692,4.62,6,0,2,0.03,0.11
15,38,18,2561,4.27,4,1,2,0.02,0.17
6,37,71,2154,4.92,7,1,1,0.08,0.18
30,28,48,501,3.71,6,1,2,0.12,0.15
37,10,60,2613,3.81,11,1,2,0.03,0.02
17,30,19,2793,3.92,4,1,2,0.12,0.13
29,30,61,2125,3.52,4,0,2,0.04,0.17
8,19,21,2213,4.92,6,1,2,0.15,0.12
23,30,71,1071,4.17,9,1,1,0.13,0.19
22,23,12,935,4.22,4,0,0,0.11,0.18
34,22,20,2900,3.74,9,1,1,0.09,0.12
69,4,204,7380,2.1676416211327107,23,3,5,0.4415825520752999,0.7303533239946154
27,15,32,882,4.54,6,1,1,0.03,0.03
20,15,19,2233,4.15,9,1,0,0.07,0.13
5,28,27,1583,4.82,7,1,0,0.07,0.07
16,30,48,2449,4.86,8,0,2,0.1,0.14
28,19,35,1934,3.57,10,0,0,0.03,0.16
38,32,20,1606,3.68,7,0,1,0.09,0.09
12,12,19,573,3.54,9,1,2,0.11,0.02
22,27,12,1834,4.37,10,0,0,0.05,0.18
9,30,71,2573,3.83,11,0,1,0.12,0.12
30,28,70,1900,4.77,6,1,2,0.07,0.08
34,14,13,1334,4.2,5,1,2,0.03,0.13
17,34,70,1703,4.76,11,1,2,0.04,0.14
23,20,17,1273,4.33,4,1,1,0.05,0.05
33,19,22,2813,4.69,8,0,2,0.03,0.14
7,26,21,1903,4.06,6,0,1,0.09,0.07
30,13,44,576,4.92,4,0,0,0.14,0.16
16,35,63,1572,4.5,9,1,2,0.14,0.19
6,30,60,1903,4.39,5,1,0,0.06,0.04
73,3,225,11272,2.326967280316418,16,4,6,0.5476663789235134,0.5670417807182102
32,37,75,2232,4.91,11,0,2,0.14,0.18
22,27,24,1369,4.01,11,0,2,0.05,0.08
17,10,58,2846,4.75,6,0,1,0.14,0.03
26,23,43,1583,4.11,6,0,0,0.15,0.14
16,17,48,1880,4.65,9,1,2,0.12,0.08
6,11,35,2704,4.87,5,1,2,0.06,0.05
11,28,78,2889,4.2,10,1,1,0.1,0.04
30,24,57,1473,4.29,7,0,2,0.06,0.06
30,37,60,1725,4.0,6,0,1,0.15,0.06
28,11,13,2302,3.58,11,0,2,0.02,0.16
16,13,36,2290,4.48,9,0,0,0.14,0.16
20,39,51,2058,3.68,11,1,1,0.02,0.11
27,10,65,1688,4.03,10,1,1,0.02,0.12
13,28,78,1551,4.02,4,0,2,0.14,0.19
36,30,27,813,3.73,9,0,0,0.13,0.18
19,19,70,2088,4.5,5,0,2,0.06,0.17
17,10,13,1807,3.76,10,1,1,0.14,0.09
9,29,10,1821,4.67,6,0,2,0.13,0.09
15,31,59,2523,3.87,9,0,0,0.14,0.18
14,24,79,1872,3.93,10,0,1,0.09,0.19
17,13,29,1135,4.02,11,0,0,0.14,0.16
19,16,29,2992,3.73,7,1,0,0.12,0.16
11,39,55,1730,4.15,11,1,1,0.14,0.12
32,16,36,916,3.62,8,1,0,0.05,0.08
36,31,35,938,4.14,6,1,2,0.08,0.06
39,34,41,664,4.01,7,1,1,0.13,0.05
19,27,19,2082,4.01,5,0,0,0.09,0.15
25,22,21,2967,4.49,7,0,0,0.12,0.16
10,19,33,1487,4.65,7,0,2,0.15,0.08
5,33,60,1016,4.03,10,0,2,0.12,0.02
8,17,47,581,3.89,5,0,2,0.05,0.19
15,36,55,618,4.24,8,0,2,0.03,0.1
30,19,17,2160,4.68,9,1,0,0.05,0.2
27,23,64,1826,4.47,11,0,0,0.1,0.14
33,23,40,527,3.56,4,0,0,0.01,0.04
25,36,25,2524,4.22,8,1,1,0.04,0.08
31,29,29,997,4.99,4,1,0,0.06,0.14
17,31,47,693,4.03,4,1,1,0.13,0.14
27,20,24,1091,4.16,4,0,0,0.02,0.06
74,3,178,9781,2.464645812960442,16,5,9,0.7470503017456125,0.5217170422983974
34,30,28,2357,4.25,11,1,0,0.09,0.07
8,39,78,1559,3.74,8,1,1,0.03,0.16
20,10,72,2805,3.87,7,1,2,0.04,0.06
35,28,41,612,4.57,10,1,0,0.04,0.15
29,16,46,1817,3.71,6,0,1,0.09,0.18
16,33,75,2237,4.89,10,1,0,0.02,0.09
30,27,16,2561,3.96,5,1,2,0.14,0.02
37,12,57,2190,4.36,5,0,1,0.03,0.05
32,29,20,2687,3.98,4,0,2,0.14,0.08
13,39,40,1894,4.22,6,1,1,0.12,0.05
16,20,53,1950,4.86,9,0,2,0.13,0.07
9,14,54,1865,3.6,10,0,1,0.03,0.12
32,28,65,2736,4.78,9,1,1,0.1,0.02
39,30,41,2629,4.34,6,1,0,0.12,0.03
9,33,30,1457,4.5,5,0,2,0.09,0.17
38,33,40,1628,3.58,7,1,0,0.09,0.11
38,39,10,2928,4.64,8,1,2,0.03,0.19
17,11,20,2876,3.69,8,0,2,0.07,0.02
18,31,77,2619,4.95,11,0,0,0.03,0.02
15,13,45,2196,4.7,4,0,1,0.15,0.15
8,34,68,632,4.24,10,0,2,0.11,0.11
37,19,76,1069,4.89,4,0,1,0.02,0.18
11,11,65,624,3.75,4,1,2,0.08,0.16
12,17,60,1534,4.99,5,0,0,0.1,0.11
14,10,38,2574,4.58,5,1,1,0.02,0.11
19,36,11,706,3.65,11,1,0,0.1,0.17
19,15,15,811,4.3,9,1,2,0.03,0.16
9,20,40,2929,4.57,11,1,0,0.07,0.07
33,36,63,2285,4.42,8,1,2,0.1,0.14
23,39,49,1838,4.14,9,0,1,0.06,0.14
14,37,26,795,3.87,9,1,1,0.06,0.17
16,19,14,901,3.86,4,1,0,0.13,0.18
8,22,11,1958,4.89,9,0,0,0.05,0.07
92,3,182,7903,2.319767503355539,17,3,8,0.7857130027309575,0.7568923627395381
22,11,21,621,4.94,9,0,0,0.13,0.19
20,12,14,1250,3.82,10,1,0,0.03,0.04
29,18,69,605,4.08,7,0,1,0.02,0.12
27,14,50,1559,3.52,5,0,2,0.13,0.1
16,19,29,2073,4.85,9,1,0,0.09,0.09
38,19,10,571,3.66,10,0,0,0.13,0.15
7,21,65,1067,4.04,4,0,1,0.04,0.04
13,27,79,1744,4.76,11,1,2,0.13,0.17
22,35,65,575,4.69,11,1,2,0.02,0.02
39,30,63,1509,4.76,10,1,0,0.13,0.12
38,30,20,2775,4.87,4,1,0,0.13,0.06
18,10,12,952,4.87,5,1,2,0.09,0.14
8,12,37,1265,4.66,8,1,0,0.1,0.11
33,14,14,986,4.37,8,0,2,0.06,0.2
19,34,25,1997,4.34,10,1,0,0.04,0.18
32,35,40,1329,3.52,8,1,0,0.07,0.08
20,26,37,2440,4.58,8,1,1,0.1,0.12
16,17,16,1470,3.84,6,1,2,0.15,0.08
9,26,18,989,4.74,4,1,2,0.12,0.15
38,18,48,2923,4.33,8,1,0,0.07,0.1
5,15,52,2778,4.98,11,1,1,0.11,0.04
36,26,36,2435,3.82,10,1,2,0.03,0.14
30,17,42,974,4.59,10,1,0,0.07,0.02
21,30,65,1603,4.32,10,0,0,0.07,0.07
31,16,11,2209,4.9,8,0,1,0.15,0.18
28,16,23,2099,3.9,11,0,2,0.06,0.04
39,24,22,1695,3.59,11,1,2,0.02,0.11
30,16,33,725,4.32,9,1,0,0.02,0.16
27,31,78,2690,4.28,10,0,0,0.11,0.18
26,36,43,1207,3.97,11,1,1,0.05,0.12
8,17,28,2214,4.98,7,0,2,0.13,0.05
13,18,39,553,3.6,7,1,2,0.08,0.19
8,37,58,2743,4.35,10,1,1,0.06,0.15
11,24,52,2252,3.89,4,1,2,0.12,0.09
27,11,25,2845,3.5,9,1,1,0.07,0.07
6,16,61,1953,4.98,5,0,2,0.11,0.03
28,24,58,1078,4.22,8,1,1,0.11,0.05
35,27,20,2198,4.79,6,0,1,0.11,0.16
35,31,56,999,4.76,7,1,0,0.13,0.04
38,27,44,705,4.72,8,0,2,0.13,0.04
28,19,38,2441,4.19,5,1,0,0.1,0.06
30,31,63,1660,4.84,6,1,1,0.14,0.09
20,27,32,2955,4.05,7,1,1,0.01,0.05
17,10,33,778,4.11,9,1,1,0.14,0.18
19,16,19,1968,3.88,5,0,2,0.03,0.07
31,12,70,1176,4.17,5,0,0,0.04,0.19
8,23,17,1440,4.98,11,0,1,0.12,0.2
20,21,57,2818,4.36,9,0,2,0.07,0.16
34,23,38,940,4.75,6,0,1,0.07,0.02
34,38,35,1751,3.9,6,1,1,0.05,0.06
7,13,46,2674,4.93,7,0,1,0.04,0.07
26,22,61,1793,3.52,6,0,1,0.02,0.12
26,25,47,2343,4.9,8,0,0,0.04,0.05
16,25,15,2283,4.85,6,1,1,0.09,0.03
25,31,17,2375,3.6,9,0,1,0.11,0.05
8,14,26,1047,4.41,5,0,0,0.11,0.08
35,29,71,1485,4.68,6,0,0,0.06,0.03
35,34,43,2566,4.11,10,0,1,0.14,0.06
27,15,28,924,3.64,11,1,0,0.06,0.05
24,15,79,2605,4.74,7,1,0,0.03,0.16
19,27,46,2970,4.2,8,0,0,0.14,0.05
27,15,47,2298,3.89,6,1,0,0.09,0.16
32,16,24,2183,3.61,8,1,1,0.15,0.11
20,33,49,2448,4.46,6,0,2,0.07,0.16
25,39,18,565,3.56,8,1,2,0.12,0.1
19,33,62,1314,4.69,10,1,1,0.03,0.18
21,25,79,1674,4.66,6,1,2,0.13,0.07
17,18,75,2309,3.98,6,1,0,0.03,0.16
23,35,61,936,4.21,4,1,2,0.02,0.05
34,36,10,1289,4.5,5,1,1,0.02,0.18
22,22,39,2520,4.94,7,1,2,0.09,0.03
18,21,10,734,4.28,7,1,1,0.05,0.1
24,28,48,2238,5.0,4,0,2,0.14,0.1
23,35,25,1174,3.99,6,1,0,0.13,0.13
11,32,26,2645,4.29,5,1,0,0.12,0.1
8,32,31,1532,3.67,8,1,0,0.12,0.13
38,10,40,1426,4.33,4,0,2,0.13,0.18
6,17,49,1260,4.3,7,0,2,0.13,0.05
9,13,36,2974,4.77,7,1,2,0.14,0.06
14,30,45,726,4.99,9,0,0,0.14,0.16
36,39,13,2276,4.98,10,0,2,0.05,0.06
17,31,78,2564,3.85,9,1,2,0.04,0.18
9,28,34,2775,4.01,7,0,1,0.1,0.12
14,30,39,1205,3.91,6,0,0,0.03,0.03
14,35,56,2315,3.8,9,0,2,0.04,0.02
31,14,21,1761,3.73,8,0,1,0.12,0.16
25,26,36,1910,4.27,8,0,1,0.1,0.17
12,12,54,1168,4.81,8,0,1,0.1,0.06
5,28,72,2801,4.38,6,0,0,0.14,0.06
32,10,64,2345,4.81,10,1,1,0.1,0.19
18,38,39,1837,4.94,7,0,0,0.07,0.14
25,32,23,1824,4.07,9,0,1,0.05,0.05
34,10,65,617,4.75,10,0,2,0.06,0.1
25,32,28,2368,3.58,10,1,0,0.05,0.18
13,29,35,2597,4.22,9,1,0,0.01,0.13
21,18,47,2313,4.05,7,1,2,0.05,0.09
79,4,297,8853,2.344850039767261,22,4,7,0.47192462955986003,0.5487380816335449
35,14,45,1042,4.16,5,1,0,0.11,0.15
23,16,27,2874,4.17,6,0,0,0.1,0.07
37,34,66,2026,4.71,6,1,0,0.14,0.12
17,35,32,1769,4.8,7,0,0,0.05,0.13
18,15,23,1101,4.49,8,0,0,0.09,0.12
37,26,78,2649,4.45,10,0,2,0.01,0.06
33,31,31,887,3.67,7,1,0,0.13,0.15
14,26,37,2102,4.36,9,1,0,0.07,0.12
64,1,216,11412,1.2847248966948706,16,5,6,0.7250956780007466,0.5152719482262029
74,2,250,7539,1.8899446366998696,21,5,8,0.5126054364550703,0.4806871357882795
5,13,45,2731,3.64,9,1,0,0.13,0.08
11,39,16,555,4.45,4,0,2,0.03,0.08
31,17,32,1805,4.38,6,0,2,0.14,0.16
25,14,43,1651,3.83,4,1,1,0.06,0.11
32,14,30,1216,3.89,10,0,0,0.05,0.19
20,22,79,2249,4.66,9,1,0,0.06,0.16
27,35,56,2162,4.69,8,0,1,0.07,0.12
24,20,62,2763,4.24,7,0,2,0.09,0.05
29,17,50,813,3.72,5,1,2,0.09,0.06
32,17,41,2780,3.58,5,0,2,0.07,0.05
9,10,23,1387,3.91,5,1,1,0.07,0.1
25,22,26,746,4.6,9,0,1,0.05,0.15
22,38,34,2989,4.4,9,0,2,0.06,0.16
10,14,73,2422,4.58,11,0,0,0.08,0.04
33,37,57,2682,4.21,11,0,0,0.09,0.11
23,30,44,1525,4.63,7,1,2,0.03,0.11
37,17,46,660,4.22,8,1,0,0.12,0.1
5,26,64,2687,3.63,5,0,2,0.11,0.07
7,32,26,2851,3.62,4,1,2,0.05,0.11
25,32,37,1983,4.75,8,1,0,0.07,0.11
39,22,10,2237,4.44,8,1,0,0.14,0.13
7,18,62,624,3.92,9,0,1,0.01,0.09
84,4,298,11801,1.684114120465663,18,4,5,0.6725153741588479,0.5570195146627787
24,28,70,1870,3.7,8,1,0,0.08,0.08
38,29,22,2117,4.47,5,1,0,0.1,0.18
25,26,56,2477,4.98,8,1,0,0.11,0.16
27,16,73,2954,3.73,9,0,2,0.07,0.1
10,39,41,663,3.71,5,0,0,0.04,0.11
17,35,37,1361,4.2,4,1,2,0.14,0.18
27,12,62,2787,4.46,11,1,2,0.11,0.11
13,28,40,1736,3.54,9,1,1,0.09,0.14
21,28,17,2696,4.25,4,0,2,0.07,0.17
6,33,34,1706,3.62,4,1,0,0.08,0.18
23,18,42,1004,3.86,9,1,1,0.13,0.06
23,19,77,1024,4.57,9,0,1,0.01,0.2
11,38,16,1903,4.61,4,0,1,0.13,0.19
24,23,75,2267,4.59,8,1,2,0.02,0.07
13,27,55,1200,3.6,8,0,2,0.1,0.13
21,35,14,1517,4.68,10,0,2,0.06,0.03
31,24,26,549,4.15,5,0,1,0.1,0.05
6,35,61,1194,4.21,10,0,2,0.02,0.13
23,10,21,525,4.13,4,0,2,0.09,0.14
21,39,71,510,4.79,6,0,1,0.13,0.12
9,34,44,1307,4.52,11,0,1,0.08,0.15
22,15,71,1625,4.25,4,0,0,0.02,0.16
11,39,30,2558,4.75,7,1,1,0.02,0.05
21,24,75,1472,4.71,6,1,1,0.1,0.14
8,34,62,2954,3.51,7,0,1,0.02,0.12
29,15,30,1568,4.22,6,1,0,0.02,0.04
9,27,24,1341,3.56,9,1,0,0.07,0.06
34,10,32,858,3.96,5,1,0,0.04,0.1
16,39,40,784,4.71,10,0,1,0.04,0.18
8,33,63,2947,4.92,8,1,0,0.08,0.06
28,12,64,1974,3.86,5,1,1,0.05,0.05
33,26,35,2135,3.53,6,1,2,0.04,0.15
13,25,62,2935,4.1,4,1,0,0.08,0.2
8,17,75,924,4.0,5,0,2,0.05,0.1
28,37,48,1529,4.52,6,1,1,0.02,0.08
18,26,16,2419,4.24,4,1,2,0.11,0.07
9,17,48,2988,4.1,8,1,0,0.09,0.03
22,26,41,855,3.84,6,0,0,0.04,0.05
23,34,35,1053,4.74,7,1,1,0.09,0.04
16,39,38,2386,3.87,7,0,0,0.14,0.11
22,18,34,767,3.58,11,0,2,0.14,0.2
21,21,65,2415,4.35,7,0,2,0.08,0.16
34,38,40,1740,3.98,4,1,0,0.02,0.13
28,34,75,563,4.57,11,0,0,0.07,0.11
15,28,11,2989,3.62,10,0,1,0.01,0.13
39,13,56,1798,4.95,4,0,2,0.07,0.09
27,30,38,969,3.78,11,1,0,0.14,0.05
21,31,58,2519,4.04,10,1,2,0.08,0.13
5,34,41,2336,4.22,5,0,1,0.09,0.12
19,38,39,2523,4.84,4,1,2,0.03,0.19
36,20,24,2089,4.58,6,1,1,0.01,0.14
13,37,71,1377,3.72,7,1,2,0.15,0.16
19,13,26,1717,4.16,10,0,1,0.06,0.04
32,23,31,2560,4.31,8,1,0,0.05,0.16
28,23,39,721,4.55,9,1,0,0.09,0.2
39,15,25,2228,4.36,7,0,1,0.11,0.14
26,38,61,1919,4.19,6,0,2,0.05,0.15
31,26,17,1380,4.65,9,1,2,0.08,0.2
23,11,73,1338,4.07,8,1,2,0.06,0.09
16,17,48,1251,4.98,11,0,0,0.08,0.17
24,13,40,769,4.92,5,1,0,0.03,0.09
5,19,21,2134,4.56,4,0,2,0.08,0.1
25,16,42,1231,4.82,11,0,0,0.02,0.14
5,13,67,1115,4.09,6,1,0,0.13,0.07
14,25,21,1931,4.37,9,0,0,0.1,0.2
36,23,34,2612,3.91,4,1,1,0.14,0.08
26,25,47,2575,4.83,10,1,1,0.09,0.04
22,34,57,1812,4.21,11,0,0,0.04,0.08
36,18,64,2402,4.3,5,1,0,0.08,0.17
31,13,12,2784,4.8,8,1,0,0.1,0.08
32,38,78,883,4.7,9,0,2,0.06,0.13
22,33,44,2873,3.98,6,1,1,0.09,0.19
33,15,60,584,3.63,10,0,2,0.03,0.07
22,10,36,745,3.74,8,0,0,0.12,0.04
12,16,46,2935,4.01,9,1,0,0.14,0.04
35,10,25,2813,3.96,9,1,2,0.05,0.1
38,28,34,1303,3.56,6,1,0,0.12,0.04
11,17,42,2775,4.15,5,1,1,0.02,0.1
22,34,71,739,3.66,5,0,1,0.04,0.18
13,12,26,1596,3.83,5,1,0,0.07,0.16
13,10,52,887,4.68,4,1,1,0.06,0.12
12,10,39,2925,4.24,10,1,0,0.1,0.17
39,16,50,2759,4.06,7,0,0,0.09,0.04
81,4,173,8729,2.2695658149677036,22,3,6,0.5351861119438516,0.6812419964783784
9,22,75,670,4.8,6,0,1,0.03,0.04
18,39,69,1675,4.86,8,1,2,0.02,0.11
32,10,18,2200,4.28,7,0,1,0.14,0.1
34,25,40,1308,4.88,4,0,1,0.1,0.07
8,31,78,2651,4.2,4,1,2,0.13,0.17
24,39,33,1805,3.66,7,1,1,0.09,0.06
29,31,33,2919,3.53,9,0,0,0.04,0.12
32,23,54,628,3.69,6,0,1,0.1,0.11
16,13,46,2767,4.43,7,1,0,0.08,0.1
6,32,67,1696,3.98,4,1,0,0.07,0.03
18,32,32,971,4.47,9,0,1,0.06,0.15
26,21,44,2383,4.26,4,0,2,0.1,0.02
35,34,72,2025,4.0,9,0,1,0.1,0.17
27,21,15,2641,3.83,8,0,1,0.03,0.07
24,26,15,2099,3.62,6,0,1,0.12,0.04
8,30,39,1544,4.67,6,1,0,0.1,0.1
19,24,10,2653,4.73,4,1,0,0.09,0.12
28,19,72,2371,4.31,7,0,2,0.11,0.08
29,12,17,1723,3.74,4,1,2,0.03,0.04
5,32,37,2367,3.9,8,1,1,0.14,0.02
11,29,42,1875,4.93,11,1,2,0.05,0.15
35,29,62,1805,3.84,7,1,1,0.05,0.18
16,38,47,1111,3.59,4,1,0,0.12,0.04
9,21,61,2062,4.33,9,0,1,0.06,0.06
16,10,20,1447,3.89,10,0,1,0.13,0.02
22,10,11,2098,4.94,9,1,1,0.06,0.18
6,19,62,1353,4.36,11,0,1,0.09,0.1
14,27,77,2409,4.95,6,1,2,0.04,0.19
19,24,16,2976,4.68,8,1,1,0.11,0.1
34,11,76,2477,4.58,10,0,0,0.03,0.18
21,26,18,1561,4.75,4,1,1,0.14,0.19
8,17,72,1942,4.41,4,0,0,0.06,0.08
11,31,20,801,3.52,11,1,2,0.08,0.14
35,31,46,1138,4.09,9,1,1,0.01,0.14
38,35,23,570,3.83,11,1,0,0.15,0.02
10,35,28,2422,4.15,11,0,1,0.12,0.1
38,18,17,1145,4.21,10,0,1,0.07,0.17
19,30,16,2288,3.69,9,1,2,0.14,0.19
18,29,68,673,3.54,9,0,0,0.14,0.18
10,20,72,2498,3.71,9,1,0,0.08,0.2
36,15,16,589,4.79,5,0,0,0.04,0.14
7,33,64,2915,4.63,10,1,1,0.08,0.06
7,23,12,2866,4.7,10,1,2,0.06,0.12
26,10,76,1323,3.91,7,1,1,0.07,0.1
26,16,27,1050,3.85,11,0,2,0.14,0.07
14,33,54,559,3.56,5,1,2,0.05,0.16
7,18,45,1628,4.21,11,0,0,0.13,0.13
16,20,25,1762,4.07,6,0,2,0.14,0.16
33,33,38,1985,4.75,7,0,0,0.12,0.07
21,32,68,626,4.52,8,0,1,0.08,0.18
11,25,27,582,3.72,7,0,1,0.09,0.06
17,28,58,1743,4.98,10,1,2,0.12,0.13
6,11,55,1445,4.66,9,1,0,0.02,0.03
8,24,38,2140,4.58,4,0,0,0.11,0.12
14,12,79,2452,3.82,4,0,1,0.08,0.04
28,13,59,2495,4.86,4,1,2,0.07,0.08
21,29,64,1389,4.21,11,1,0,0.12,0.17
10,31,36,1073,3.95,7,0,0,0.05,0.18
23,37,16,1012,4.48,4,0,2,0.14,0.16
9,16,50,2409,3.82,4,0,1,0.11,0.09
36,21,20,564,4.86,9,0,0,0.1,0.12
14,13,14,2464,4.78,5,1,0,0.08,0.06
13,19,75,2730,4.2,4,1,2,0.04,0.14
31,15,65,1589,3.79,5,0,2,0.1,0.08
17,34,21,2601,4.24,6,0,0,0.11,0.06
23,39,51,1744,3.72,7,0,0,0.01,0.13
25,31,19,2783,3.9,5,0,2,0.06,0.04
28,23,37,1388,4.22,10,1,2,0.13,0.14
8,12,16,1111,3.53,11,0,0,0.1,0.05
28,26,23,937,4.65,9,1,2,0.1,0.12
39,20,78,1626,3.8,7,0,0,0.04,0.09
7,19,70,1959,4.8,10,1,2,0.1,0.12
8,35,60,1944,3.53,10,0,0,0.12,0.06
39,38,51,1023,4.3,7,0,0,0.07,0.08
35,30,17,1966,4.66,8,1,2,0.04,0.05
29,19,59,2951,3.86,5,1,1,0.02,0.16
17,19,10,2890,4.56,4,1,0,0.08,0.03
8,12,78,1299,4.58,10,0,1,0.11,0.09
18,33,20,2761,4.46,11,1,1,0.03,0.1
17,35,57,1523,4.05,9,0,2,0.07,0.06
31,24,19,2079,4.68,9,0,0,0.09,0.09
10,26,24,821,4.44,8,1,1,0.03,0.1
21,36,56,679,4.39,5,1,0,0.05,0.06
39,27,34,2927,4.73,9,1,0,0.1,0.14
21,28,15,2204,3.87,5,0,1,0.11,0.03
6,28,20,949,3.85,6,0,1,0.1,0.06
17,21,26,1784,4.08,4,0,0,0.11,0.13
6,33,24,2160,3.61,6,1,1,0.09,0.13
32,14,25,2678,4.01,11,1,1,0.13,0.07
30,33,65,1757,4.11,7,0,0,0.13,0.14
26,36,75,1403,4.24,4,1,1,0.12,0.1
7,25,45,1677,3.88,11,0,1,0.09,0.11
39,39,47,829,4.86,6,1,0,0.15,0.08
77,2,177,10888,1.4569124403965092,19,5,9,0.7768681931452668,0.753548918079187
28,24,27,2389,4.78,10,1,2,0.04,0.15
9,36,63,2414,4.17,10,0,0,0.12,0.06
24,15,26,2600,4.58,4,1,2,0.13,0.06
17,21,22,2367,3.67,5,0,0,0.12,0.16
16,11,72,912,4.32,7,0,2,0.13,0.09
17,36,23,2040,4.94,8,0,2,0.07,0.04
14,29,68,2915,4.5,9,0,1,0.14,0.03
37,18,45,1975,4.73,8,1,0,0.04,0.09
20,13,27,2064,3.89,11,0,0,0.14,0.09
39,14,14,1014,4.7,8,1,1,0.09,0.15
7,30,23,980,4.03,7,0,1,0.03,0.12
9,35,34,2961,4.23,4,1,2,0.11,0.16
30,17,53,2775,3.78,4,0,0,0.05,0.08
15,31,48,2684,4.23,10,1,1,0.04,0.13
11,19,21,1017,4.27,4,0,1,0.03,0.18
14,16,70,1984,4.43,8,0,2,0.01,0.03
38,31,71,804,4.8,5,1,2,0.12,0.15
7,23,62,1154,3.96,6,1,1,0.08,0.15
12,39,62,2477,4.98,11,1,2,0.15,0.16
35,39,37,680,4.77,10,1,0,0.07,0.07
15,14,44,529,4.1,8,0,2,0.13,0.09
11,25,74,1264,3.84,7,1,0,0.15,0.06
6,24,12,539,3.61,4,0,1,0.01,0.08
10,14,52,2734,3.85,10,1,1,0.02,0.19
36,12,59,2866,4.83,6,1,2,0.06,0.1
24,32,18,1391,3.94,4,0,1,0.13,0.17
38,38,45,2871,3.71,4,1,2,0.13,0.16
20,19,32,2426,3.53,4,1,2,0.06,0.1
29,14,59,1442,3.95,9,1,2,0.04,0.2
16,32,64,1566,3.82,10,1,2,0.12,0.17
11,24,21,2721,3.65,5,1,0,0.09,0.11
21,27,41,2282,4.93,10,1,0,0.01,0.08
15,34,33,1184,3.9,6,1,1,0.12,0.03
10,17,76,1564,3.51,11,1,2,0.14,0.1
27,30,36,2956,4.92,11,1,1,0.02,0.08
31,11,70,2085,4.37,10,1,2,0.05,0.15
10,31,28,1846,3.62,11,0,1,0.12,0.02
6,17,60,2727,3.55,10,1,0,0.09,0.17
26,32,73,1682,3.66,10,1,1,0.15,0.09
86,2,204,7106,1.6341784972226776,18,4,6,0.4499396050944866,0.7731458976326907
29,13,45,2953,3.59,11,1,2,0.03,0.05
19,39,20,1038,4.35,5,0,1,0.1,0.19
33,28,77,2923,4.48,9,1,1,0.1,0.09
12,32,77,2421,3.72,7,1,2,0.03,0.17
37,27,73,2803,4.23,10,0,1,0.02,0.06
26,39,10,2825,4.95,9,1,0,0.09,0.04
9,30,35,748,4.75,7,1,2,0.07,0.13
22,38,20,1192,4.59,9,0,2,0.09,0.2
34,32,11,1540,4.28,8,0,0,0.04,0.14
35,10,49,1891,4.09,6,1,1,0.09,0.13
14,29,13,2672,4.18,8,1,0,0.06,0.1
19,24,46,1835,4.65,5,1,2,0.13,0.07
22,27,70,2759,4.33,6,1,0,0.05,0.1
27,31,14,1938,4.65,10,1,1,0.13,0.05
37,21,24,999,4.95,10,0,1,0.06,0.07
20,10,76,1310,4.46,11,1,2,0.09,0.11
39,16,35,2235,4.4,7,0,2,0.05,0.05
38,28,15,1388,4.11,6,0,0,0.12,0.16
32,37,53,1710,3.8,6,1,1,0.13,0.02
6,10,67,2423,4.06,6,1,0,0.12,0.08
34,33,55,2486,4.28,8,1,2,0.1,0.11
17,16,51,1991,3.55,4,0,0,0.05,0.19
20,11,57,674,4.21,5,0,1,0.1,0.12
9,16,36,2864,4.79,6,0,2,0.14,0.07
32,28,29,1323,4.96,6,1,0,0.1,0.08
24,22,79,1430,4.78,8,1,0,0.14,0.08
28,34,44,2514,3.76,5,0,1,0.05,0.05
31,33,57,768,3.73,5,1,1,0.13,0.05
34,14,76,2317,4.09,10,0,0,0.11,0.11
31,32,77,723,3.84,7,1,1,0.12,0.07
30,28,61,1775,4.51,5,1,2,0.11,0.04
11,10,77,1647,3.63,5,1,0,0.08,0.06
9,10,13,737,4.17,10,0,0,0.11,0.11
27,36,48,2622,3.92,6,0,2,0.14,0.07
32,27,30,999,4.39,10,1,1,0.07,0.06
38,33,75,2045,4.7,4,0,2,0.14,0.13
19,10,25,767,4.89,6,0,2,0.02,0.14
36,36,16,2010,4.95,11,0,0,0.01,0.06
30,37,18,1486,4.03,11,1,2,0.08,0.1
35,14,26,2123,4.78,9,1,1,0.13,0.16
23,18,21,1222,4.39,8,1,0,0.04,0.14
13,21,66,1595,4.54,5,0,1,0.11,0.03
33,18,54,689,4.78,4,0,2,0.09,0.08
8,27,20,1495,3.7,6,0,2,0.05,0.15
7,32,22,2085,4.92,9,0,1,0.05,0.05
33,20,40,1065,4.32,7,0,0,0.02,0.06
15,10,35,1492,4.0,8,0,2,0.09,0.13
37,28,72,655,4.01,9,1,2,0.07,0.07
15,31,40,2395,4.63,11,1,2,0.05,0.08
31,34,31,2086,4.52,11,1,0,0.15,0.11
37,19,15,2276,4.59,10,1,0,0.12,0.16
25,11,29,2365,3.88,8,0,2,0.08,0.11
35,16,19,1172,3.76,9,0,0,0.08,0.18
6,29,44,2164,4.58,11,0,1,0.04,0.04
31,11,35,1608,3.95,8,0,2,0.1,0.16
15,28,46,2616,3.83,6,1,1,0.14,0.12
22,15,17,2920,3.82,4,1,0,0.14,0.17
5,19,14,554,3.72,4,1,0,0.02,0.08
39,18,53,584,4.14,5,1,1,0.02,0.11
39,17,76,2380,3.89,4,1,0,0.14,0.17
35,35,58,1091,4.84,10,0,2,0.04,0.17
32,39,45,2459,4.53,7,0,1,0.09,0.09
5,20,35,1508,4.62,9,1,1,0.02,0.17
29,18,54,2864,4.11,11,1,2,0.13,0.14
24,29,70,751,4.4,8,0,0,0.03,0.09
7,37,53,2699,4.25,10,1,1,0.1,0.19
6,29,13,1859,3.75,11,0,1,0.02,0.03
22,18,67,1409,3.57,6,0,2,0.03,0.09
14,17,35,2286,4.53,8,0,0,0.08,0.08
9,37,38,1099,3.68,8,1,1,0.02,0.19
13,24,18,1506,3.59,7,1,0,0.04,0.04
6,11,45,1623,4.16,9,0,1,0.03,0.13
38,33,13,1643,4.61,10,0,0,0.02,0.15
35,10,68,802,4.65,10,0,1,0.15,0.05
14,18,46,2239,4.81,10,0,0,0.07,0.05
16,18,22,1724,3.8,8,0,0,0.13,0.03
25,22,29,1526,4.98,8,0,1,0.06,0.05
10,17,26,899,4.64,7,0,0,0.02,0.17
7,36,60,567,3.74,7,1,0,0.11,0.19
14,30,64,653,4.76,4,0,2,0.02,0.18
9,14,42,1514,4.25,9,0,2,0.09,0.09
30,38,30,2017,3.6,10,1,2,0.03,0.15
25,12,31,681,3.7,10,1,2,0.1,0.17
30,30,34,1024,4.15,8,0,0,0.13,0.17
30,13,76,2736,4.3,9,1,1,0.14,0.03
12,26,21,519,4.92,5,0,1,0.08,0.06
9,25,24,1350,3.82,5,0,2,0.08,0.19
19,25,11,2557,4.21,5,1,1,0.02,0.15
20,34,13,2380,3.84,9,0,1,0.12,0.17
5,35,54,1154,4.34,7,1,0,0.14,0.11
20,39,22,1826,4.86,8,1,0,0.07,0.09
7,29,64,2788,4.35,4,1,1,0.12,0.14
35,12,41,2699,4.27,8,1,0,0.12,0.11
17,15,31,2735,4.63,10,0,2,0.12,0.09
20,10,64,1221,3.72,5,0,2,0.12,0.08
25,30,26,1700,4.86,9,0,1,0.04,0.05
6,25,79,1380,4.37,6,0,1,0.12,0.12
31,24,60,2962,4.53,9,1,2,0.03,0.11
30,16,17,1077,4.73,5,1,1,0.11,0.13
29,11,70,809,4.45,9,1,1,0.01,0.04
15,19,19,1525,4.46,9,1,0,0.14,0.18
12,34,28,816,4.59,9,0,0,0.13,0.15
12,37,23,2306,3.58,7,1,2,0.11,0.04
37,24,76,2032,4.07,8,1,2,0.02,0.03
11,15,64,1519,4.94,7,1,2,0.13,0.14
25,11,70,867,3.89,9,1,2,0.13,0.08
12,33,65,1054,4.31,4,1,2,0.11,0.08
25,33,72,1749,3.76,8,0,0,0.15,0.17
24,26,20,979,3.98,8,0,1,0.02,0.08
12,37,56,2321,4.58,8,0,2,0.11,0.13
35,10,15,1439,4.46,6,1,2,0.08,0.12
33,10,43,513,4.12,8,1,0,0.03,0.07
13,37,74,2575,4.91,6,1,0,0.1,0.08
19,13,73,641,4.66,10,1,0,0.12,0.19
34,29,75,1089,3.9,8,0,0,0.03,0.08
30,25,40,2282,4.2,9,0,1,0.12,0.16
14,17,71,972,4.82,5,1,1,0.02,0.18
33,10,63,2047,3.53,4,1,0,0.09,0.03
20,35,17,1707,4.37,8,0,0,0.12,0.14
24,28,51,816,3.85,10,0,2,0.03,0.15
26,20,50,1884,3.6,7,0,1,0.09,0.1
11,26,68,944,4.87,10,1,2,0.07,0.12
27,34,49,2843,4.72,5,1,0,0.1,0.05
33,19,31,2951,3.78,7,1,2,0.07,0.08
20,21,33,2461,4.76,11,0,0,0.05,0.15
32,18,47,2810,3.72,7,1,1,0.05,0.13
35,16,11,1346,4.21,10,1,2,0.13,0.04
18,38,50,2924,4.59,6,0,2,0.03,0.2
37,21,28,1084,4.3,4,0,2,0.03,0.19
13,24,11,1298,4.78,10,0,1,0.02,0.06
31,17,71,970,4.43,10,1,1,0.02,0.18
28,26,25,1231,4.15,11,1,2,0.01,0.07
17,14,31,1471,4.89,7,0,2,0.03,0.12
30,23,23,2594,3.55,10,1,2,0.04,0.16
33,11,65,2571,4.23,5,1,0,0.05,0.08
32,25,74,1813,4.49,11,1,0,0.03,0.12
32,38,54,2950,4.75,4,0,0,0.02,0.1
12,26,63,1547,4.31,5,0,1,0.09,0.16
27,12,75,1587,4.83,7,0,2,0.11,0.11
33,32,55,2183,4.14,4,0,0,0.1,0.12
9,10,42,2151,3.98,11,1,2,0.09,0.17
11,36,59,1762,4.96,8,1,1,0.07,0.15
31,27,31,782,4.5,7,0,0,0.1,0.11
6,27,49,2640,4.14,7,0,2,0.14,0.1
29,13,48,1898,4.82,10,1,1,0.1,0.04
13,24,50,2857,4.52,9,1,1,0.02,0.03
31,37,77,2272,4.46,9,0,0,0.09,0.19
5,28,16,506,4.59,6,1,1,0.08,0.05
27,28,13,1287,4.61,11,0,1,0.07,0.07
14,19,68,542,4.24,5,1,0,0.09,0.13
29,14,35,700,4.13,8,0,2,0.1,0.17
7,28,40,2188,4.86,4,1,1,0.02,0.17
10,20,78,1047,4.25,7,0,2,0.08,0.17
80,3,296,9026,2.0232175505218892,21,4,8,0.5752237782811562,0.511784011871133
79,2,201,11860,1.5629791489736706,16,4,7,0.640809682089799,0.5940500859744207
22,29,25,2044,3.55,7,0,0,0.02,0.09
27,21,60,1858,4.58,10,1,1,0.12,0.18
87,4,296,8107,1.3186294814462896,19,4,6,0.5542735398880175,0.6344911960411717
16,24,27,2741,3.67,4,0,2,0.13,0.18
26,21,56,1037,4.92,10,0,1,0.06,0.02
24,13,65,980,4.66,8,0,2,0.08,0.11
96,1,251,9550,1.777237051824863,22,3,5,0.41893125404807097,0.7085848730969408
24,21,65,1850,3.86,11,0,0,0.11,0.07
5,27,46,1444,4.77,9,1,0,0.1,0.19
5,26,25,2428,4.95,6,0,1,0.04,0.02
21,28,74,2323,4.26,4,1,1,0.13,0.03
5,25,69,610,4.37,8,1,2,0.13,0.11
34,20,70,711,3.86,11,1,2,0.07,0.04
7,11,20,2206,4.38,10,1,2,0.03,0.06
15,25,75,1350,4.1,7,1,0,0.1,0.07
28,10,41,1486,4.77,11,1,1,0.06,0.11
26,26,28,1495,4.07,10,0,0,0.11,0.09
30,27,65,2499,4.47,9,1,0,0.05,0.19
17,38,14,2410,3.81,11,0,2,0.05,0.18
5,38,12,1165,3.64,4,0,2,0.13,0.15
28,34,37,849,3.56,5,0,2,0.1,0.14
14,38,38,2037,4.12,8,0,0,0.02,0.06
39,22,68,750,3.75,5,0,2,0.11,0.13
28,14,34,2066,4.99,8,1,0,0.12,0.05
32,34,31,2866,4.7,11,0,0,0.04,0.1
20,33,32,1706,4.54,11,0,0,0.15,0.1
20,38,79,2736,4.7,7,1,1,0.06,0.14
21,36,49,1819,3.89,6,1,0,0.14,0.17
19,15,23,2445,4.82,7,0,2,0.05,0.08
20,10,38,578,4.99,5,1,2,0.1,0.03
19,19,25,1045,3.93,11,1,1,0.08,0.03
38,14,19,1993,4.98,10,0,2,0.15,0.18
15,37,56,1423,3.98,4,0,2,0.07,0.11
96,1,193,7204,2.2798415152093607,23,3,5,0.5483826897479003,0.507517614217362
19,32,21,804,4.05,9,0,1,0.13,0.03
30,35,51,2746,5.0,5,1,0,0.02,0.12
8,39,13,2097,4.45,6,1,1,0.13,0.04
9,20,15,1547,4.54,8,0,1,0.03,0.1
39,33,23,2198,3.86,11,0,2,0.09,0.11
17,33,44,1984,3.72,9,0,2,0.11,0.06
14,16,56,2730,4.83,11,0,1,0.06,0.06
15,27,67,2368,4.12,8,0,0,0.13,0.02
22,30,74,582,3.51,5,0,1,0.09,0.13
38,29,28,592,3.94,4,1,0,0.07,0.06
27,30,66,1967,3.79,8,0,2,0.06,0.18
11,19,74,2524,4.41,10,1,1,0.03,0.13
7,34,22,1273,4.63,8,0,0,0.1,0.12
16,24,17,1893,4.25,9,1,1,0.06,0.11
11,13,27,1291,3.78,6,0,1,0.05,0.06
30,25,44,975,3.59,9,1,2,0.14,0.19
37,24,35,1003,3.97,6,1,0,0.05,0.19
19,24,47,2370,4.71,10,0,0,0.13,0.08
6,21,75,730,4.13,4,0,0,0.15,0.16
11,17,35,2086,3.88,8,0,0,0.13,0.04
36,17,66,2274,3.53,7,0,0,0.01,0.16
8,27,34,2756,4.24,5,0,2,0.13,0.07
24,39,39,630,4.53,9,1,1,0.04,0.07
36,15,16,1242,3.79,11,0,2,0.06,0.11
32,14,36,883,4.31,8,1,1,0.15,0.09
17,11,20,2066,4.13,5,1,0,0.07,0.04
5,21,17,2909,4.56,9,0,2,0.1,0.13
39,35,20,1260,4.79,8,0,1,0.05,0.06
34,13,39,1647,3.96,6,0,1,0.06,0.1
29,32,24,1442,4.86,4,0,1,0.09,0.06
20,22,65,1796,4.56,7,1,0,0.14,0.17
23,26,44,2902,3.56,9,1,2,0.05,0.08
5,25,48,2647,4.69,6,1,1,0.04,0.18
9,18,33,2139,4.24,11,1,0,0.01,0.08
26,35,17,800,4.92,4,0,2,0.04,0.05
28,37,52,1108,3.99,6,1,1,0.05,0.12
8,10,51,2351,4.39,9,0,0,0.02,0.12
22,24,50,1381,4.93,10,1,1,0.09,0.13
20,21,56,2750,3.91,5,1,0,0.03,0.07
22,14,35,1721,4.21,8,1,2,0.08,0.08
26,32,61,2659,4.63,6,1,1,0.04,0.06
6,33,31,2928,4.54,10,0,0,0.14,0.19
25,27,14,1254,4.76,10,0,0,0.05,0.14
33,29,24,1706,4.28,9,1,0,0.02,0.16
30,11,45,1295,3.98,4,0,2,0.13,0.05
25,13,72,2884,4.3,8,1,0,0.07,0.14
21,24,58,2494,4.02,9,1,1,0.12,0.16
20,15,64,1823,3.76,10,1,2,0.05,0.08
35,31,69,721,4.33,5,0,1,0.08,0.05
13,21,66,1511,3.57,5,1,0,0.07,0.15
35,38,38,1188,3.55,7,0,0,0.09,0.13
18,27,28,617,3.6,8,1,1,0.07,0.12
6,36,19,673,4.51,5,0,1,0.08,0.05
18,29,19,1742,4.11,6,1,2,0.11,0.07
37,13,66,2866,4.24,5,1,0,0.07,0.13
39,39,63,2544,4.02,5,0,2,0.11,0.13
24,10,65,940,3.88,5,1,0,0.11,0.12
6,24,77,1724,4.04,10,1,1,0.11,0.16
23,39,78,2099,3.79,7,1,2,0.08,0.17
22,27,64,2962,4.52,9,1,0,0.01,0.07
88,3,267,11578,1.1176284744245288,23,3,5,0.49373891409859216,0.5193135490266676
8,12,10,1449,4.28,9,0,2,0.14,0.06
16,38,21,582,4.22,11,0,2,0.1,0.07
33,24,44,1488,3.95,5,0,2,0.08,0.19
11,36,42,2553,3.65,4,1,1,0.09,0.04
18,14,34,2252,4.56,11,0,2,0.1,0.18
16,36,25,846,4.35,8,1,0,0.15,0.06
75,1,291,7065,2.458685646688896,22,4,6,0.6841938415347866,0.5173408566145994
9,31,44,2320,3.85,8,0,2,0.01,0.04
21,12,55,950,4.69,11,1,1,0.14,0.04
36,31,20,1417,3.94,7,0,0,0.07,0.04
14,16,70,1453,3.67,8,0,2,0.1,0.08
21,15,53,713,3.7,8,1,1,0.12,0.11
9,35,20,1399,3.83,6,0,1,0.11,0.06
13,31,20,1689,4.52,7,0,0,0.1,0.19
37,10,31,2920,3.87,5,1,0,0.08,0.13
22,28,71,1152,4.41,7,0,1,0.09,0.18
13,16,57,1482,3.88,6,0,2,0.11,0.05
75,3,154,10183,1.207669571355203,21,4,5,0.6898782090783526,0.690724751031087
18,21,60,832,4.83,8,0,1,0.03,0.17
29,29,54,711,4.25,11,1,0,0.05,0.12
19,32,42,788,4.4,9,1,2,0.07,0.19
10,34,69,2713,3.78,7,0,2,0.1,0.05
33,39,11,2673,3.7,6,1,0,0.07,0.02
19,36,22,1555,4.12,9,1,0,0.04,0.18
33,38,75,2430,4.78,5,0,0,0.01,0.15
8,38,66,773,3.86,8,1,1,0.13,0.17
22,27,52,1824,4.43,7,1,1,0.07,0.07
20,18,54,2823,4.81,7,0,1,0.06,0.02
93,2,176,11072,1.6986138863955882,23,4,8,0.5812786986137051,0.7679957233860507
18,31,19,2382,4.99,9,1,1,0.03,0.2
7,13,32,1978,4.64,10,1,0,0.07,0.18
22,10,38,1653,3.61,10,0,1,0.12,0.03
24,18,40,596,4.81,8,1,1,0.11,0.05
29,36,27,776,4.83,10,0,2,0.12,0.08
17,24,20,1808,4.34,7,1,0,0.08,0.17
8,31,56,1696,3.6,8,1,2,0.06,0.17
18,17,12,831,4.21,10,1,0,0.13,0.05
37,24,11,2752,3.82,6,1,1,0.03,0.12
32,24,63,602,4.16,8,1,1,0.11,0.11
12,27,40,1454,4.59,5,1,1,0.13,0.09
38,16,17,2907,4.5,8,0,0,0.05,0.12
9,31,52,2586,4.67,9,1,0,0.04,0.07
9,27,57,806,4.21,7,1,1,0.08,0.12
35,25,11,1383,4.27,9,1,2,0.04,0.14
13,11,31,2593,4.9,8,0,1,0.13,0.03
36,13,14,693,4.45,11,1,1,0.04,0.19
37,29,16,748,4.62,8,0,1,0.05,0.05
7,25,29,1512,4.5,8,1,1,0.13,0.08
34,12,11,2754,4.46,5,0,2,0.04,0.1
16,33,41,2662,4.87,9,1,2,0.13,0.03
33,39,12,2786,4.03,5,1,2,0.04,0.12
7,32,50,1692,4.14,7,1,0,0.14,0.18
30,11,51,1571,4.07,9,1,1,0.05,0.18
34,12,54,2535,4.65,7,1,0,0.04,0.08
13,35,26,1007,4.8,8,1,1,0.08,0.12
30,34,56,654,4.04,4,0,2,0.06,0.16
6,38,78,960,3.71,9,1,1,0.04,0.07
7,14,33,1896,4.24,6,1,2,0.06,0.12
8,11,43,1290,4.98,8,0,1,0.11,0.09
29,28,59,1725,3.81,10,0,1,0.13,0.09
17,33,51,2864,4.18,10,1,2,0.12,0.04
39,29,42,2998,3.91,6,0,1,0.12,0.09
27,39,36,2367,4.88,5,0,2,0.01,0.05
13,11,68,2188,4.33,7,0,2,0.07,0.07
6,11,28,1076,4.37,4,0,1,0.03,0.08
35,31,12,2443,3.51,10,0,2,0.02,0.1
6,33,34,861,4.48,7,0,0,0.11,0.19
36,32,24,956,3.96,5,0,0,0.12,0.13
22,29,69,628,4.27,8,1,1,0.12,0.2
17,27,32,1311,4.3,11,1,2,0.13,0.13
9,34,20,1372,4.39,5,1,0,0.09,0.16
14,29,68,849,4.74,4,0,0,0.15,0.17
29,34,43,2414,3.95,8,1,2,0.08,0.15
38,30,16,951,3.88,9,1,0,0.13,0.14
60,2,186,11668,1.579612477427757,23,3,9,0.7422712066884407,0.49185211903381015
67,2,259,9550,1.9289379194213714,17,5,7,0.4187427803784669,0.4161652441892356
10,24,32,1731,3.84,4,0,1,0.09,0.05
7,21,67,1076,3.5,10,0,2,0.03,0.13
17,20,29,740,4.5,7,0,2,0.02,0.11
7,20,36,2213,3.74,8,0,0,0.04,0.16
30,39,69,2541,4.94,7,0,1,0.12,0.18
28,16,17,1785,4.41,6,0,2,0.14,0.04
10,21,76,2872,4.77,4,1,0,0.06,0.14
16,25,11,870,4.71,6,1,1,0.15,0.19
6,14,31,2458,4.34,8,0,2,0.12,0.19
15,11,79,2652,4.16,4,1,1,0.04,0.17
38,31,45,597,4.25,8,1,0,0.09,0.03
30,25,33,2010,4.7,10,0,0,0.15,0.07
22,32,21,595,4.46,4,1,0,0.13,0.05
25,39,31,2448,3.81,7,0,1,0.06,0.19
26,24,32,1995,4.41,5,1,2,0.05,0.15
34,20,72,2593,4.11,9,0,2,0.12,0.12
34,38,39,2578,3.59,5,0,0,0.09,0.2
12,15,28,2955,4.07,11,0,0,0.03,0.06
38,22,35,1905,3.84,4,1,0,0.06,0.14
13,39,20,1215,4.76,10,1,0,0.1,0.13
24,28,29,1472,3.66,6,1,1,0.03,0.08
29,19,65,2012,4.04,4,1,0,0.11,0.11
23,33,54,1405,4.54,7,0,0,0.11,0.06
9,28,77,1308,4.85,9,0,2,0.05,0.14
15,39,56,1098,4.0,11,1,1,0.07,0.1
19,14,67,1466,4.41,11,1,0,0.14,0.02
12,34,19,2367,4.06,6,1,1,0.11,0.19
23,36,31,2339,3.8,4,0,0,0.12,0.11
27,30,33,634,3.99,10,1,1,0.08,0.15
31,16,75,827,4.45,9,0,0,0.04,0.06
36,20,70,698,4.57,9,1,0,0.09,0.04
30,23,16,1182,4.06,10,1,1,0.12,0.18
31,32,47,623,3.73,4,1,0,0.01,0.13
23,30,30,1253,3.71,8,1,0,0.03,0.11
99,1,220,9343,2.2424678377973866,17,5,9,0.44247520544915764,0.4170906708294859
37,27,37,2929,4.48,7,0,2,0.07,0.06
23,30,63,1070,4.59,10,0,2,0.15,0.18
23,32,40,1968,4.23,5,0,0,0.02,0.06
37,32,50,1669,4.19,8,0,1,0.06,0.05
20,13,46,2426,3.82,10,1,2,0.12,0.19
27,10,47,2087,3.75,6,1,1,0.1,0.07
11,31,60,2723,3.73,9,1,2,0.09,0.18
30,38,46,1802,4.99,11,0,0,0.11,0.16
36,24,40,2927,4.73,5,0,1,0.02,0.09
16,23,71,664,4.44,11,1,0,0.14,0.07
12,28,27,2362,3.82,7,0,0,0.04,0.16
9,36,15,2009,4.01,4,1,0,0.02,0.13
32,14,18,1114,4.03,8,1,1,0.06,0.07
9,13,20,2290,4.22,7,1,2,0.11,0.18
30,22,11,1884,4.13,7,0,0,0.04,0.15
9,27,38,2720,4.9,8,0,1,0.02,0.18
26,21,60,1700,4.58,7,0,2,0.02,0.1
19,32,78,1572,3.62,11,0,0,0.05,0.04
17,39,32,1634,4.04,11,1,2,0.03,0.19
32,30,16,2283,3.7,5,1,2,0.06,0.13
37,24,65,2210,3.92,10,1,1,0.03,0.13
27,39,71,1118,4.94,11,0,1,0.06,0.13
37,32,24,1358,4.56,8,0,1,0.07,0.11
22,18,62,1678,3.51,7,0,2,0.11,0.07
34,13,52,2186,3.99,7,1,2,0.04,0.13
30,14,44,2106,4.16,8,0,1,0.08,0.15
20,18,23,1136,4.4,4,0,2,0.12,0.18
17,22,78,714,4.25,11,0,2,0.15,0.03
37,19,58,1853,3.6,6,1,2,0.09,0.07
30,36,27,643,4.27,8,1,1,0.07,0.16
5,25,60,1118,3.7,4,1,0,0.1,0.16
6,39,10,1507,4.28,9,1,0,0.08,0.06
10,22,36,853,3.87,7,0,1,0.03,0.05
28,13,73,780,3.72,5,1,2,0.07,0.09
22,30,69,1845,3.93,9,0,1,0.15,0.03
89,2,229,8414,1.342555922916652,23,5,7,0.4714386824541669,0.7450412077145538
12,30,30,2459,3.93,7,1,1,0.05,0.14
32,17,23,889,4.8,7,1,0,0.14,0.17
14,22,29,1587,3.96,9,0,0,0.06,0.1
21,24,20,764,4.21,4,1,1,0.06,0.13
33,29,75,2553,4.28,8,1,1,0.1,0.19
10,29,33,1412,3.77,11,0,0,0.09,0.19
18,22,46,667,4.16,6,0,2,0.05,0.03
26,32,33,2902,4.78,6,1,2,0.08,0.02
10,36,24,2495,3.62,11,0,0,0.06,0.19
30,14,21,2720,4.88,8,1,2,0.11,0.12
16,31,73,1349,4.81,10,1,0,0.03,0.15
39,31,40,2666,4.78,11,0,0,0.12,0.18
18,37,62,673,3.8,11,1,0,0.03,0.1
26,15,53,2676,4.23,8,0,1,0.05,0.1
27,39,39,686,4.42,5,1,1,0.06,0.05
11,35,44,1586,3.65,8,1,1,0.15,0.18
29,14,30,1797,4.34,10,1,0,0.09,0.14
17,22,72,2757,4.76,5,1,1,0.12,0.05
25,38,26,1508,4.9,8,0,2,0.09,0.12
14,14,21,1716,3.92,10,0,2,0.15,0.08
13,34,27,1031,3.93,10,1,1,0.03,0.05
19,22,69,1705,3.91,5,0,1,0.09,0.05
6,33,76,727,3.73,8,0,0,0.12,0.12
29,29,24,1113,4.15,8,1,1,0.1,0.12
17,32,25,2636,4.68,6,1,1,0.14,0.16
38,17,31,2265,4.57,7,1,1,0.09,0.06
38,37,72,749,4.85,7,0,0,0.13,0.18
39,18,40,2772,4.03,5,1,2,0.03,0.11
7,30,10,2442,4.36,4,1,0,0.05,0.06
10,28,15,1172,4.65,11,1,1,0.07,0.09
23,38,18,2715,4.85,9,0,1,0.13,0.19
7,29,61,2657,4.81,6,0,2,0.07,0.11
22,24,71,2296,4.2,11,0,1,0.1,0.18
13,35,67,796,4.86,8,1,0,0.07,0.05
16,31,28,2427,4.17,6,0,0,0.12,0.18
9,19,22,2790,4.85,4,0,0,0.04,0.1
7,20,41,2756,4.67,6,1,0,0.09,0.19
15,14,18,1766,3.83,4,1,1,0.09,0.18
34,18,58,1605,4.89,9,0,0,0.07,0.14
8,38,46,1957,3.86,4,0,1,0.11,0.14
9,20,40,2066,4.86,4,0,0,0.01,0.06
5,36,40,1527,4.42,10,0,2,0.13,0.13
31,39,68,2808,4.5,4,1,2,0.06,0.12
32,28,64,2089,3.66,4,1,0,0.12,0.08
33,11,28,2927,3.6,8,0,2,0.05,0.11
22,15,72,595,4.95,6,1,2,0.04,0.19
16,38,11,1859,4.01,7,1,2,0.06,0.02
17,32,54,2544,4.77,7,0,2,0.12,0.1
6,30,52,2239,4.56,11,0,1,0.11,0.08
20,10,10,1852,4.41,8,0,0,0.07,0.19
28,12,70,1328,4.53,5,1,2,0.14,0.2
39,12,12,2161,3.63,9,0,1,0.07,0.13
26,37,53,2042,4.12,10,0,2,0.06,0.12
15,23,16,1425,4.41,11,1,1,0.03,0.18
33,29,42,1648,4.8,4,0,0,0.02,0.02
86,2,195,8370,1.5388424940519894,23,5,5,0.5972819303407393,0.707552629131952
19,35,39,2807,3.88,4,0,0,0.02,0.02
35,31,27,1330,4.98,10,1,1,0.07,0.19
20,14,65,2105,4.46,11,1,1,0.13,0.08
14,26,40,1049,4.25,4,0,2,0.08,0.11
36,24,72,1531,4.67,11,0,2,0.08,0.1
6,15,59,1062,4.4,7,0,1,0.05,0.18
28,23,10,2920,4.56,4,0,1,0.03,0.2
27,23,28,721,4.43,11,0,1,0.04,0.03
6,34,73,1030,3.77,10,1,0,0.09,0.15
35,36,62,2897,4.32,6,0,1,0.09,0.09
30,26,15,530,3.92,6,0,0,0.04,0.05
33,17,26,1881,4.36,7,0,0,0.07,0.09
7,17,55,521,3.69,8,1,0,0.09,0.2
18,28,64,1812,3.85,7,0,0,0.12,0.08
29,38,15,1253,4.71,7,1,0,0.05,0.07
5,18,79,713,4.11,10,1,0,0.05,0.17
7,20,77,1211,4.51,4,0,0,0.11,0.18
30,22,49,1688,4.25,5,0,1,0.08,0.08
22,22,75,2687,4.01,9,1,0,0.13,0.07
13,36,18,908,4.24,8,1,1,0.04,0.14
27,33,20,2985,4.72,8,1,1,0.12,0.06
25,28,29,1296,3.92,10,1,0,0.03,0.11
5,35,52,2560,4.13,8,1,1,0.09,0.05
25,30,67,1549,3.8,4,0,1,0.05,0.07
31,28,35,1360,4.03,11,1,0,0.02,0.07
10,14,47,575,4.83,7,1,1,0.1,0.15
32,25,45,865,4.68,9,1,1,0.08,0.07
21,18,64,2014,4.06,10,1,2,0.08,0.18
7,37,15,1340,3.7,10,1,2,0.09,0.2
16,29,12,2083,4.13,4,0,0,0.06,0.03
74,2,232,10975,2.12508232933493,16,3,5,0.7604146789165411,0.4801955341842511
6,12,73,1869,3.57,5,1,0,0.03,0.07
26,28,67,2280,4.62,11,0,0,0.11,0.08
27,14,67,1751,4.52,5,1,0,0.09,0.07
34,17,27,1198,3.6,9,0,2,0.08,0.09
9,23,32,2750,4.45,4,0,2,0.03,0.05
13,33,38,2993,3.95,7,0,1,0.05,0.07
25,12,32,631,3.77,8,0,2,0.05,0.15
15,33,45,1768,4.08,9,1,0,0.04,0.08
9,22,79,590,3.81,9,0,2,0.14,0.06
93,1,286,7275,1.4529104116270464,20,3,5,0.5243812688340328,0.7491812406639495
31,38,43,2488,4.61,6,0,0,0.09,0.08
71,3,287,7578,1.955686137265448,21,4,7,0.6182321494345429,0.6402989281318525
28,28,53,1001,4.3,10,0,1,0.14,0.07
35,19,36,886,3.63,9,1,2,0.11,0.1
37,38,61,1530,4.05,10,0,1,0.02,0.19
89,1,241,10017,2.3724841385730038,19,3,9,0.4705880869639048,0.685529671561635
32,27,34,1097,4.1,5,0,0,0.09,0.12
35,35,48,1407,4.18,9,1,2,0.02,0.09
15,27,48,1854,4.12,7,0,1,0.02,0.12
27,34,21,2889,3.85,8,0,2,0.07,0.2
6,16,20,963,3.61,10,1,0,0.01,0.07
31,25,12,1572,3.77,5,0,1,0.02,0.19
39,15,31,1850,4.05,7,0,1,0.03,0.05
6,25,13,973,3.87,8,1,2,0.14,0.04
25,25,17,1387,4.36,4,0,0,0.12,0.14
9,32,23,1438,4.42,7,1,1,0.07,0.07
25,33,23,2915,4.36,9,1,2,0.08,0.1
33,37,25,1810,3.63,9,1,0,0.11,0.15
24,10,41,2840,4.5,6,0,0,0.08,0.12
24,33,73,1586,4.08,10,1,0,0.02,0.02
29,28,25,1067,4.82,7,1,2,0.11,0.08
6,12,61,1373,4.29,7,0,0,0.02,0.03
36,15,28,759,3.63,9,0,2,0.08,0.19
30,13,78,2156,3.51,9,0,0,0.13,0.16
10,13,21,683,4.55,11,1,2,0.03,0.2
7,13,14,2694,4.1,7,1,2,0.11,0.18
37,19,51,2317,3.93,8,1,1,0.02,0.11
5,18,26,1091,4.17,8,0,2,0.15,0.18
9,17,19,2271,3.61,4,1,1,0.11,0.14
17,28,25,1932,4.09,4,1,0,0.15,0.11
23,26,25,1517,3.97,8,0,0,0.1,0.09
16,26,51,2987,4.7,11,1,2,0.04,0.14
29,10,12,1981,3.76,10,0,0,0.14,0.13
39,29,32,728,4.63,11,0,0,0.1,0.13
16,23,37,2096,4.25,8,1,2,0.09,0.09
34,31,54,1868,3.62,11,1,0,0.07,0.15
9,29,77,2124,4.95,5,1,0,0.05,0.03
38,36,33,1787,4.6,7,1,0,0.08,0.15
26,20,28,1239,3.89,7,0,1,0.06,0.15
17,12,49,2925,4.37,6,0,0,0.13,0.11
7,33,55,1453,4.85,8,1,2,0.01,0.07
24,39,49,2570,4.9,8,0,2,0.08,0.11
35,17,71,2840,4.6,11,0,0,0.13,0.04
9,31,27,1790,4.59,11,1,2,0.01,0.07
28,34,21,975,3.92,4,0,2,0.05,0.1
37,37,23,2472,4.98,9,1,2,0.02,0.14
12,19,70,2998,3.87,4,1,2,0.09,0.05
28,26,21,1397,3.63,9,0,0,0.05,0.05
24,38,36,2534,4.97,7,1,2,0.14,0.13
20,17,15,784,3.73,7,0,1,0.1,0.14
16,31,42,1685,4.28,9,0,1,0.09,0.04
17,10,59,1089,4.2,8,0,1,0.14,0.03
29,29,21,621,4.77,7,0,0,0.04,0.05
63,2,212,10019,1.9236196722302958,23,5,8,0.4503953592209369,0.4064420726603357
28,16,62,1762,4.25,11,1,0,0.09,0.14
13,33,22,501,3.57,10,0,2,0.02,0.19
27,18,12,1391,3.81,6,0,2,0.14,0.14
17,37,73,1298,4.75,6,1,2,0.11,0.19
36,21,67,1128,4.22,5,1,2,0.13,0.1
19,31,13,2404,3.85,4,0,2,0.15,0.13
9,35,54,960,4.05,10,1,0,0.08,0.13
26,18,75,2473,3.93,5,0,0,0.12,0.02
20,29,45,1471,4.33,6,1,1,0.09,0.02
14,33,32,1764,3.58,7,0,0,0.15,0.05
28,12,28,553,3.84,10,1,1,0.04,0.11
22,13,49,1990,4.03,4,1,1,0.01,0.1
22,19,25,608,4.89,4,1,2,0.04,0.12
11,13,67,779,4.43,5,0,0,0.03,0.16
8,31,27,2188,4.26,4,0,0,0.07,0.17
30,18,45,2198,3.79,6,0,2,0.02,0.2
9,31,33,1580,4.34,11,1,2,0.04,0.12
20,10,10,2751,4.89,7,0,1,0.02,0.08
39,14,10,1044,4.35,5,1,0,0.08,0.08
30,18,73,2856,3.75,7,0,0,0.05,0.08
22,14,71,1027,5.0,9,0,1,0.08,0.08
33,15,45,2431,4.25,5,0,1,0.02,0.09
27,28,27,1508,3.98,9,1,1,0.08,0.03
18,17,25,1741,4.26,8,0,2,0.03,0.13
19,19,26,1116,3.9,10,1,1,0.02,0.12
37,20,33,2112,3.55,4,1,1,0.05,0.1
29,22,77,2578,4.83,11,1,2,0.13,0.03
25,29,11,599,4.14,8,1,1,0.12,0.04
21,13,19,1838,4.63,9,0,1,0.14,0.12
27,20,62,994,4.96,4,1,0,0.07,0.03
21,21,60,1241,4.45,8,1,1,0.05,0.15
18,14,78,2038,4.54,7,0,1,0.15,0.2
33,39,23,1233,4.91,6,1,2,0.06,0.13
24,19,75,2156,4.27,5,1,1,0.01,0.15
71,2,152,8966,2.178234113768863,20,3,9,0.6249233647142908,0.7497921171667887
23,38,73,1497,4.88,11,1,0,0.03,0.14
17,33,58,2878,3.6,11,0,2,0.11,0.14
22,16,71,2253,3.82,5,1,0,0.01,0.17
27,30,46,2799,4.01,11,1,2,0.03,0.15
37,18,58,2261,4.67,6,0,0,0.08,0.15
22,18,77,1524,4.86,11,1,0,0.02,0.12
13,19,42,1982,4.18,8,0,1,0.13,0.11
37,19,31,2168,3.93,10,1,2,0.11,0.1
36,11,79,1613,4.03,10,0,1,0.06,0.09
21,13,42,2279,4.48,7,1,2,0.09,0.07
23,17,37,2620,3.74,9,0,1,0.11,0.03
31,38,13,2703,4.32,5,1,0,0.12,0.14
10,23,75,1222,4.38,9,1,1,0.07,0.18
39,26,58,2616,4.56,8,0,0,0.14,0.19
38,22,20,970,4.41,11,1,2,0.14,0.12
24,30,44,2847,3.65,9,1,2,0.04,0.04
29,33,48,2234,4.53,4,1,0,0.14,0.18
8,27,19,1729,3.53,10,0,1,0.11,0.15
14,27,78,2954,4.09,5,1,0,0.13,0.07
14,22,32,2445,4.13,10,1,1,0.07,0.16
28,17,43,1028,3.67,5,1,0,0.1,0.1
25,35,41,636,3.51,11,0,0,0.04,0.18
15,21,25,2766,3.61,10,0,2,0.12,0.06
31,34,77,1971,4.17,11,0,1,0.09,0.16
20,32,63,2679,3.86,4,1,1,0.08,0.15
30,33,37,2535,3.6,6,1,0,0.11,0.02
34,30,69,1886,3.88,8,1,1,0.09,0.12
20,10,69,1867,4.29,9,0,0,0.12,0.15
11,29,53,2219,4.61,9,0,0,0.13,0.05
20,27,11,1541,4.12,5,1,1,0.12,0.12
39,12,32,2248,4.42,8,0,1,0.05,0.07
20,21,55,1059,4.4,9,1,0,0.15,0.15
16,28,63,2064,4.84,7,0,1,0.1,0.12
39,34,18,1427,3.77,8,0,1,0.06,0.13
25,22,79,2879,4.21,8,1,1,0.02,0.03
21,19,53,2273,4.45,10,1,1,0.15,0.04
36,24,21,2866,4.28,9,1,2,0.09,0.12
10,29,41,2300,4.18,10,0,2,0.04,0.05
28,11,43,2049,4.96,4,0,0,0.08,0.11
31,28,42,2311,4.91,10,0,0,0.07,0.14
24,12,73,1479,4.42,11,0,2,0.14,0.17
29,23,57,666,4.16,9,0,0,0.08,0.05
6,16,25,646,4.63,8,0,2,0.08,0.15
13,17,59,944,4.27,10,1,0,0.12,0.09
32,38,32,2617,4.99,9,0,1,0.06,0.14
7,20,35,1851,4.53,11,0,1,0.04,0.05
24,38,63,1418,3.6,9,0,2,0.12,0.11
10,31,53,1752,4.1,6,0,2,0.14,0.17
37,29,46,2351,4.6,11,0,2,0.02,0.04
5,15,18,2173,4.76,8,1,2,0.13,0.17
10,38,22,818,4.72,7,0,1,0.07,0.1
38,20,69,535,4.97,9,1,1,0.05,0.17
19,26,11,2153,4.23,8,1,2,0.02,0.19
30,38,69,754,3.71,9,0,2,0.04,0.05
18,19,66,1836,4.48,4,0,0,0.06,0.14
11,33,52,1461,3.61,7,1,1,0.02,0.06
35,26,28,834,4.96,4,0,1,0.04,0.04
28,30,20,797,4.64,9,0,2,0.11,0.13
35,11,56,1544,4.97,6,0,0,0.11,0.04
33,15,72,977,4.07,10,0,1,0.12,0.1
36,34,16,2291,3.52,6,0,0,0.03,0.13
21,14,40,1461,4.28,4,1,0,0.02,0.11
18,13,64,969,3.68,10,1,1,0.08,0.15
64,2,247,9965,1.602225325293656,16,5,6,0.6007323269507483,0.5160679380877962
31,11,39,2488,4.25,9,1,0,0.12,0.18
29,21,45,2933,4.63,11,1,0,0.09,0.12
36,12,59,2069,3.94,4,0,1,0.14,0.07
22,15,23,945,4.74,10,0,2,0.02,0.11
22,33,38,2506,4.48,5,0,0,0.06,0.09
30,23,36,2460,4.98,8,1,1,0.07,0.06
13,17,59,598,3.77,5,0,0,0.03,0.12
67,4,284,11408,1.5777380490131807,22,4,7,0.5646366987163154,0.655494324408304
12,30,43,1578,4.78,6,1,0,0.02,0.13
24,35,30,1855,4.01,4,1,0,0.11,0.17
26,23,47,1433,4.15,4,1,2,0.02,0.2
23,38,59,1958,4.89,10,0,0,0.13,0.19
34,12,46,1316,4.16,9,1,0,0.02,0.04
32,25,28,1160,3.95,11,1,0,0.07,0.05
39,24,10,2779,3.59,4,1,1,0.03,0.04
15,16,49,1099,4.16,4,0,1,0.03,0.12
35,24,64,1419,4.48,11,1,1,0.11,0.03
34,22,35,2246,3.9,8,1,1,0.12,0.19
27,15,52,2258,4.58,7,1,0,0.11,0.03
23,24,68,2331,4.22,10,1,2,0.07,0.09
16,26,60,1671,4.79,11,1,0,0.15,0.18
19,13,24,859,3.74,11,1,0,0.06,0.19
35,31,17,2467,4.64,5,0,2,0.04,0.1
19,36,23,1940,4.9,11,0,2,0.15,0.11
33,31,16,2219,4.61,6,1,2,0.15,0.13
30,36,27,2076,4.11,4,0,2,0.09,0.09
6,23,21,1055,3.85,5,0,2,0.04,0.08
24,24,11,1733,3.65,7,0,2,0.04,0.15
19,37,59,2797,4.46,5,1,1,0.08,0.13
8,21,30,2035,3.71,6,1,2,0.12,0.11
26,28,16,2686,4.76,10,0,2,0.02,0.04
27,31,21,1489,4.94,4,0,2,0.11,0.03
30,37,66,1409,3.7,10,0,2,0.02,0.11
15,19,32,2461,4.06,10,0,2,0.13,0.13
32,15,39,511,4.91,11,1,1,0.08,0.14
6,37,67,1479,4.21,6,0,1,0.15,0.18
12,34,61,772,4.3,10,1,1,0.12,0.17
33,18,65,987,4.62,10,0,0,0.08,0.05
15,11,19,2497,3.82,4,1,2,0.03,0.16
22,13,28,1548,4.97,11,1,1,0.09,0.14
18,18,28,1037,4.67,7,1,2,0.03,0.17
14,24,68,2188,3.74,9,1,2,0.14,0.17
39,39,53,2095,3.67,6,1,1,0.04,0.08
13,22,68,1087,4.9,5,1,1,0.13,0.07
39,29,13,2243,4.53,9,1,2,0.05,0.12
15,17,74,2190,3.56,10,0,2,0.04,0.07
16,35,22,2215,3.71,7,1,0,0.05,0.08
7,37,76,2117,3.57,6,0,1,0.11,0.03
18,28,21,1533,4.96,9,0,2,0.08,0.2
32,28,64,742,4.25,4,0,0,0.03,0.08
15,34,70,1701,4.19,9,0,2,0.03,0.16
29,25,50,756,4.93,7,0,1,0.06,0.2
25,20,45,2542,4.26,4,0,2,0.06,0.19
14,19,11,809,4.28,9,0,1,0.13,0.13
19,17,31,1738,4.98,10,1,0,0.09,0.12
23,10,31,1588,3.67,11,0,2,0.04,0.08
26,19,50,1135,4.98,8,0,1,0.01,0.18
25,39,23,1296,3.75,11,0,0,0.02,0.08
36,27,44,1676,4.21,5,0,0,0.11,0.04
27,12,59,2587,4.01,11,0,1,0.13,0.07
17,39,18,2224,4.93,4,0,2,0.12,0.08
9,20,68,2299,4.23,6,1,1,0.12,0.15
8,27,65,2548,3.53,8,0,0,0.05,0.05
32,12,19,578,3.83,7,0,1,0.15,0.08
18,17,34,1850,4.15,6,0,0,0.02,0.03
12,36,54,1119,4.51,10,0,0,0.12,0.17
13,36,20,1998,4.34,7,0,0,0.02,0.15
39,37,18,1878,4.77,8,1,0,0.05,0.1
25,23,16,1647,4.74,10,0,2,0.08,0.1
22,15,43,1477,4.39,6,0,0,0.02,0.05
37,24,29,1947,4.36,11,1,0,0.07,0.09
12,23,14,2037,3.92,10,0,0,0.06,0.18
74,2,214,9533,2.1650977229308195,21,5,5,0.6580153218977152,0.5322998821023786
35,19,24,977,3.62,10,1,2,0.11,0.16
38,24,57,2394,4.1,9,1,0,0.02,0.03
10,38,13,2880,4.49,6,0,1,0.02,0.08
26,19,30,2132,4.92,5,0,0,0.12,0.17
18,31,18,1755,4.25,4,1,2,0.08,0.1
7,26,75,2540,4.84,5,1,2,0.08,0.15
16,36,44,2065,3.66,6,0,2,0.15,0.04
16,28,60,529,4.3,6,0,2,0.07,0.14
6,38,46,1226,3.97,7,1,1,0.04,0.17
6,26,15,672,4.69,11,1,2,0.11,0.16
19,21,60,967,4.17,6,0,1,0.12,0.1
27,24,75,2475,4.21,10,1,1,0.08,0.18
33,35,26,2944,3.6,10,1,2,0.11,0.12
21,21,74,624,4.16,10,1,1,0.08,0.17
36,34,18,2046,3.62,4,1,1,0.07,0.06
11,38,22,1919,3.95,10,1,2,0.01,0.06
34,18,67,2377,3.69,5,0,0,0.03,0.16
32,14,39,1526,4.0,11,0,0,0.08,0.14
18,13,40,1035,3.84,9,0,1,0.07,0.14
34,21,32,1100,3.93,9,0,2,0.13,0.06
73,4,262,10008,1.4445413029336056,17,3,7,0.4262947938045686,0.5991579677547327
36,18,37,1105,4.16,5,0,2,0.02,0.07
10,34,68,638,4.25,9,1,0,0.02,0.03
28,12,19,2557,4.75,9,0,1,0.1,0.06
10,30,35,2054,4.31,7,1,2,0.09,0.2
31,12,26,629,3.84,8,1,1,0.1,0.06
22,35,49,900,4.6,9,0,2,0.03,0.05
28,27,77,1744,3.95,9,1,2,0.08,0.15
28,26,32,1141,4.63,8,1,2,0.12,0.13
38,37,44,936,4.08,6,0,1,0.11,0.15
19,19,18,1923,4.27,9,0,0,0.07,0.14
15,11,54,1636,4.26,7,1,0,0.02,0.06
26,33,46,1975,4.93,7,0,1,0.13,0.11
28,20,78,2078,3.73,6,1,2,0.08,0.05
5,33,28,557,4.91,9,0,0,0.13,0.07
22,12,36,1636,4.34,4,1,0,0.07,0.2
16,32,22,1199,4.99,6,0,1,0.04,0.15
32,32,66,1645,4.36,7,0,1,0.05,0.16
11,11,69,2955,4.48,11,0,1,0.07,0.03
27,18,21,1983,4.62,8,1,2,0.1,0.09
25,28,18,1608,4.73,10,0,2,0.12,0.12
38,11,36,2141,4.22,4,0,1,0.04,0.05
15,37,72,899,4.52,10,1,1,0.04,0.17
26,28,38,2903,4.42,10,0,0,0.04,0.05
39,11,31,2646,4.11,10,1,0,0.14,0.13
33,24,28,2044,4.73,9,0,1,0.03,0.12
32,33,47,607,3.79,7,0,1,0.06,0.17
22,30,48,2484,3.75,11,0,1,0.08,0.08
18,12,24,2497,4.6,7,1,0,0.09,0.07
22,14,63,651,4.46,10,0,0,0.13,0.17
32,20,41,1405,3.98,6,1,2,0.03,0.06
28,36,55,1349,4.45,5,0,0,0.03,0.15
12,33,70,2492,4.66,7,0,0,0.05,0.05
12,16,61,526,3.83,11,1,1,0.07,0.18
8,15,43,618,4.37,5,1,1,0.06,0.17
31,23,44,1222,4.74,11,0,2,0.06,0.16
9,38,79,2647,4.12,4,1,1,0.13,0.11
37,10,46,502,4.36,8,1,1,0.13,0.03
38,35,70,1305,3.62,5,0,0,0.12,0.04
34,26,58,2492,4.75,11,1,1,0.12,0.1
12,26,18,1629,4.69,5,1,0,0.02,0.03
30,23,28,1753,4.18,5,0,0,0.03,0.03
38,19,37,803,3.68,5,0,1,0.11,0.04
11,39,35,676,4.49,11,1,1,0.09,0.07
32,17,47,583,4.36,5,1,0,0.1,0.15
32,17,49,762,4.88,11,1,2,0.11,0.03
18,23,34,1719,3.92,4,0,1,0.14,0.2
8,16,78,2956,3.55,9,1,0,0.1,0.07
22,15,32,2753,3.88,9,0,0,0.05,0.08
29,13,74,1301,4.14,7,0,1,0.02,0.06
11,10,31,1394,3.73,8,1,0,0.07,0.13
32,24,73,1372,4.97,11,1,1,0.11,0.02
9,34,77,887,3.83,10,1,2,0.05,0.04
7,24,67,2335,4.52,7,1,2,0.03,0.04
35,10,37,2503,4.18,4,1,0,0.15,0.14
24,29,77,1531,4.33,4,0,1,0.07,0.08
23,12,13,2149,4.9,5,1,1,0.04,0.1
15,32,10,2040,4.3,11,1,2,0.03,0.19
7,14,35,949,3.96,11,0,2,0.13,0.06
27,14,42,841,3.83,10,0,1,0.12,0.03
11,13,36,1596,4.84,4,0,0,0.1,0.1
27,26,51,1359,4.98,11,0,1,0.09,0.05
11,30,78,2668,3.88,10,0,0,0.14,0.05
38,29,73,801,4.58,11,1,0,0.04,0.09
23,23,34,2519,4.26,4,0,1,0.07,0.14
13,35,13,1380,4.55,5,0,1,0.01,0.06
22,38,21,2781,4.95,11,0,2,0.07,0.18
29,17,67,565,3.91,4,1,2,0.06,0.09
18,11,20,729,4.61,4,0,2,0.14,0.19
29,17,68,1421,4.16,4,1,0,0.06,0.11
23,10,45,2332,4.48,6,1,2,0.13,0.15
19,38,31,550,4.11,10,1,1,0.12,0.17
20,13,74,886,4.56,9,1,0,0.03,0.12
31,28,59,1561,4.01,7,1,2,0.14,0.17
14,14,13,1252,4.23,6,0,1,0.1,0.09
8,38,61,1696,4.56,10,1,1,0.09,0.09
23,14,52,2291,3.56,10,1,2,0.01,0.16
32,30,55,1978,3.99,7,0,1,0.11,0.06
25,37,13,2588,4.32,5,0,1,0.02,0.15
18,29,22,2444,3.61,5,1,1,0.04,0.03
37,33,47,1652,4.55,9,0,2,0.02,0.13
14,28,54,1577,4.72,7,1,1,0.06,0.19
23,21,34,2633,3.74,7,0,0,0.12,0.1
34,29,76,2843,4.6,9,1,1,0.11,0.09
26,10,64,1738,4.47,8,1,1,0.02,0.12
7,16,48,924,4.12,7,1,2,0.12,0.15
95,2,268,9092,1.7930056819787143,17,3,5,0.7227442233230094,0.7981679242861572
15,11,11,660,4.93,5,0,2,0.01,0.02
6,20,78,2064,4.2,5,0,2,0.04,0.11
16,16,71,2928,3.78,4,0,2,0.12,0.1
10,26,55,743,4.58,4,1,2,0.11,0.12
33,36,40,682,4.41,10,0,1,0.04,0.15
34,12,44,1043,4.72,10,0,1,0.02,0.07
6,38,54,2071,4.99,5,1,2,0.05,0.11
13,31,63,592,3.57,10,1,2,0.12,0.07
6,15,78,2915,4.61,11,0,2,0.14,0.1
33,31,38,658,4.98,4,1,2,0.09,0.08
87,3,262,7557,1.0728925536759388,23,4,8,0.6177902749590047,0.7176167734187116
14,38,63,937,4.57,6,0,0,0.08,0.12
38,27,16,2920,4.16,9,0,1,0.15,0.14
12,27,32,805,4.04,4,1,2,0.14,0.02
37,31,41,2473,4.54,4,1,2,0.15,0.18
10,19,71,1481,4.98,10,1,2,0.11,0.09
23,14,54,2876,3.64,7,1,2,0.07,0.14
36,39,77,2388,4.13,11,1,0,0.14,0.04
31,32,39,842,4.91,7,0,2,0.14,0.12
5,32,48,2388,3.67,11,0,0,0.03,0.14
37,30,14,2401,4.48,11,1,1,0.12,0.05
36,33,76,2705,4.15,6,0,0,0.14,0.18
9,35,31,1633,4.07,11,0,1,0.14,0.16
21,31,37,2897,3.81,10,1,0,0.11,0.12
12,24,31,864,3.76,9,1,2,0.09,0.05
38,30,38,2420,4.27,6,1,0,0.12,0.18
98,4,187,11796,1.6773631273667027,22,5,8,0.6678477308144606,0.47980889164059404
27,32,51,2700,4.24,10,1,0,0.05,0.04
39,13,69,1031,3.79,7,0,1,0.05,0.15
11,30,77,1575,4.03,9,1,0,0.09,0.07
19,30,68,1354,4.99,7,1,0,0.07,0.1
24,10,15,968,4.05,4,1,1,0.08,0.12
29,24,37,1844,4.12,5,1,0,0.05,0.1
7,26,40,1378,3.53,10,1,1,0.09,0.04
28,28,48,866,4.07,6,0,0,0.1,0.15
38,23,59,2502,4.65,11,0,1,0.12,0.06
26,36,46,1140,4.27,8,1,1,0.09,0.15
15,28,24,1361,4.49,9,1,2,0.12,0.18
12,27,60,1934,4.33,10,0,1,0.03,0.12
39,37,79,1088,3.66,7,1,1,0.03,0.15
12,11,32,1829,4.0,4,1,2,0.04,0.03
31,15,34,591,4.54,6,0,2,0.13,0.03
32,22,55,957,4.32,7,0,1,0.09,0.06
38,26,32,1575,4.51,11,0,2,0.07,0.08
36,15,19,2384,4.04,4,0,1,0.12,0.05
19,30,41,1644,3.79,6,0,1,0.03,0.13
21,31,60,2494,4.74,11,1,0,0.01,0.07
37,14,50,2414,4.06,6,0,1,0.05,0.17
20,16,74,2539,4.48,8,0,2,0.04,0.12
33,10,74,2015,4.07,8,0,0,0.05,0.09
13,22,49,1903,4.89,6,0,0,0.15,0.18
37,28,27,886,4.99,4,0,2,0.09,0.17
78,4,247,11413,2.0903954733422467,21,5,5,0.6857529438321205,0.4589630794048065
17,10,40,2130,4.4,10,1,0,0.1,0.15
25,22,63,2184,4.76,11,0,2,0.07,0.13
25,20,72,1812,4.27,10,1,2,0.15,0.09
9,36,10,2292,4.8,9,1,1,0.15,0.1
14,16,61,870,4.12,11,1,2,0.12,0.14
75,4,189,10301,2.2998037935634184,19,5,5,0.5113204920214954,0.5415898515890574
17,12,18,1271,4.89,6,1,2,0.13,0.17
5,35,65,2185,4.58,10,0,2,0.02,0.19
24,34,56,704,4.27,7,1,2,0.1,0.04
12,10,12,1453,4.92,8,0,2,0.07,0.02
14,17,11,2719,4.83,7,0,0,0.02,0.05
13,26,63,1324,3.66,5,1,0,0.14,0.16
7,22,46,721,4.44,8,0,2,0.14,0.04
15,23,65,1691,4.31,8,0,0,0.14,0.09
16,14,40,1579,4.66,6,1,2,0.04,0.03
14,35,21,2098,3.95,6,0,2,0.06,0.1
29,33,67,2408,3.51,7,1,1,0.14,0.13
29,31,76,666,3.78,7,1,1,0.02,0.13
15,32,35,2042,3.82,6,0,2,0.09,0.11
30,36,21,641,3.94,11,1,0,0.08,0.19
18,33,25,2672,4.06,4,1,0,0.03,0.12
5,38,62,589,4.56,7,1,2,0.13,0.17
8,15,58,810,3.61,4,1,0,0.03,0.2
34,36,58,1894,4.23,10,1,2,0.09,0.06
16,31,16,2763,4.25,11,1,1,0.05,0.07
39,36,24,1709,4.42,8,1,0,0.07,0.11
17,15,45,1382,3.97,9,0,0,0.04,0.05
35,30,24,1260,3.89,9,1,1,0.1,0.12
27,17,71,2643,4.23,5,1,2,0.15,0.14
8,22,27,1859,4.49,4,1,0,0.13,0.03
20,27,55,2038,3.57,7,0,1,0.11,0.14
11,32,70,648,3.94,9,0,0,0.12,0.05
26,13,52,1214,4.68,10,1,1,0.13,0.07
33,26,53,1925,4.23,6,1,0,0.08,0.15
15,38,75,2217,4.93,6,1,2,0.09,0.05
37,14,64,1854,4.8,5,0,0,0.14,0.12
33,12,48,1750,4.02,5,0,1,0.11,0.13
16,13,14,2327,4.59,11,1,2,0.03,0.05
11,32,66,2905,3.91,8,0,0,0.12,0.07
30,14,24,2863,3.76,10,1,1,0.01,0.13
13,23,25,2032,4.82,11,1,1,0.13,0.1
38,24,66,2001,4.03,4,1,2,0.12,0.14
17,29,34,1951,3.81,5,0,0,0.13,0.17
29,26,31,949,4.95,8,0,2,0.01,0.04
28,15,40,2335,3.55,10,0,1,0.15,0.03
21,36,43,589,4.05,8,1,1,0.1,0.14
6,19,25,675,3.56,8,1,0,0.12,0.16
96,3,203,11490,1.4352004625395913,21,3,6,0.5497108127250165,0.611680023133553
35,32,68,2255,4.1,9,1,2,0.06,0.09
33,25,24,2513,4.58,7,0,1,0.05,0.13
32,26,22,2941,4.93,5,0,0,0.02,0.12
31,23,33,1789,4.28,9,1,0,0.09,0.11
19,29,22,1003,3.93,10,0,1,0.03,0.17
35,21,74,1455,4.81,6,1,2,0.09,0.05
19,18,45,1800,4.41,8,1,0,0.1,0.14
37,24,58,2647,4.33,6,1,1,0.07,0.15
24,21,57,1965,3.78,11,0,1,0.03,0.18
16,23,52,924,3.56,7,0,1,0.07,0.19
13,35,15,2397,4.19,4,0,2,0.13,0.11
27,31,77,1553,4.29,7,0,2,0.07,0.1
12,27,23,1405,3.69,7,1,2,0.06,0.11
36,29,39,2386,3.59,5,0,0,0.1,0.15
18,15,17,1150,3.82,8,0,1,0.1,0.02
31,13,63,1497,3.59,7,1,2,0.02,0.05
29,35,75,2426,3.58,8,1,0,0.04,0.18
17,32,13,1710,4.17,11,1,0,0.08,0.06
25,21,69,2687,4.72,6,1,0,0.06,0.06
35,22,62,2867,4.5,4,0,0,0.05,0.19
9,28,24,868,4.52,10,1,2,0.07,0.07
17,31,10,2844,3.89,4,0,0,0.05,0.07
32,22,31,2547,3.52,6,0,2,0.06,0.19
29,21,24,758,4.18,5,0,2,0.12,0.09
39,29,31,2136,4.07,6,1,2,0.08,0.11
11,12,59,2067,4.92,11,1,1,0.13,0.12
36,37,57,1644,3.61,9,0,2,0.14,0.18
7,12,60,517,4.66,6,0,0,0.14,0.03
26,23,26,1832,4.08,9,1,1,0.05,0.07
12,27,60,2403,4.74,5,1,1,0.08,0.13
79,2,186,7419,2.3478956695059745,20,5,7,0.7043203294209379,0.6492238858198454
31,28,58,609,4.73,10,0,2,0.13,0.07
37,38,68,830,4.2,5,1,2,0.09,0.09
21,37,19,2096,4.1,7,1,1,0.05,0.19
16,39,39,1445,4.95,8,0,0,0.09,0.02
31,19,30,1787,4.05,4,1,1,0.02,0.05
12,26,43,767,4.71,5,1,2,0.13,0.02
27,24,59,934,3.6,9,1,2,0.09,0.13
33,28,56,2535,3.59,5,0,0,0.1,0.02
24,18,15,2997,4.16,7,1,0,0.04,0.1
20,13,59,2844,4.38,7,1,1,0.09,0.17
21,24,72,2441,4.41,10,1,2,0.08,0.04
20,28,21,2113,3.55,8,1,1,0.1,0.09
23,25,50,1218,4.55,5,1,0,0.13,0.09
84,4,225,10344,1.1138622598641268,21,3,8,0.6859333110991463,0.4125586041436528
33,26,11,2959,4.93,11,1,1,0.09,0.15
30,30,25,2867,4.0,7,1,2,0.14,0.02
35,10,10,1240,3.89,6,0,2,0.06,0.16
16,16,13,2099,3.94,8,0,2,0.08,0.17
21,30,56,1849,4.91,5,1,1,0.1,0.1
19,27,74,2090,4.22,11,0,2,0.07,0.18
13,21,61,1304,4.15,4,1,2,0.06,0.09
16,25,56,916,4.35,10,1,0,0.03,0.15
36,39,59,1381,4.9,4,0,2,0.1,0.09
29,10,54,1290,3.96,9,0,0,0.04,0.03
22,36,51,2475,3.77,7,1,1,0.03,0.04
83,4,247,7228,1.2265970853846935,17,5,7,0.4312271226536696,0.6262377898835259
36,16,66,2427,4.24,4,1,2,0.11,0.2
10,37,42,2308,3.59,7,0,0,0.03,0.05
39,26,37,2130,4.28,10,0,2,0.15,0.18
38,12,53,2637,4.34,10,1,0,0.12,0.19
9,20,65,1598,4.54,11,1,2,0.06,0.09
22,15,53,1790,4.99,6,1,0,0.09,0.1
20,15,43,2344,4.13,10,0,0,0.01,0.11
12,24,23,925,4.27,7,1,1,0.13,0.16
66,3,249,9737,2.003035353829359,19,3,5,0.5483495927505716,0.7590516802008527
36,20,38,2337,4.75,4,1,1,0.02,0.08
30,39,26,1285,3.65,5,0,2,0.12,0.05
26,36,18,1034,4.9,4,1,2,0.06,0.18
35,26,36,2134,4.02,4,1,0,0.09,0.03
14,32,58,784,4.01,7,0,1,0.13,0.15
16,27,46,1629,3.99,10,0,1,0.12,0.1
32,31,37,1003,4.93,10,0,2,0.06,0.15
10,38,59,545,4.97,8,0,1,0.13,0.18
24,33,64,1970,4.96,4,1,1,0.06,0.08
9,38,13,1667,4.56,11,0,2,0.08,0.06
27,30,28,1036,3.67,4,0,1,0.1,0.14
13,35,46,561,4.08,9,1,2,0.02,0.2
33,28,13,2265,3.93,8,0,1,0.09,0.15
20,36,46,1605,4.56,5,0,0,0.09,0.16
26,17,60,2883,4.24,11,1,2,0.13,0.13
12,33,41,710,4.42,4,1,2,0.06,0.09
24,29,54,2947,3.51,10,1,2,0.04,0.14
83,2,162,8288,2.349995756919897,23,5,5,0.6424208772413998,0.5690598120390234
38,30,50,2894,4.93,8,0,2,0.11,0.11
15,38,65,2527,4.5,8,1,0,0.09,0.12
37,20,23,876,4.78,9,1,1,0.03,0.18
35,30,63,1685,4.22,4,1,0,0.06,0.19
38,12,72,2591,3.53,5,0,2,0.02,0.03
11,32,74,1286,4.99,5,1,0,0.11,0.13
27,36,67,1232,3.59,10,0,0,0.13,0.16
11,23,30,1467,3.79,6,0,0,0.02,0.12
29,36,13,1021,3.58,6,1,0,0.08,0.04
7,18,55,2658,4.44,7,0,1,0.09,0.06
24,34,21,1578,4.37,10,1,1,0.07,0.08
38,10,39,1023,3.81,9,0,1,0.08,0.14
34,10,69,2693,4.93,4,1,2,0.11,0.03
21,35,74,2811,4.87,5,1,0,0.08,0.12
14,37,23,967,3.92,6,1,1,0.14,0.04
39,21,53,2084,4.49,4,0,2,0.09,0.09
24,20,35,1710,4.78,9,1,2,0.02,0.1
22,30,25,2486,4.04,4,0,0,0.14,0.1
31,10,16,2248,3.88,5,0,0,0.03,0.15
27,29,41,1257,3.88,4,1,0,0.12,0.03
36,21,25,1677,4.73,8,0,0,0.08,0.07
14,26,71,1418,4.19,6,0,0,0.11,0.14
68,1,252,7064,1.3259092695620471,17,5,6,0.6749368033092037,0.7855066354964529
10,11,21,1205,4.48,6,0,1,0.02,0.13
38,27,76,2458,3.96,4,0,1,0.06,0.18
21,25,55,1333,3.81,8,1,0,0.1,0.19
16,13,52,898,3.69,6,1,2,0.1,0.18
25,17,64,2307,3.54,5,1,1,0.15,0.19
23,11,54,1899,3.62,8,1,0,0.09,0.16
7,23,69,827,3.88,9,0,1,0.05,0.18
22,34,41,1795,4.57,6,0,2,0.02,0.11
23,24,17,2120,3.73,11,1,2,0.12,0.08
10,37,71,2942,4.29,11,0,1,0.13,0.2
20,18,29,1541,3.87,4,1,0,0.1,0.04
12,11,27,1418,4.27,5,1,0,0.08,0.19
22,26,15,576,4.63,10,0,0,0.13,0.1
16,35,38,1572,3.9,4,1,2,0.04,0.02
14,19,13,1949,4.02,11,0,2,0.07,0.16
11,18,52,2271,4.58,11,0,2,0.08,0.1
5,11,43,2079,4.32,9,0,2,0.02,0.16
25,33,42,1517,3.64,4,1,1,0.11,0.03
28,39,24,628,4.64,9,0,0,0.04,0.2
83,2,255,9903,1.912386420257852,17,3,6,0.525687753607393,0.7384061365507303
11,26,14,2851,4.08,8,0,1,0.07,0.03
21,20,59,1635,3.87,6,1,1,0.1,0.02
33,26,75,1411,4.32,11,0,0,0.02,0.13
34,19,63,1315,4.56,8,1,0,0.06,0.2
11,27,55,1473,4.7,11,0,1,0.05,0.11
37,32,20,2462,4.88,10,0,1,0.01,0.08
11,37,58,2910,4.04,11,0,2,0.11,0.19
28,15,32,1589,4.9,11,1,1,0.04,0.2
15,25,64,2300,4.43,9,1,1,0.03,0.16
13,37,14,1308,4.08,5,1,2,0.12,0.15
16,36,73,1842,4.83,9,0,0,0.02,0.02
39,27,44,1537,4.37,6,0,2,0.14,0.08
8,29,78,1069,4.18,5,0,1,0.11,0.19
32,27,63,1469,3.52,7,1,1,0.03,0.09
17,10,12,2379,4.58,7,1,0,0.06,0.08
27,37,15,2900,3.62,11,1,0,0.14,0.12
23,12,65,1109,3.93,8,0,2,0.1,0.1
28,24,11,2483,4.94,11,1,0,0.1,0.17
20,29,47,887,3.73,5,0,1,0.1,0.03
37,19,65,2197,3.97,10,0,0,0.07,0.14
16,30,14,1258,4.9,6,0,1,0.03,0.15
38,14,55,2361,4.01,11,0,0,0.03,0.18
11,24,20,2989,3.99,11,0,2,0.11,0.09
15,32,74,1015,4.47,8,1,0,0.13,0.07
35,23,19,2341,3.7,7,1,1,0.05,0.13
33,24,50,544,4.96,7,0,2,0.08,0.15
17,19,53,1942,3.91,7,1,2,0.15,0.05
35,33,42,1222,4.68,8,0,0,0.05,0.05
6,18,65,1255,3.93,6,0,0,0.06,0.07
19,21,21,2750,3.91,7,1,2,0.06,0.06
15,16,11,2408,3.59,10,0,2,0.01,0.16
38,14,10,885,3.68,8,1,1,0.08,0.12
8,34,74,2530,4.28,8,0,2,0.04,0.12
15,33,42,859,4.37,11,1,2,0.03,0.02
33,19,45,1991,4.72,4,0,2,0.11,0.2
6,34,30,1482,3.59,4,0,2,0.12,0.17
20,35,45,2467,4.03,10,1,1,0.13,0.1
17,17,35,704,3.8,9,0,2,0.14,0.03
21,31,56,1572,4.04,6,0,1,0.13,0.14
25,29,10,865,4.03,7,1,2,0.03,0.12
23,34,47,2800,4.03,4,1,1,0.04,0.14
11,25,23,2625,3.96,11,1,1,0.03,0.14
12,21,55,1268,4.65,6,0,0,0.06,0.05
17,18,51,1486,4.53,4,0,1,0.03,0.08
6,19,16,916,4.01,11,1,1,0.1,0.02
15,25,64,1961,3.72,11,0,1,0.11,0.2
28,19,65,2859,4.28,10,1,0,0.03,0.17
10,18,72,1666,4.88,7,1,1,0.1,0.19
30,39,33,696,3.69,8,0,0,0.01,0.03
11,35,13,2807,4.63,7,0,1,0.07,0.11
23,12,51,1889,4.4,4,0,1,0.05,0.15
10,36,79,1715,4.38,7,1,1,0.15,0.04
33,37,37,2571,4.9,10,0,1,0.14,0.16
93,2,269,8737,1.3861228803467038,19,5,8,0.5826831557083791,0.6145031164183888
23,20,60,2401,3.87,11,1,2,0.14,0.2
8,15,38,2169,4.71,5,0,2,0.07,0.05
10,15,51,1917,4.43,8,1,1,0.09,0.13
32,24,78,2657,4.11,4,0,2,0.08,0.19
34,38,14,2637,4.5,8,1,0,0.11,0.15
11,24,50,536,4.93,9,0,1,0.06,0.08
13,22,70,1492,4.28,6,0,2,0.02,0.04
29,31,64,2086,4.91,7,1,0,0.07,0.19
37,14,37,1071,4.46,9,0,0,0.09,0.03
5,23,50,806,4.22,11,0,1,0.09,0.2
10,30,18,2609,4.47,5,0,1,0.12,0.07
22,11,38,804,4.4,5,1,0,0.02,0.17
14,39,47,2726,4.13,7,0,0,0.15,0.12
32,32,71,2267,4.34,11,1,1,0.15,0.18
15,21,63,1431,4.55,7,0,0,0.02,0.1
37,29,61,1967,4.76,6,1,2,0.06,0.17
5,23,43,2042,3.96,8,1,2,0.09,0.06
17,28,46,2492,3.52,5,0,0,0.06,0.1
24,33,58,1296,4.33,4,1,0,0.08,0.17
5,29,51,2034,4.23,7,1,1,0.06,0.04
7,24,23,1246,3.58,7,1,2,0.11,0.15
22,36,42,952,4.45,9,0,2,0.06,0.1
18,29,26,1330,4.91,9,1,2,0.07,0.11
35,33,41,1257,4.1,9,1,2,0.09,0.12
31,26,77,1360,4.84,5,0,2,0.15,0.07
21,34,48,2475,4.72,9,1,2,0.1,0.04
33,23,19,2052,3.74,7,0,1,0.02,0.02
30,32,33,2418,4.68,5,1,0,0.05,0.1
21,37,67,1318,4.28,10,0,2,0.07,0.07
26,27,78,1892,4.88,4,0,1,0.11,0.13
29,36,73,2379,3.78,4,1,1,0.07,0.15
6,37,28,880,3.69,10,1,0,0.1,0.11
26,31,17,1742,3.86,5,1,0,0.13,0.13
9,33,49,1148,3.59,7,0,0,0.02,0.12
8,36,22,745,3.98,11,0,0,0.12,0.02
10,14,36,2798,3.92,6,0,0,0.11,0.17
25,31,11,1064,4.12,10,0,1,0.12,0.03
17,21,25,1320,4.19,6,1,0,0.14,0.09
29,19,23,971,3.72,8,0,1,0.05,0.04
30,17,26,2516,4.43,6,0,2,0.07,0.14
24,38,69,621,3.84,11,1,2,0.05,0.08
37,15,79,1849,3.68,9,0,0,0.06,0.03
18,37,26,1280,4.56,7,1,2,0.06,0.03
21,34,54,620,3.53,6,1,1,0.13,0.06
25,24,47,2686,4.05,11,1,2,0.02,0.14
20,21,73,2634,3.72,8,1,2,0.04,0.15
20,34,15,2677,4.82,11,0,2,0.1,0.04
24,34,69,2799,4.74,4,1,2,0.12,0.05
33,15,58,2385,3.59,5,1,1,0.11,0.13
32,21,30,1883,4.33,6,0,2,0.02,0.19
12,24,32,2336,3.94,5,0,0,0.07,0.12
28,21,66,546,3.79,10,0,1,0.04,0.15
7,18,73,2468,3.97,5,0,0,0.15,0.12
29,28,38,2333,4.72,9,1,1,0.15,0.04
23,30,36,2972,3.59,9,0,2,0.02,0.19
37,11,15,1898,4.47,4,0,1,0.1,0.03
6,37,30,2377,4.87,8,1,0,0.12,0.16
19,22,50,1230,4.17,7,1,0,0.06,0.2
26,22,14,610,4.85,7,1,1,0.11,0.08
14,17,24,1750,4.86,7,0,0,0.04,0.05
22,36,30,2310,4.41,10,0,0,0.03,0.12
26,22,67,634,4.18,8,1,1,0.14,0.16
31,13,13,1818,4.61,9,0,2,0.1,0.19
17,15,78,1109,4.87,11,0,2,0.12,0.14
37,15,16,1557,4.52,8,0,2,0.08,0.08
9,30,44,2975,3.81,8,1,0,0.03,0.11
30,21,45,2488,4.73,6,0,0,0.06,0.16
17,21,24,2746,4.93,5,0,2,0.13,0.16
31,26,11,1059,4.12,8,1,1,0.01,0.03
18,36,66,758,4.55,8,0,2,0.04,0.13
28,16,14,2148,4.28,11,1,1,0.05,0.19
7,35,41,2684,3.67,10,1,0,0.05,0.16
34,24,50,1415,4.02,6,0,0,0.02,0.02
39,33,51,2928,3.75,5,0,2,0.13,0.06
18,26,74,737,4.51,10,0,1,0.03,0.1
16,19,49,1187,4.37,9,0,1,0.13,0.15
32,32,47,2110,3.55,9,0,2,0.06,0.12
33,29,51,1658,3.59,11,0,1,0.07,0.03
21,15,46,2629,3.89,7,1,0,0.07,0.15
25,18,65,1094,4.62,4,0,1,0.11,0.17
27,24,64,2250,3.69,11,0,0,0.11,0.06
24,25,63,902,3.81,8,1,2,0.1,0.03
15,30,31,1321,4.86,8,0,1,0.12,0.16
38,17,36,2735,4.32,4,1,2,0.01,0.14
14,25,56,2282,4.43,8,0,2,0.08,0.16
14,14,47,2802,4.18,9,1,1,0.08,0.12
10,27,48,2197,3.95,8,0,1,0.04,0.1
28,29,24,2972,3.87,8,0,1,0.09,0.19
16,23,75,1938,4.38,4,0,0,0.08,0.16
27,11,70,1690,4.21,9,1,2,0.08,0.09
31,32,69,2113,4.1,6,1,0,0.03,0.18
10,32,17,984,4.54,6,1,2,0.07,0.2
91,4,220,10725,1.2117154722010035,16,3,6,0.7729652292536258,0.6185718637208394
10,12,52,2055,3.56,6,1,0,0.07,0.18
26,23,15,2727,4.76,7,0,2,0.08,0.03
28,38,36,1400,3.98,7,1,0,0.15,0.06
29,16,54,1964,4.92,11,0,1,0.13,0.05
19,24,32,1143,4.82,11,1,2,0.14,0.08
30,26,22,2686,3.85,9,0,0,0.02,0.12
12,10,77,1286,4.95,4,1,1,0.1,0.15
71,3,277,7347,1.2108680349010128,22,3,8,0.6774752957871535,0.499278915993703
10,31,34,2830,4.98,9,0,2,0.07,0.05
39,38,61,517,4.52,8,1,2,0.11,0.12
5,23,57,2456,4.9,5,0,2,0.09,0.12
16,25,70,1255,4.54,8,1,1,0.08,0.1
15,37,26,1186,4.78,9,0,2,0.12,0.15
16,30,49,2536,4.42,10,0,2,0.11,0.11
11,22,78,1100,4.89,6,1,1,0.12,0.12
15,15,35,1543,4.28,11,0,1,0.14,0.18
35,31,65,1849,4.6,6,0,2,0.11,0.17
37,10,49,1879,4.88,11,1,1,0.07,0.12
17,30,77,932,4.13,11,1,1,0.04,0.05
22,34,17,1541,3.54,7,1,0,0.05,0.19
28,13,54,2073,3.67,5,1,1,0.07,0.13
13,12,26,875,4.96,4,0,0,0.11,0.17
35,26,50,2124,4.81,10,1,0,0.02,0.03
14,39,18,1863,4.23,8,1,0,0.12,0.18
6,11,79,1510,4.94,6,1,0,0.12,0.14
19,28,33,1215,3.78,10,0,0,0.08,0.14
7,29,20,1756,3.67,9,1,1,0.07,0.04
35,32,44,1627,4.4,10,0,1,0.03,0.15
10,31,38,1523,4.07,8,1,1,0.05,0.03
7,36,17,720,4.01,4,0,2,0.03,0.03
15,17,26,2485,4.6,10,0,1,0.12,0.08
19,39,21,1549,3.73,8,0,0,0.08,0.02
32,34,59,1587,4.67,7,1,2,0.04,0.05
14,24,33,2801,4.04,4,1,2,0.01,0.15
11,15,46,1325,4.98,11,1,1,0.08,0.17
19,32,20,1654,4.71,11,0,2,0.12,0.05
22,29,68,529,4.47,4,1,1,0.12,0.17
22,11,64,1286,3.84,11,0,1,0.04,0.11
28,34,36,509,4.93,8,1,0,0.15,0.19
6,34,76,2977,3.55,8,1,2,0.09,0.05
24,24,69,1670,3.84,6,1,2,0.06,0.03
38,29,11,2671,3.56,8,1,2,0.06,0.17
30,21,77,2142,4.95,4,1,1,0.03,0.09
11,12,27,1864,4.81,10,0,2,0.08,0.1
34,19,29,2041,4.93,9,0,0,0.12,0.11
9,23,72,550,4.57,8,1,2,0.07,0.17
15,36,11,897,3.54,9,0,2,0.13,0.03
5,31,51,813,4.9,9,1,0,0.08,0.12
38,39,37,1013,4.13,6,1,1,0.14,0.1
5,23,38,1029,4.05,5,1,1,0.11,0.08
23,12,78,2284,3.93,9,1,2,0.02,0.08
6,10,37,2263,3.93,7,0,0,0.02,0.19
25,29,69,1359,4.7,9,0,0,0.12,0.07
24,10,14,2966,3.88,10,0,0,0.06,0.1
27,11,24,2741,3.83,4,0,1,0.04,0.11
25,28,41,811,4.55,11,0,1,0.13,0.15
28,33,61,1495,3.93,10,1,1,0.15,0.11
8,19,46,1822,3.52,6,1,0,0.12,0.13
16,13,24,2664,4.9,7,0,1,0.11,0.09
65,3,205,7152,1.2449462327524725,19,5,7,0.5754065713795417,0.691968812443476
24,22,13,2042,4.65,10,1,1,0.02,0.1
22,35,62,520,4.2,8,1,2,0.1,0.06
5,18,36,1048,3.7,9,1,1,0.07,0.17
34,16,30,1696,4.49,8,0,2,0.01,0.16
37,25,69,1447,3.85,5,1,0,0.11,0.13
28,27,73,1520,3.93,8,0,1,0.07,0.11
18,12,56,705,3.55,11,1,2,0.1,0.06
9,29,63,2136,3.52,7,1,0,0.08,0.18
15,29,40,1130,4.27,11,0,2,0.01,0.04
28,19,26,2726,3.59,6,1,1,0.1,0.09
35,33,59,2889,3.81,10,1,1,0.12,0.17
99,2,259,11007,2.347987759840508,16,4,7,0.760724440937707,0.40081372580819025
20,39,37,1598,3.62,7,0,0,0.13,0.1
28,35,19,789,3.94,6,0,1,0.04,0.16
17,31,36,707,4.59,10,1,0,0.07,0.2
28,25,22,771,4.83,7,0,0,0.08,0.05
30,12,75,914,3.57,8,1,1,0.05,0.03
6,20,69,883,3.78,7,0,1,0.08,0.1
20,34,52,1784,4.08,5,0,1,0.11,0.07
5,19,78,1390,4.04,7,0,1,0.11,0.14
15,25,72,2162,3.93,4,1,2,0.14,0.11
39,17,79,1541,3.86,8,0,2,0.13,0.11
33,18,74,2794,3.9,7,0,2,0.15,0.08
21,24,76,1819,3.7,6,0,0,0.09,0.06
32,30,63,2961,3.74,8,1,0,0.07,0.06
33,12,45,1843,4.41,9,1,2,0.04,0.09
7,13,24,2077,3.94,6,1,1,0.04,0.14
14,39,27,2216,4.1,5,1,0,0.03,0.08
18,22,13,2384,4.12,9,0,0,0.11,0.08
16,21,20,2728,3.66,9,1,0,0.1,0.1
34,30,15,2179,4.73,9,1,0,0.05,0.2
36,18,60,1443,4.93,4,1,2,0.13,0.04
36,34,67,1392,3.9,10,1,2,0.09,0.07
36,23,69,560,3.94,7,1,0,0.02,0.07
30,28,27,1732,4.54,8,1,1,0.02,0.2
5,16,76,665,3.62,10,0,2,0.03,0.09
6,25,26,2405,4.86,7,1,0,0.04,0.12
21,31,43,1823,3.68,7,0,2,0.13,0.06
34,29,39,1154,4.6,8,0,0,0.12,0.02
11,14,28,850,3.94,10,1,1,0.04,0.08
31,39,18,2810,3.98,9,0,0,0.04,0.14
13,19,49,2671,3.71,9,0,0,0.1,0.14
26,27,53,2065,4.47,11,0,0,0.13,0.16
38,20,68,1431,4.69,4,0,1,0.05,0.17
5,16,34,2404,4.93,4,1,0,0.08,0.04
13,23,62,1613,4.0,5,0,0,0.13,0.03
24,29,57,2686,4.43,8,1,2,0.12,0.16
23,27,62,2489,4.12,8,1,0,0.13,0.1
8,20,58,1885,4.34,6,0,2,0.05,0.19
13,31,52,1616,3.74,6,0,0,0.11,0.19
26,36,28,633,4.37,11,0,1,0.03,0.05
22,21,75,1727,4.77,6,0,1,0.1,0.14
16,27,43,2371,4.8,4,1,1,0.05,0.03
13,35,63,1517,4.23,5,0,0,0.11,0.09
10,11,10,2381,3.85,5,0,1,0.03,0.17
23,32,64,937,4.76,9,1,1,0.1,0.1
11,10,24,1179,5.0,7,1,0,0.11,0.03
20,32,24,1747,4.07,5,1,2,0.13,0.06
9,19,32,1691,4.89,10,1,0,0.11,0.04
20,30,75,1630,4.98,6,0,0,0.08,0.09
5,10,55,1903,4.09,8,0,2,0.12,0.15
23,15,18,2571,4.57,7,1,1,0.05,0.14
21,16,75,2034,4.37,9,0,0,0.1,0.15
30,26,75,1830,4.58,4,1,2,0.11,0.09
26,18,27,1434,3.73,5,0,2,0.06,0.07
12,16,26,1881,4.05,9,1,1,0.15,0.03
37,26,43,869,3.59,8,1,0,0.06,0.19
6,12,78,1496,4.42,6,1,2,0.02,0.04
34,25,73,2718,4.89,4,0,0,0.05,0.05
24,14,53,2104,4.34,11,0,0,0.02,0.02
22,29,38,2769,3.61,4,0,1,0.06,0.08
14,27,71,2990,4.9,5,0,0,0.03,0.17
28,10,25,1676,3.7,10,0,1,0.07,0.08
8,13,61,875,4.82,8,1,2,0.12,0.14
8,32,11,2828,4.57,6,1,1,0.02,0.19
17,20,70,2443,4.45,6,1,1,0.09,0.18
83,4,161,11489,1.6893021071177912,21,5,9,0.43696918662043843,0.5142244142489191
17,18,61,1310,3.7,6,1,1,0.13,0.08
22,39,50,1326,4.25,5,1,1,0.14,0.16
28,17,61,2345,3.8,9,1,2,0.08,0.2
6,17,40,2033,4.36,9,1,1,0.12,0.15
37,14,35,834,4.17,9,0,0,0.09,0.07
23,21,36,909,4.52,5,0,1,0.06,0.04
13,10,60,553,4.97,11,0,1,0.04,0.11
32,24,57,1200,4.04,11,0,0,0.12,0.05
39,34,20,2257,4.43,8,0,1,0.07,0.06
14,27,17,1598,4.8,10,1,2,0.14,0.13
5,15,21,2896,3.64,7,1,2,0.15,0.11
25,19,54,1474,4.7,5,1,0,0.04,0.04
13,23,43,892,3.86,6,1,2,0.09,0.05
19,30,56,1053,4.31,9,0,1,0.09,0.02
39,35,30,2628,4.99,9,0,2,0.13,0.06
9,38,50,1325,4.98,8,0,1,0.11,0.18
26,17,31,1243,3.97,6,0,1,0.1,0.16
27,36,30,1970,3.7,5,1,1,0.11,0.09
11,12,37,2724,4.91,9,1,1,0.06,0.15
27,31,76,638,4.84,8,1,1,0.14,0.09
29,31,23,2345,4.42,10,1,2,0.02,0.16
31,35,61,1041,3.55,11,1,1,0.01,0.05
10,28,52,2741,4.63,6,1,0,0.07,0.05
38,21,28,2356,3.74,9,0,0,0.03,0.03
13,21,36,1837,4.91,7,1,0,0.09,0.06
37,24,27,2220,4.15,4,0,2,0.01,0.05
10,37,22,2794,4.42,4,1,0,0.07,0.16
79,3,238,7559,2.3129891288934754,20,5,8,0.42075533407794596,0.5775254911985763
38,36,43,572,4.21,6,0,2,0.04,0.11
33,13,22,2641,4.63,9,0,2,0.07,0.16
18,30,60,934,4.24,10,0,1,0.13,0.14
19,18,10,2306,4.77,4,1,0,0.1,0.06
12,31,37,2545,4.57,9,0,1,0.03,0.03
30,25,41,956,3.62,9,1,0,0.08,0.18
25,35,64,2776,4.41,7,1,0,0.14,0.13
32,22,35,2577,4.42,9,0,0,0.07,0.15
8,13,23,2148,4.07,10,0,0,0.08,0.09
20,33,77,834,3.98,7,1,0,0.14,0.06
26,18,72,1159,3.59,6,1,1,0.03,0.12
16,35,23,1068,4.17,7,1,2,0.11,0.03
20,30,36,676,4.0,4,0,2,0.05,0.16
97,3,220,7021,2.190793519338311,17,3,7,0.5695127101882238,0.703403656412739
22,24,12,1276,4.51,10,0,1,0.02,0.16
14,24,68,1760,4.19,9,0,1,0.15,0.12
22,15,32,1801,4.63,4,0,2,0.12,0.12
5,20,27,576,4.67,7,0,0,0.05,0.13
25,37,50,1432,4.22,7,0,2,0.12,0.16
5,17,17,1135,3.61,8,0,2,0.14,0.06
19,38,41,2177,4.67,5,1,0,0.03,0.14
8,30,50,1690,3.64,10,1,0,0.14,0.12
24,26,54,1912,4.77,10,1,0,0.06,0.11
14,33,18,511,4.0,9,0,1,0.01,0.12
27,34,57,2716,4.46,11,1,0,0.03,0.07
38,26,33,1330,4.61,5,0,2,0.13,0.03
37,33,53,1949,3.55,6,1,2,0.15,0.16
38,35,67,948,4.08,4,1,2,0.14,0.18
14,37,75,2996,4.41,11,1,2,0.07,0.11
24,27,27,2289,4.77,5,1,0,0.14,0.17
5,13,38,926,4.58,6,0,1,0.07,0.12
17,38,11,1415,4.84,7,1,2,0.03,0.19
5,24,77,1130,3.62,5,0,0,0.06,0.11
9,11,48,725,3.61,4,0,0,0.15,0.06
84,3,200,8595,2.1436041346286725,16,3,6,0.5021269428034734,0.6950454102503538
19,19,31,2410,4.1,8,0,1,0.06,0.16
32,12,58,1999,4.22,10,1,0,0.1,0.09
35,39,37,2750,4.41,11,1,2,0.07,0.17
27,17,25,1174,4.98,8,0,2,0.02,0.02
21,29,77,1820,3.6,5,1,1,0.04,0.16
38,16,71,2563,3.66,8,1,0,0.01,0.14
17,21,45,1901,4.74,6,0,2,0.05,0.09
18,35,31,1543,3.53,9,0,0,0.11,0.16
15,28,20,2987,4.18,4,1,0,0.04,0.04
32,35,51,1767,4.66,7,1,2,0.08,0.06
36,37,64,1767,3.79,4,1,2,0.11,0.12
39,39,44,891,3.78,7,1,2,0.09,0.18
35,24,66,1223,3.97,11,0,1,0.01,0.04
21,23,43,2388,3.73,8,1,1,0.06,0.12
13,25,79,1785,4.52,6,1,0,0.07,0.16
14,38,13,2767,3.8,7,0,2,0.06,0.15
12,36,55,1531,3.84,10,1,2,0.09,0.13
99,1,189,10441,1.5763236910010496,20,3,9,0.7526420968287408,0.7065977283070856
17,12,70,513,4.95,11,0,2,0.04,0.11
98,3,295,10644,1.0684080980321418,19,5,6,0.5536091804041334,0.7894648108863797
10,38,78,1141,4.8,7,1,2,0.03,0.13
34,37,66,1545,4.3,5,0,1,0.07,0.15
35,31,20,724,3.95,4,1,0,0.12,0.1
21,15,21,2782,4.56,9,1,2,0.11,0.05
15,26,52,1657,4.08,9,1,1,0.07,0.04
24,32,28,2043,4.67,11,1,1,0.12,0.14
13,37,77,1291,3.52,6,0,0,0.11,0.09
6,23,68,2062,4.29,8,0,2,0.06,0.12
5,23,11,936,4.01,6,1,1,0.14,0.15
60,3,244,9418,2.340845814031447,19,5,9,0.458230825242262,0.6993580334324185
29,22,31,2447,4.49,9,0,0,0.06,0.11
7,36,30,2539,4.49,7,1,1,0.11,0.08
13,37,38,1080,3.56,11,1,2,0.13,0.16
26,12,46,2502,4.92,7,1,1,0.06,0.09
27,22,38,1186,4.04,6,0,1,0.09,0.19
16,38,46,864,4.88,7,1,2,0.01,0.17
14,33,30,768,4.38,7,0,1,0.06,0.15
38,11,21,2216,4.48,10,0,0,0.06,0.06
14,18,57,1894,4.94,10,1,1,0.13,0.09
34,22,56,2075,4.73,7,0,0,0.02,0.17
26,17,24,577,3.71,11,0,0,0.02,0.02
10,25,76,688,3.51,5,1,2,0.07,0.16
6,33,22,2130,3.96,11,0,0,0.07,0.09
34,38,68,1825,4.23,10,0,1,0.03,0.16
6,12,22,2905,4.6,8,1,2,0.05,0.12
36,22,28,1458,4.49,11,0,0,0.15,0.11
20,13,66,2883,3.97,8,1,0,0.08,0.15
16,27,41,1402,4.31,11,0,0,0.02,0.17
5,11,30,840,4.48,11,1,1,0.02,0.14
12,29,23,2619,4.27,9,1,1,0.02,0.1
17,31,33,1565,4.53,11,0,0,0.06,0.08
19,30,58,910,4.23,10,0,2,0.13,0.17
12,24,41,1397,4.29,11,1,1,0.13,0.11
14,26,20,1143,4.91,4,1,2,0.06,0.16
9,38,69,520,4.08,7,1,1,0.12,0.2
23,19,77,1177,4.63,6,1,2,0.12,0.14
15,10,70,1599,4.0,7,0,2,0.08,0.07
24,15,14,587,4.0,4,0,0,0.07,0.18
24,12,45,2117,4.89,7,0,0,0.04,0.07
25,28,73,2564,4.55,5,0,0,0.05,0.07
22,16,41,2930,4.89,11,1,0,0.06,0.03
14,22,75,2088,4.99,4,0,2,0.12,0.03
38,22,19,1669,3.5,8,1,0,0.09,0.18
30,26,30,1916,4.97,8,0,1,0.04,0.06
34,10,49,809,3.65,5,0,0,0.02,0.04
61,3,244,9770,1.1182782559441313,16,5,9,0.7678719457062884,0.45206530249224836
35,38,55,1259,4.65,8,1,1,0.1,0.15
76,2,296,8946,2.287341437091886,22,3,6,0.40172991060802765,0.7426286411577763
10,12,13,2588,4.88,5,0,0,0.12,0.08
18,23,23,1171,4.32,8,0,0,0.13,0.11
8,33,23,711,4.08,10,0,1,0.07,0.02
30,10,62,1856,3.61,11,1,1,0.13,0.11
21,25,38,2465,4.2,8,1,0,0.07,0.2
23,19,32,803,3.92,11,0,1,0.03,0.16
10,22,40,1190,3.61,9,1,2,0.07,0.03
33,13,70,2281,4.51,7,1,1,0.06,0.14
89,3,218,7071,1.1057450679346554,21,5,5,0.5061952203165513,0.5949861221588966
20,23,17,1115,4.07,11,0,1,0.1,0.17
34,13,25,1022,3.95,4,0,0,0.1,0.04
29,19,35,2572,3.63,8,1,2,0.04,0.06
15,17,38,1307,3.83,4,1,2,0.05,0.16
11,32,15,524,3.93,11,0,0,0.09,0.17
30,12,46,2276,4.02,4,0,1,0.02,0.12
26,32,42,607,4.45,11,1,2,0.11,0.02
29,16,55,1853,3.67,11,1,0,0.04,0.18
23,19,70,679,3.59,8,1,0,0.13,0.09
35,12,50,1380,4.9,10,0,2,0.07,0.03
30,11,27,2678,4.7,4,0,0,0.04,0.17
27,24,25,2330,3.92,9,1,2,0.1,0.1
17,18,60,1102,4.46,5,1,2,0.09,0.05
29,24,46,667,4.39,10,1,1,0.03,0.16
6,26,23,722,4.61,9,0,0,0.13,0.1
6,39,77,968,4.79,6,0,2,0.07,0.13
20,16,39,777,4.04,11,1,2,0.03,0.17
13,29,69,2737,4.49,5,0,1,0.12,0.11
32,27,62,2049,4.7,10,0,2,0.03,0.04
17,24,45,2520,4.55,8,0,1,0.15,0.19
39,27,39,2278,4.88,5,0,2,0.07,0.07
17,33,73,1120,4.24,9,1,0,0.11,0.2
35,32,23,1713,4.7,10,0,0,0.07,0.02
25,21,32,717,4.86,11,1,0,0.04,0.11
36,32,57,1834,4.34,6,1,1,0.12,0.15
38,30,37,2783,3.53,10,1,0,0.05,0.18
12,39,16,667,4.73,5,0,1,0.11,0.16
6,35,51,2740,4.77,10,0,1,0.05,0.07
36,17,19,2789,4.1,4,1,1,0.04,0.06
32,39,77,1685,3.84,10,1,2,0.07,0.08
5,11,53,1862,4.97,8,1,1,0.12,0.04
14,11,22,2740,4.33,4,1,2,0.1,0.14
8,14,42,1925,4.27,10,0,1,0.02,0.19
39,10,41,2939,4.92,11,0,1,0.11,0.14
14,31,57,1565,4.11,4,0,2,0.09,0.12
15,13,14,592,4.77,8,0,2,0.1,0.11
18,15,70,1738,4.55,8,1,0,0.06,0.13
16,32,12,2896,4.95,7,0,0,0.09,0.15
21,22,33,1012,4.14,6,1,2,0.06,0.16
20,28,43,605,4.86,11,0,0,0.02,0.15
39,20,51,1755,4.35,10,0,2,0.13,0.15
6,22,29,1700,4.21,4,1,2,0.1,0.19
15,17,50,2202,3.96,9,1,0,0.1,0.18
7,16,29,1817,4.33,4,1,2,0.04,0.17
33,22,15,2375,4.36,10,0,2,0.1,0.03
22,10,66,2043,4.85,11,1,0,0.04,0.14
24,15,51,1735,4.56,8,1,1,0.11,0.1
18,16,34,1416,4.74,8,0,1,0.06,0.13
38,25,50,2268,4.65,10,1,2,0.03,0.14
35,39,50,1576,3.91,10,1,0,0.14,0.15
22,36,12,1756,3.81,5,0,0,0.02,0.18
34,24,52,2041,3.89,4,1,1,0.12,0.18
29,29,55,1450,3.72,4,1,2,0.02,0.13
23,39,66,2591,4.08,8,1,1,0.11,0.18
12,11,60,2231,4.48,9,1,1,0.03,0.16
32,35,14,2039,4.31,9,0,2,0.08,0.06
12,34,24,591,4.52,4,1,2,0.04,0.03
35,32,48,1258,4.03,6,1,2,0.13,0.02
7,25,79,1230,3.81,7,0,2,0.07,0.13
7,26,47,1453,3.8,8,0,2,0.01,0.11
26,33,48,1961,4.4,8,0,2,0.1,0.15
21,24,61,836,3.75,4,1,2,0.07,0.17
21,12,12,1817,4.1,10,0,0,0.13,0.05
18,13,38,1199,3.82,9,1,0,0.07,0.17
13,21,40,1424,4.49,7,0,1,0.07,0.04
34,14,75,2811,4.42,7,1,1,0.07,0.18
25,26,54,2652,4.07,9,1,0,0.13,0.17
16,15,31,2516,3.69,8,0,0,0.09,0.15
36,19,19,2771,3.82,8,0,2,0.1,0.07
15,31,30,1477,4.21,11,0,1,0.11,0.04
24,27,26,614,4.96,11,0,0,0.14,0.16
39,36,76,1758,3.91,8,1,2,0.13,0.06
15,19,16,1797,3.79,6,0,0,0.14,0.1
12,15,45,2478,3.83,4,1,1,0.06,0.12
8,33,76,533,4.56,6,1,0,0.04,0.14
31,15,39,1911,4.87,8,0,0,0.04,0.11
34,29,38,2232,3.61,7,1,1,0.13,0.15
31,24,42,948,4.62,4,0,0,0.13,0.17
25,13,68,1737,4.24,4,0,1,0.1,0.15
24,34,29,1569,4.74,9,0,2,0.02,0.07
8,25,38,904,4.13,8,0,2,0.05,0.18
84,3,217,7056,1.8048480699434877,18,3,5,0.6112388097610679,0.6158791182511132
17,33,10,2537,4.52,8,0,2,0.04,0.1
13,17,43,2787,4.71,11,1,1,0.1,0.12
8,16,53,1777,4.85,8,1,1,0.09,0.11
16,28,23,727,4.35,10,0,0,0.05,0.16
13,35,46,665,3.68,10,0,2,0.14,0.1
17,26,44,1084,4.05,8,1,1,0.05,0.16
30,30,68,1236,4.68,11,1,1,0.14,0.16
17,22,33,2034,4.24,10,0,0,0.09,0.07
32,24,74,1097,4.55,8,1,2,0.02,0.04
23,35,15,1092,3.51,4,0,1,0.13,0.17
28,35,77,2199,3.61,6,1,0,0.12,0.05
23,11,47,1913,4.52,11,1,0,0.13,0.03
17,37,10,1946,3.94,7,1,1,0.1,0.09
17,19,50,1424,4.08,10,0,1,0.11,0.07
32,22,40,1148,4.46,8,1,0,0.14,0.06
6,27,45,2187,3.67,7,0,2,0.03,0.05
14,39,63,946,4.75,9,1,0,0.02,0.15
26,32,40,596,3.72,4,1,2,0.03,0.16
17,20,38,2926,4.6,7,1,1,0.13,0.03
13,22,12,2203,3.94,4,0,1,0.09,0.12
37,28,67,1767,3.89,5,0,1,0.03,0.04
18,38,70,1130,4.73,6,0,0,0.03,0.11
24,33,15,1002,4.33,5,0,2,0.07,0.08
19,34,29,787,3.81,4,1,0,0.12,0.06
36,39,70,868,3.5,10,1,0,0.12,0.19
37,38,55,564,4.96,9,1,0,0.13,0.19
21,33,22,661,4.15,11,1,2,0.12,0.12
28,31,32,2317,4.1,5,1,2,0.02,0.05
34,14,40,1161,3.58,4,0,1,0.11,0.12
17,12,13,980,4.84,11,0,0,0.08,0.19
20,28,75,2156,3.71,5,0,2,0.11,0.09
6,32,25,2816,4.0,4,1,0,0.08,0.04
21,22,40,2290,4.13,6,1,1,0.08,0.14
36,14,57,1066,4.72,9,0,1,0.03,0.14
12,21,52,905,4.04,6,1,0,0.14,0.02
7,23,13,1264,4.3,11,0,1,0.06,0.17
16,15,71,2440,4.14,6,1,2,0.09,0.14
24,39,57,1365,3.97,4,0,2,0.04,0.06
20,31,37,1617,4.92,7,0,2,0.06,0.02
18,18,25,2937,4.7,5,0,2,0.13,0.2
20,26,78,1735,3.76,10,1,1,0.04,0.16
37,17,39,1241,4.33,11,0,2,0.04,0.09
34,35,74,2331,4.69,11,0,1,0.05,0.1
16,22,78,542,4.37,5,0,1,0.09,0.12
19,38,23,1965,4.24,5,1,0,0.08,0.15
22,14,43,2038,3.61,9,0,1,0.03,0.05
32,38,65,1410,3.66,5,1,0,0.11,0.06
27,31,38,1106,3.87,6,0,1,0.14,0.03
76,1,170,10439,1.4116778796086211,17,3,6,0.6026815614586369,0.5284032426341272
34,26,75,2785,4.98,5,1,0,0.1,0.18
37,12,49,2202,4.7,7,0,1,0.09,0.12
19,37,24,1218,3.67,11,0,1,0.06,0.1
11,15,41,2951,4.58,4,1,0,0.1,0.06
19,23,29,713,4.72,4,1,0,0.04,0.13
15,24,62,631,4.12,9,1,2,0.13,0.14
33,23,76,2556,4.0,5,0,2,0.01,0.14
35,20,58,2266,4.38,8,0,1,0.09,0.02
29,20,76,652,4.28,11,1,1,0.05,0.15
28,18,10,2978,3.9,9,0,1,0.13,0.18
23,15,48,982,4.1,6,0,1,0.08,0.04
6,24,70,2520,4.32,9,0,0,0.12,0.16
26,21,64,804,4.37,5,1,0,0.14,0.17
24,38,78,2831,4.3,6,0,1,0.06,0.07
37,15,11,2516,4.77,5,0,1,0.13,0.15
12,10,26,1492,3.55,11,1,2,0.11,0.04
29,34,38,2737,4.0,6,1,1,0.03,0.14
13,25,13,2051,4.62,10,1,2,0.02,0.11
38,29,73,842,4.48,8,0,2,0.12,0.17
27,24,52,1214,4.88,11,0,1,0.08,0.1
9,11,21,2209,4.38,8,0,0,0.08,0.1
29,26,59,1557,4.46,11,1,2,0.13,0.19
12,12,77,970,4.56,9,1,2,0.14,0.19
20,12,70,1240,3.78,4,0,1,0.03,0.03
19,14,60,1012,4.63,9,0,0,0.06,0.11
5,26,14,1638,3.95,5,0,2,0.14,0.05
26,32,37,2692,4.14,8,1,1,0.12,0.07
7,38,19,1058,3.52,8,1,0,0.11,0.14
18,26,61,1291,4.77,9,0,0,0.02,0.04
22,29,26,1701,4.93,5,1,0,0.1,0.02
22,15,74,2248,3.59,11,1,2,0.09,0.15
7,10,30,859,4.45,9,0,0,0.03,0.14
14,16,63,784,4.94,10,0,2,0.12,0.18
5,35,58,2257,4.41,9,0,1,0.05,0.12
31,24,31,1883,4.7,9,0,0,0.1,0.19
31,16,78,2022,3.68,5,0,2,0.06,0.13
91,2,206,7345,1.0974340284472293,18,3,7,0.7281743353042439,0.7334433638417086
9,29,45,2191,4.02,8,0,2,0.08,0.13
11,31,30,1745,4.97,6,0,1,0.05,0.15
23,39,65,1912,4.67,5,1,2,0.02,0.08
33,20,57,1853,4.83,11,0,1,0.04,0.09
19,32,27,1242,4.23,11,1,0,0.1,0.13
39,23,24,1916,4.58,5,0,2,0.02,0.1
16,22,53,857,4.6,5,1,1,0.02,0.11
34,29,54,2452,4.35,9,0,0,0.14,0.2
24,35,45,539,4.82,9,1,1,0.03,0.03
7,36,49,2820,3.74,5,0,0,0.06,0.14
13,34,60,957,3.59,8,0,1,0.03,0.19
30,18,39,2468,3.96,6,1,2,0.14,0.06
6,18,35,2781,3.63,4,1,1,0.08,0.06
27,25,40,696,3.59,7,1,0,0.03,0.09
27,21,65,2374,4.13,8,0,1,0.12,0.03
25,19,70,2234,3.8,8,1,1,0.12,0.12
20,15,26,1437,4.69,10,1,2,0.14,0.14
13,27,33,2694,4.37,7,0,0,0.11,0.17
17,11,13,529,4.04,7,0,0,0.02,0.03
32,36,18,2654,3.93,5,0,1,0.09,0.1
31,29,11,2201,4.34,6,0,0,0.06,0.16
21,18,44,889,4.15,8,1,0,0.11,0.16
5,28,47,2953,3.58,8,0,0,0.09,0.03
22,15,54,1644,4.5,4,0,2,0.11,0.02
13,11,24,846,4.25,7,1,2,0.04,0.16
17,24,51,618,3.92,7,0,2,0.07,0.04
19,26,12,1019,3.94,8,1,0,0.07,0.12
8,25,40,1738,4.18,7,1,2,0.15,0.04
37,37,61,2627,4.74,5,1,0,0.01,0.07
28,30,50,2966,4.13,4,1,2,0.12,0.05
14,17,66,1083,4.76,8,0,1,0.02,0.15
24,19,51,2208,4.14,9,0,0,0.02,0.14
79,3,229,10333,1.2552444615575127,23,4,5,0.6101911174227886,0.722680564151363
16,27,65,2781,4.9,4,1,1,0.11,0.03
92,3,295,10389,1.9685692066750449,20,3,7,0.6283255823551515,0.6455768831993522
34,18,41,2481,3.59,10,1,2,0.1,0.06
24,37,63,1545,3.7,5,0,2,0.12,0.02
29,33,46,2625,3.68,4,0,1,0.04,0.07
16,28,17,1241,4.18,9,1,1,0.1,0.06
25,10,20,1171,4.65,7,0,1,0.1,0.14
29,13,63,2271,4.94,8,1,2,0.1,0.17
15,33,69,2185,4.13,4,1,1,0.09,0.06
13,12,19,2577,4.53,11,0,1,0.04,0.06
29,19,79,2985,4.45,11,1,0,0.14,0.09
39,21,51,2196,4.09,11,0,1,0.15,0.05
36,27,46,562,4.58,6,0,0,0.11,0.19
18,32,67,1953,4.39,8,0,0,0.07,0.06
5,29,68,656,4.64,4,1,0,0.09,0.04
21,15,33,1276,3.79,8,0,2,0.03,0.12
29,30,37,2801,4.04,9,1,1,0.06,0.12
12,11,46,2403,4.51,4,0,1,0.15,0.13
9,19,30,1850,3.69,4,0,0,0.09,0.19
9,11,42,2746,4.66,7,1,0,0.09,0.08
39,39,11,1838,3.7,11,1,0,0.14,0.08
23,18,37,505,3.99,11,0,0,0.13,0.08
27,36,24,1779,3.86,4,1,1,0.09,0.13
13,19,10,2402,3.59,11,1,1,0.05,0.13
34,11,37,1320,3.91,6,1,0,0.03,0.12
20,17,59,1843,4.87,7,1,0,0.13,0.09
37,33,44,2523,3.54,6,1,0,0.14,0.1
6,26,37,2795,3.53,9,1,0,0.08,0.16
18,26,18,503,4.56,6,0,2,0.02,0.13
5,38,33,530,4.05,10,1,1,0.09,0.15
30,13,72,2356,3.84,5,1,1,0.06,0.07
29,27,13,2152,4.26,6,1,2,0.03,0.18
20,21,65,1798,3.9,4,0,0,0.14,0.03
19,26,50,1208,4.09,8,1,0,0.04,0.13
30,18,76,1385,4.57,11,0,1,0.11,0.17
20,38,57,1700,3.68,7,1,2,0.07,0.18
18,28,67,2479,4.94,7,0,0,0.13,0.08
33,23,48,1247,3.56,7,0,1,0.11,0.1
28,23,34,2626,4.71,8,0,1,0.03,0.03
78,3,278,8677,1.2060978355800775,22,3,9,0.5268431571639725,0.7994576828407489
23,26,56,1000,3.92,6,0,2,0.05,0.04
12,11,70,704,3.68,9,1,2,0.11,0.1
38,17,36,1983,4.78,10,1,2,0.09,0.2
6,14,51,1906,4.52,5,1,2,0.06,0.19
31,36,61,832,3.94,4,0,2,0.06,0.08
14,16,57,665,3.53,9,0,2,0.03,0.06
39,31,41,2708,4.91,7,1,1,0.04,0.07
27,38,33,505,4.11,4,1,1,0.11,0.14
12,25,12,2752,3.76,11,1,0,0.1,0.15
32,25,36,1031,4.87,6,1,0,0.06,0.06
27,26,49,2200,4.04,10,1,0,0.13,0.06
8,31,32,2592,4.19,11,1,2,0.08,0.08
18,36,16,956,4.55,9,0,2,0.12,0.1
33,16,46,726,4.73,10,1,0,0.12,0.19
5,29,16,2546,3.65,5,0,0,0.13,0.02
8,17,31,2599,4.85,10,1,2,0.13,0.13
36,17,26,2242,4.9,11,0,2,0.11,0.18
37,32,28,970,3.89,7,1,1,0.11,0.15
30,20,48,1396,4.25,10,0,0,0.12,0.06
21,24,45,1820,4.79,6,0,2,0.03,0.11
27,27,24,2164,4.23,9,0,1,0.05,0.18
36,15,72,2025,4.22,5,0,1,0.02,0.04
19,31,38,1725,4.43,9,0,2,0.04,0.2
17,21,69,2962,4.65,7,0,2,0.12,0.05
6,24,65,1945,4.5,6,1,1,0.14,0.05
23,37,49,1173,4.44,4,0,1,0.1,0.17
28,32,25,1596,4.06,9,1,2,0.13,0.17
28,15,42,2892,4.45,8,0,0,0.05,0.03
15,27,25,1732,3.65,7,1,0,0.13,0.05
26,33,39,1397,4.11,5,1,0,0.06,0.19
19,29,75,2462,3.78,5,1,0,0.14,0.07
14,18,53,1347,4.31,8,1,0,0.12,0.02
31,17,47,2466,3.89,8,0,0,0.15,0.07
13,23,60,2727,4.26,6,0,0,0.13,0.15
32,28,69,1146,4.67,8,0,2,0.07,0.18
5,28,27,937,4.15,7,0,1,0.03,0.05
21,17,14,2000,3.83,9,0,1,0.13,0.06
35,11,49,2942,3.83,8,1,1,0.09,0.1
14,34,15,2225,4.86,7,1,1,0.13,0.15
33,13,21,2065,4.67,4,0,0,0.06,0.14
22,15,21,2604,3.55,8,1,2,0.01,0.08
10,12,31,2243,4.91,4,1,1,0.02,0.03
16,12,58,825,3.67,10,0,0,0.1,0.07
18,28,59,821,4.48,9,0,0,0.03,0.06
60,2,183,11544,1.1419100328684348,21,3,9,0.6365943439555652,0.6115186872270253
24,38,59,2782,3.57,9,0,2,0.07,0.2
19,19,12,1709,3.94,10,0,2,0.09,0.07
35,21,25,765,4.66,8,0,2,0.12,0.17
11,23,23,1341,3.96,5,1,1,0.05,0.11
14,39,73,828,4.22,9,0,1,0.07,0.2
14,39,50,1182,4.55,4,0,2,0.11,0.05
32,37,77,2571,3.61,5,1,2,0.14,0.04
34,27,68,1784,4.75,4,0,2,0.05,0.02
7,33,11,1878,3.56,6,0,2,0.1,0.15
19,18,19,2743,3.89,9,1,0,0.14,0.08
25,24,35,2411,4.64,9,0,1,0.1,0.18
16,33,13,1856,4.87,4,0,0,0.13,0.13
8,35,37,2387,4.64,11,0,1,0.14,0.12
13,12,11,2478,3.84,6,1,0,0.14,0.11
32,32,75,1131,4.98,5,0,0,0.12,0.07
27,20,25,820,4.12,4,1,0,0.09,0.03
26,19,66,1970,4.06,6,0,2,0.02,0.1
28,27,32,1900,4.8,4,1,0,0.04,0.04
30,13,32,702,3.6,7,1,0,0.05,0.18
34,37,30,2724,4.33,9,0,2,0.01,0.17
37,22,34,1126,4.95,7,0,2,0.02,0.13
20,39,67,2368,3.65,5,1,1,0.05,0.1
26,38,46,2579,4.31,7,1,0,0.02,0.1
22,15,58,1226,3.7,9,1,1,0.03,0.1
11,36,24,1453,4.83,8,0,1,0.02,0.15
30,30,37,2790,4.38,6,0,0,0.07,0.04
12,22,76,2321,3.85,9,1,1,0.12,0.12
10,34,13,569,3.96,9,1,2,0.12,0.17
34,35,56,1594,4.27,8,0,2,0.14,0.11
27,29,59,2146,4.59,7,1,0,0.11,0.02
36,14,69,657,4.23,5,0,1,0.04,0.06
26,29,71,1048,3.78,11,1,0,0.11,0.14
13,23,76,2339,4.56,8,0,2,0.12,0.19
35,22,52,2451,3.68,9,1,0,0.09,0.18
11,23,67,2873,4.71,10,0,2,0.12,0.17
13,17,61,1558,4.09,5,0,2,0.02,0.19
17,25,78,2963,4.48,4,1,2,0.09,0.07
7,22,55,1385,4.02,11,1,1,0.08,0.02
39,33,34,1010,4.5,9,1,1,0.12,0.08
37,24,34,867,4.83,8,0,1,0.03,0.12
25,28,44,2410,4.55,4,1,1,0.04,0.08
91,3,185,9825,1.5635524220248773,20,5,8,0.7888464196680139,0.4283591652906501
38,31,24,2754,4.64,11,0,2,0.14,0.11
36,11,44,2297,4.25,11,0,2,0.02,0.06
39,27,38,1793,3.83,10,0,1,0.11,0.15
19,28,47,1168,4.72,6,0,0,0.04,0.04
36,17,78,2653,4.47,5,0,0,0.02,0.19
10,12,33,1165,3.97,4,0,1,0.07,0.18
25,32,28,759,3.91,10,0,1,0.09,0.18
37,35,55,2008,4.25,7,1,1,0.13,0.16
36,23,58,812,3.81,8,1,1,0.1,0.13
23,35,53,2344,4.82,9,1,2,0.08,0.03
37,18,35,2033,4.68,4,1,1,0.05,0.14
32,38,34,2000,3.96,10,1,2,0.05,0.15
35,17,44,1173,3.57,10,0,1,0.12,0.04
25,26,45,1923,3.58,8,1,2,0.03,0.13
38,32,23,2520,3.95,11,1,2,0.03,0.11
19,32,65,2897,3.72,8,0,2,0.11,0.11
18,33,15,2762,4.81,8,0,1,0.14,0.06
23,25,41,1906,4.13,4,1,2,0.03,0.15
19,19,35,1647,4.02,4,1,1,0.1,0.19
10,30,24,2191,3.83,8,1,2,0.04,0.16
13,19,58,2228,4.76,7,1,2,0.01,0.09
24,34,65,827,4.69,9,0,1,0.13,0.2
38,34,46,2088,4.08,5,1,0,0.08,0.09
30,33,62,597,3.75,10,1,1,0.01,0.06
22,15,67,1158,4.93,11,0,0,0.14,0.19
32,31,45,2847,3.97,8,1,1,0.08,0.16
13,26,20,2577,4.66,7,0,2,0.11,0.16
36,38,36,1597,4.19,5,0,1,0.07,0.03
10,25,11,2719,4.67,8,0,0,0.04,0.05
18,24,31,1517,4.22,11,0,2,0.08,0.02
32,31,75,1422,4.89,10,0,1,0.05,0.16
28,23,26,2631,4.7,5,1,1,0.05,0.07
17,13,13,2108,3.89,8,1,2,0.1,0.04
16,13,23,1813,4.15,4,0,0,0.02,0.05
23,39,16,1138,3.65,8,1,1,0.07,0.14
25,11,25,584,4.86,8,0,0,0.09,0.1
31,38,75,1777,3.6,8,0,1,0.11,0.19
23,20,28,2347,3.53,8,1,1,0.1,0.09
28,39,10,1018,4.24,7,1,1,0.13,0.17
30,13,40,1830,4.4,6,1,0,0.15,0.12
32,30,13,683,3.83,7,1,2,0.14,0.15
22,38,67,1472,4.36,7,1,1,0.12,0.05
33,37,65,2888,4.84,4,0,2,0.11,0.15
21,30,62,726,4.44,8,1,1,0.01,0.04
8,25,52,1336,4.18,7,1,1,0.08,0.14
33,30,58,2811,3.72,5,1,0,0.1,0.1
8,13,69,2997,3.75,8,1,2,0.07,0.06
14,10,25,1774,4.23,4,1,2,0.06,0.11
29,39,69,669,4.19,9,1,0,0.09,0.17
35,35,56,1065,4.28,11,0,2,0.14,0.05
7,33,24,2435,4.26,9,0,1,0.05,0.05
6,28,72,2679,4.01,4,0,1,0.07,0.12
29,11,37,1326,4.54,10,0,2,0.1,0.13
10,18,29,1105,3.82,5,0,2,0.04,0.1
30,32,72,849,4.78,9,1,2,0.13,0.07
12,34,42,598,3.79,4,0,0,0.1,0.03
39,22,45,2269,4.12,9,1,2,0.06,0.03
31,27,22,2304,3.82,8,0,2,0.11,0.03
29,25,71,1560,4.43,6,0,1,0.05,0.18
22,25,77,574,4.22,6,1,0,0.12,0.04
5,34,32,2605,4.06,7,1,2,0.02,0.07
7,19,22,901,4.21,4,0,2,0.07,0.2
8,18,49,687,4.13,10,0,0,0.05,0.19
19,20,39,638,4.78,8,0,1,0.12,0.03
12,34,34,642,3.69,5,1,0,0.12,0.12
23,35,35,607,4.69,5,0,1,0.13,0.13
30,38,33,720,4.48,8,1,2,0.1,0.03
14,35,48,644,4.02,8,1,2,0.12,0.15
18,13,70,1009,4.88,5,1,0,0.07,0.2
23,19,58,2923,3.77,4,1,2,0.1,0.1
34,12,50,504,3.97,9,1,0,0.01,0.1
9,15,79,887,4.06,7,1,0,0.13,0.14
35,12,29,2257,4.47,7,0,0,0.11,0.15
11,36,53,2395,4.92,7,1,2,0.13,0.16
23,18,25,1059,4.39,8,0,1,0.12,0.03
35,12,30,2339,4.78,5,1,2,0.05,0.16
28,27,24,2271,4.86,10,0,1,0.05,0.18
38,17,48,2283,4.2,10,1,1,0.12,0.03
27,31,51,864,4.21,5,1,1,0.04,0.03
10,17,70,916,3.87,5,0,2,0.03,0.12
31,24,13,2135,4.4,9,1,1,0.01,0.11
15,22,33,2568,3.68,5,0,2,0.05,0.2
9,16,12,1016,4.45,5,1,2,0.02,0.07
21,28,10,1720,4.84,6,0,0,0.12,0.13
11,17,22,1160,4.64,11,0,2,0.08,0.11
31,19,63,829,4.47,9,1,2,0.05,0.12
71,1,195,11091,2.1681219761891914,22,5,8,0.4954824195542653,0.7022194097722246
17,10,20,659,4.59,11,0,2,0.02,0.12
15,22,51,1157,4.29,10,1,1,0.11,0.02
30,38,13,2901,4.28,9,0,1,0.08,0.17
26,35,34,1763,3.66,8,0,2,0.01,0.06
32,22,45,578,4.15,6,0,2,0.05,0.06
28,33,73,2699,4.28,11,0,0,0.12,0.14
33,25,53,2930,4.2,7,1,1,0.04,0.11
13,38,49,1192,4.66,4,1,2,0.14,0.12
8,18,54,2537,3.74,9,1,0,0.14,0.11
22,19,17,2899,4.69,8,1,0,0.12,0.1
20,15,44,1724,4.61,8,0,2,0.02,0.11
37,14,53,1450,4.85,6,0,0,0.06,0.05
33,11,27,2680,4.06,8,0,0,0.05,0.19
14,20,56,2488,3.76,8,1,0,0.03,0.12
13,18,34,2716,4.64,7,0,1,0.15,0.07
35,15,50,1365,4.38,6,0,0,0.03,0.15
32,17,14,890,4.57,9,0,0,0.05,0.18
7,18,73,2381,5.0,11,1,2,0.13,0.07
18,18,71,1908,3.79,8,1,2,0.03,0.08
29,17,12,1319,4.12,5,1,1,0.08,0.1
19,21,46,2645,3.79,6,1,2,0.15,0.06
6,35,50,839,4.79,7,0,1,0.04,0.17
28,17,29,2054,3.53,9,1,0,0.11,0.13
75,1,219,11394,1.679495851541455,23,5,7,0.5123193353101465,0.4531425595447146
11,22,49,2757,3.87,8,1,0,0.09,0.2
28,28,17,876,4.66,5,0,2,0.06,0.12
31,11,14,1139,4.44,11,0,1,0.11,0.18
34,26,34,2021,4.08,5,1,2,0.07,0.11
31,25,48,940,3.74,4,1,2,0.05,0.12
19,13,46,2241,3.98,6,0,1,0.09,0.1
30,27,14,1703,4.62,7,0,1,0.03,0.1
5,23,17,740,4.07,8,0,1,0.12,0.06
8,39,13,2309,4.19,8,1,0,0.12,0.19
33,11,50,522,4.41,9,1,2,0.09,0.05
5,22,69,1703,4.87,8,1,2,0.06,0.11
26,36,63,2387,3.88,11,1,0,0.14,0.04
15,36,31,674,4.17,5,0,1,0.1,0.2
14,30,28,697,3.97,6,1,2,0.05,0.12
21,29,77,598,4.2,4,1,0,0.12,0.17
30,26,42,1244,4.54,11,1,2,0.1,0.12
25,24,31,1950,4.22,11,0,2,0.03,0.16
17,34,74,952,4.75,6,1,2,0.03,0.12
13,39,20,2281,4.33,7,1,1,0.14,0.1
15,29,25,998,4.08,7,0,1,0.05,0.1
15,14,77,640,4.67,10,0,2,0.1,0.02
10,16,53,2214,4.15,4,1,1,0.02,0.09
5,27,18,2722,4.27,11,1,0,0.09,0.19
69,1,226,9126,1.1555390557812641,21,3,9,0.5698783154803051,0.4875414654944217
17,20,24,1175,4.68,11,1,2,0.03,0.19
26,27,15,1963,4.78,9,1,0,0.12,0.06
35,36,10,1417,4.39,11,1,1,0.12,0.11
26,35,29,2322,4.02,4,0,1,0.11,0.03
31,14,45,2908,4.99,11,1,0,0.01,0.14
77,3,157,7870,1.0990950110726794,20,5,6,0.5123611594248049,0.7325702490491649
9,37,79,1207,4.81,7,0,0,0.06,0.15
36,27,11,2230,4.87,5,1,1,0.11,0.04
38,11,12,2380,4.73,6,0,2,0.12,0.06
11,29,16,1060,3.67,11,0,1,0.1,0.14
14,13,73,1496,4.78,7,0,2,0.12,0.16
21,22,50,558,4.5,5,0,2,0.07,0.07
34,33,63,1690,4.52,5,0,2,0.09,0.09
25,38,50,1466,4.68,8,1,1,0.02,0.08
17,25,14,2124,4.24,6,1,2,0.07,0.02
5,15,72,2306,3.9,5,0,2,0.07,0.12
5,35,10,762,4.36,4,0,0,0.1,0.14
37,17,34,1954,3.66,9,1,0,0.06,0.07
29,25,55,2743,4.51,10,1,1,0.04,0.14
30,22,24,853,4.22,6,1,2,0.04,0.06
17,32,78,1440,4.25,6,1,0,0.03,0.15
32,38,26,546,3.78,10,0,1,0.11,0.1
37,35,30,1252,3.56,7,0,2,0.1,0.18
34,13,62,1832,4.42,6,1,1,0.09,0.12
12,11,64,729,4.49,6,0,2,0.08,0.05
5,18,19,2424,4.25,8,0,0,0.06,0.17
16,27,66,1256,4.65,6,1,2,0.12,0.16
9,26,74,2863,4.35,9,1,0,0.14,0.04
28,17,46,1261,4.77,9,0,2,0.07,0.03
10,35,16,1600,3.93,9,1,2,0.07,0.04
29,24,49,2609,3.86,11,0,0,0.03,0.17
5,18,59,737,3.89,5,1,0,0.1,0.08
29,26,10,577,3.55,10,0,0,0.09,0.11
5,32,29,2484,4.85,11,1,1,0.15,0.13
36,11,40,1552,5.0,10,0,0,0.09,0.15
7,15,77,1658,4.72,4,1,2,0.05,0.17
23,38,21,850,4.12,10,1,1,0.09,0.11
33,36,31,1412,4.03,9,0,1,0.15,0.09
6,14,10,849,4.66,8,1,1,0.11,0.06
13,26,10,1804,4.26,8,0,1,0.03,0.13
21,11,12,791,4.91,8,1,0,0.06,0.12
21,27,30,1712,3.92,8,0,2,0.05,0.07
16,19,22,967,3.99,7,1,2,0.13,0.1
24,19,70,1765,5.0,10,1,1,0.1,0.15
7,15,22,2853,4.97,8,0,1,0.12,0.13
8,36,42,1707,4.83,11,0,0,0.03,0.11
21,21,15,2996,4.11,7,0,2,0.14,0.07
19,26,34,729,4.76,7,1,0,0.02,0.14
37,36,32,1564,3.93,6,0,1,0.06,0.13
20,22,35,1292,3.88,4,1,1,0.01,0.1
15,29,13,1323,4.32,6,0,1,0.04,0.06
24,37,44,2193,4.79,11,0,2,0.14,0.05
28,25,34,1335,3.65,7,1,2,0.02,0.08
20,19,29,2894,4.35,6,1,1,0.03,0.18
34,36,10,2557,4.41,11,0,2,0.14,0.16
38,30,77,586,4.37,11,0,1,0.11,0.18
5,11,32,1862,3.83,5,1,2,0.07,0.17
28,11,31,503,3.6,11,1,2,0.02,0.1
28,32,71,1720,4.84,10,0,1,0.12,0.12
13,16,10,2344,4.36,8,1,2,0.08,0.05
26,15,68,2021,4.65,8,1,1,0.06,0.15
16,10,77,2820,4.05,10,0,0,0.06,0.1
21,21,28,2477,3.56,10,1,2,0.08,0.05
29,22,39,1974,3.89,7,0,0,0.09,0.04
32,21,10,1630,3.61,6,1,1,0.12,0.15
19,28,57,1380,3.62,10,0,1,0.12,0.11
87,1,175,9243,1.730552205674661,22,4,9,0.6642659524839143,0.49748511882514623
31,19,61,2475,4.45,5,0,2,0.11,0.17
26,26,31,1435,4.73,5,1,2,0.12,0.13
14,27,59,2378,4.73,11,1,1,0.1,0.03
35,17,75,2250,4.91,9,0,2,0.13,0.07
31,16,15,501,4.48,5,1,0,0.09,0.15
16,18,73,1644,3.53,7,0,2,0.08,0.03
35,19,30,2138,4.07,9,1,1,0.11,0.15
36,21,28,648,3.67,6,1,0,0.03,0.11
36,24,46,651,4.67,5,0,0,0.12,0.16
88,2,229,9890,1.558776508639912,21,4,8,0.40420636701846413,0.790383541939575
25,37,38,2853,3.66,6,0,1,0.05,0.16
14,13,69,2543,3.54,6,0,1,0.1,0.03
20,13,43,2202,4.93,8,0,2,0.01,0.1
11,32,10,2351,4.68,11,0,1,0.12,0.08
8,10,57,974,4.0,4,0,2,0.09,0.11
31,35,30,1887,4.06,4,1,1,0.1,0.19
29,21,43,1306,3.59,5,1,0,0.03,0.04
35,34,35,1594,3.74,6,1,2,0.12,0.18
15,11,45,2163,3.97,8,0,1,0.05,0.2
24,24,32,2580,4.08,7,0,1,0.11,0.2
21,26,56,1680,4.43,4,1,2,0.09,0.16
15,16,53,1853,4.03,9,0,0,0.1,0.1
34,15,29,2230,4.93,4,0,1,0.02,0.05
39,21,36,2496,4.01,6,1,2,0.11,0.13
26,28,70,2062,4.91,10,0,0,0.12,0.13
31,10,46,1750,4.59,7,0,1,0.08,0.08
39,37,61,866,4.85,4,1,1,0.07,0.13
8,30,71,2300,4.55,10,0,1,0.06,0.04
20,35,75,2536,4.35,8,0,2,0.14,0.13
20,23,33,2809,4.26,4,0,2,0.12,0.18
25,13,21,2523,3.94,6,1,2,0.11,0.1
30,14,25,1037,3.95,6,0,0,0.14,0.16
23,10,45,2054,3.83,9,1,1,0.06,0.13
21,10,11,2563,4.08,9,0,1,0.1,0.02
30,30,71,2652,3.69,11,0,0,0.11,0.04
26,15,73,1290,4.08,11,1,0,0.15,0.16
32,14,38,1726,4.75,7,1,2,0.07,0.03
5,11,40,2448,4.81,4,0,1,0.07,0.19
6,34,24,2201,4.46,7,1,0,0.02,0.18
21,30,64,1582,3.89,10,1,0,0.02,0.09
25,36,42,1508,3.86,11,1,0,0.08,0.08
13,36,61,547,3.92,4,0,2,0.03,0.13
17,14,29,1159,4.25,5,0,2,0.02,0.13
15,35,47,1935,4.96,4,0,1,0.15,0.04
20,18,12,613,3.66,6,0,2,0.14,0.06
78,4,177,8451,2.2175547928765518,21,4,7,0.7847238809471461,0.6548370816250455
6,30,75,937,4.52,11,1,2,0.12,0.16
12,24,27,2813,3.87,6,0,2,0.13,0.05
17,22,16,661,4.95,11,1,2,0.08,0.15
21,21,44,1003,4.02,5,1,0,0.04,0.18
28,14,69,1559,4.9,4,1,2,0.03,0.04
7,11,33,1505,4.4,4,1,1,0.03,0.1
34,36,48,2170,3.51,6,0,2,0.12,0.17
17,13,21,1894,3.97,5,1,0,0.06,0.09
23,36,62,2009,3.53,6,1,0,0.11,0.07
11,36,73,2819,4.07,10,1,1,0.09,0.15
13,27,13,2509,4.9,5,1,1,0.07,0.09
23,30,14,979,4.67,6,0,0,0.03,0.15
77,4,244,11655,2.130275293038417,22,3,5,0.6936919452161003,0.705365461196735
22,22,36,658,4.31,11,0,1,0.13,0.12
27,21,13,1254,4.06,4,0,1,0.12,0.09
6,11,57,2336,3.82,7,0,2,0.01,0.2
15,35,17,703,3.59,11,1,2,0.03,0.13
35,24,55,1011,3.79,8,1,2,0.12,0.14
37,23,53,2487,4.03,6,1,0,0.06,0.04
18,34,76,615,4.28,5,0,0,0.1,0.2
20,19,61,891,3.81,7,0,2,0.09,0.03
15,31,43,2916,4.96,5,1,1,0.1,0.03
37,17,71,1738,3.62,9,0,1,0.02,0.03
11,34,30,2034,3.64,11,1,0,0.14,0.18
35,24,33,1240,4.52,5,1,0,0.01,0.15
18,22,53,2874,4.63,9,0,1,0.01,0.2
32,17,50,536,4.96,10,1,0,0.04,0.03
20,30,38,1485,4.3,9,1,0,0.15,0.14
23,30,15,2927,3.75,4,1,1,0.02,0.12
21,31,65,2035,4.91,11,0,2,0.13,0.14
30,23,23,868,4.97,6,0,1,0.03,0.11
10,10,59,2771,4.89,4,0,0,0.03,0.14
13,22,61,2457,4.81,9,1,2,0.12,0.18
21,36,10,1313,3.62,5,0,2,0.13,0.13
35,17,21,2236,4.78,4,1,1,0.12,0.18
16,27,33,1623,4.93,8,1,2,0.04,0.16
27,31,46,1598,4.33,10,0,2,0.13,0.18
9,39,79,1891,4.66,9,0,1,0.02,0.14
7,39,12,2610,4.49,5,1,2,0.06,0.11
28,18,36,2147,3.93,5,0,2,0.07,0.03
21,22,62,2531,4.38,8,0,1,0.02,0.17
30,12,26,2178,4.83,5,1,1,0.09,0.06
8,27,24,2646,4.24,7,0,0,0.09,0.03
16,19,48,574,4.39,7,1,0,0.15,0.11
5,14,13,2313,4.3,6,0,1,0.1,0.13
25,36,26,2731,3.92,6,0,0,0.07,0.14
23,34,20,1772,4.47,4,1,1,0.12,0.14
25,15,21,2479,4.26,11,1,0,0.06,0.14
22,39,41,2687,3.85,4,1,0,0.08,0.17
7,17,36,2426,4.84,10,1,2,0.02,0.16
36,33,53,2485,4.93,8,0,0,0.06,0.17
14,16,52,2906,3.58,8,0,2,0.08,0.1
19,30,58,2076,4.43,9,0,0,0.11,0.03
9,27,52,1969,4.12,10,1,2,0.02,0.14
8,23,12,1479,4.29,5,0,0,0.12,0.06
32,24,38,1755,4.06,6,1,0,0.14,0.17
8,19,44,2141,4.21,9,1,2,0.05,0.15
19,35,57,799,3.99,6,1,2,0.12,0.16
21,30,48,925,3.68,6,0,1,0.04,0.07
7,21,33,2708,3.95,11,0,1,0.08,0.13
14,16,29,900,4.51,6,1,2,0.12,0.12
27,37,24,1901,3.58,4,1,0,0.06,0.07
22,37,27,2482,4.07,7,1,1,0.01,0.17
5,16,69,2441,3.56,9,0,1,0.09,0.12
39,20,50,1780,4.03,8,1,1,0.13,0.05
35,22,78,1240,3.63,8,1,1,0.03,0.07
5,24,20,1361,4.01,6,1,1,0.01,0.06
7,27,65,993,4.76,6,0,2,0.12,0.08
7,16,27,1705,4.42,4,0,1,0.05,0.05
23,15,21,2905,4.52,11,1,2,0.06,0.09
33,32,25,589,4.26,4,1,2,0.02,0.14
29,20,36,563,4.88,8,1,0,0.02,0.19
37,17,26,1611,4.31,6,0,1,0.1,0.06
33,29,40,1556,3.66,6,0,1,0.09,0.07
30,10,44,1595,4.9,10,1,0,0.05,0.02
8,17,36,2079,3.7,9,0,1,0.07,0.06
18,17,41,2800,5.0,8,1,1,0.06,0.1
31,28,26,2654,4.15,4,0,2,0.11,0.1
37,12,20,1013,3.61,9,1,2,0.13,0.07
26,14,10,635,4.8,8,0,0,0.12,0.05
7,39,58,2956,3.64,4,1,2,0.01,0.12
27,12,50,620,3.76,4,1,1,0.02,0.09
25,24,29,2001,4.13,11,1,1,0.07,0.1
27,23,46,1323,4.51,9,0,0,0.13,0.18
8,30,25,1617,3.68,9,1,1,0.04,0.12
25,24,48,1004,4.43,4,1,0,0.13,0.09
35,33,54,2554,4.67,6,1,1,0.03,0.07
25,26,73,2123,3.69,8,1,0,0.02,0.1
30,27,56,2738,4.47,4,0,1,0.14,0.18
39,11,32,2243,4.94,11,0,1,0.03,0.19
28,21,41,2933,4.95,7,1,1,0.07,0.09
15,25,58,1302,3.74,10,0,1,0.06,0.06
33,13,28,777,4.64,11,1,1,0.03,0.18
7,34,76,1971,4.77,4,0,0,0.1,0.05
5,11,48,1326,4.83,4,1,0,0.14,0.07
23,37,69,1444,3.99,11,1,2,0.1,0.06
26,23,20,2599,3.91,11,1,0,0.06,0.12
18,20,58,1928,3.57,9,1,1,0.11,0.09
18,22,24,2943,4.1,4,1,0,0.03,0.07
20,37,70,1278,3.69,10,1,1,0.09,0.16
37,34,52,710,4.68,11,0,1,0.08,0.14
17,16,24,1389,3.71,11,0,2,0.06,0.2
16,19,14,2525,4.73,5,0,0,0.11,0.08
37,33,38,2817,3.66,9,1,0,0.03,0.17
37,10,71,1506,4.22,7,0,1,0.08,0.07
33,38,69,2137,4.08,6,1,0,0.13,0.02
9,30,78,1344,4.4,10,0,0,0.04,0.05
10,34,31,1515,4.28,11,1,0,0.05,0.11
35,37,22,897,4.4,9,0,1,0.1,0.17
20,13,59,1844,3.5,8,1,0,0.12,0.03
35,27,56,1138,3.69,8,0,1,0.05,0.17
29,15,38,992,4.28,9,1,1,0.06,0.15
37,11,26,2129,3.84,8,0,0,0.11,0.03
17,12,29,2675,3.61,9,1,2,0.05,0.04
14,23,15,2621,3.83,6,0,1,0.1,0.03
28,17,31,1999,4.67,4,0,0,0.03,0.14
14,25,18,2999,4.31,11,0,2,0.07,0.12
35,28,41,1985,3.79,7,0,1,0.11,0.08
17,27,42,2985,3.52,8,0,2,0.07,0.04
7,15,79,947,4.04,11,0,0,0.01,0.09
38,23,58,1625,4.04,5,1,2,0.07,0.14
93,2,201,8240,2.16887889705607,21,5,5,0.6768499503659431,0.5551601863162732
23,25,25,1469,4.88,7,1,1,0.02,0.17
27,10,74,1436,4.06,8,0,1,0.01,0.03
36,21,23,2830,4.53,4,1,0,0.02,0.13
17,39,65,1727,4.45,8,0,1,0.14,0.05
37,23,46,585,4.13,10,1,2,0.11,0.04
66,3,262,8780,2.3596829027959645,16,5,9,0.6277897915948757,0.49970936322410253
37,31,59,2448,4.21,8,1,0,0.03,0.14
9,28,45,2711,4.03,5,0,1,0.09,0.04
7,18,61,1376,4.33,6,0,1,0.02,0.11
11,16,32,705,3.69,9,0,0,0.01,0.09
28,23,75,2431,4.59,11,1,1,0.08,0.1
26,14,54,1952,4.68,7,0,2,0.1,0.19
27,27,37,2695,4.08,4,1,0,0.02,0.08
34,18,29,1290,3.76,6,0,1,0.06,0.2
22,30,58,1813,4.44,11,1,2,0.02,0.12
36,16,66,1446,4.93,4,0,0,0.06,0.17
11,18,68,2493,4.55,10,0,2,0.08,0.08
37,13,35,2045,3.69,7,0,2,0.06,0.04
9,34,28,1056,4.1,11,1,1,0.09,0.04
32,26,22,529,4.87,10,1,2,0.09,0.12
12,21,71,1971,4.45,10,0,1,0.06,0.19
19,15,23,2772,3.72,6,0,2,0.06,0.03
8,27,20,1909,4.59,10,1,1,0.07,0.14
38,17,76,2976,4.03,11,1,1,0.06,0.12
9,30,21,1028,4.23,6,0,0,0.12,0.14
37,24,44,1551,4.12,9,0,1,0.03,0.06
9,12,48,625,4.59,9,0,2,0.13,0.03
38,11,41,1312,3.83,7,1,0,0.06,0.03
30,33,23,1153,4.08,7,1,0,0.11,0.06
5,32,74,637,4.62,4,0,2,0.13,0.06
8,18,36,1860,4.56,11,1,2,0.13,0.04
30,17,69,1240,3.8,10,0,0,0.07,0.07
37,36,52,2761,4.03,6,0,0,0.05,0.12
37,13,74,790,3.52,7,1,1,0.09,0.19
12,11,64,2918,4.3,9,0,0,0.04,0.19
24,23,44,2193,3.92,4,0,2,0.12,0.07
20,38,41,2291,3.52,11,0,0,0.11,0.03
25,11,28,1048,4.14,11,1,2,0.12,0.2
72,2,273,10933,1.7568276719574987,22,5,8,0.6967524814063892,0.7964389423097438
27,39,29,2966,4.89,9,1,1,0.09,0.2
22,36,37,2908,4.06,7,1,1,0.02,0.12
35,37,12,1598,4.17,9,0,1,0.11,0.18
16,31,41,1895,3.86,10,1,2,0.08,0.1
5,16,67,2044,3.6,9,0,2,0.08,0.13
13,21,63,1629,4.54,6,1,2,0.13,0.12
7,15,51,2914,4.7,8,1,1,0.12,0.06
30,27,24,901,4.82,7,0,0,0.08,0.16
13,13,71,2280,4.9,10,0,0,0.06,0.03
20,28,40,2650,4.87,5,1,1,0.07,0.09
28,36,70,1286,3.54,11,1,1,0.06,0.18
18,22,35,2872,4.97,6,0,2,0.03,0.11
7,29,78,872,4.07,10,0,2,0.1,0.03
38,30,66,837,4.83,9,1,2,0.11,0.06
37,32,29,1556,4.16,6,1,0,0.15,0.04
28,39,75,1945,4.13,4,0,0,0.07,0.07
13,34,30,1792,3.52,10,0,1,0.15,0.05
17,36,69,2468,3.58,5,1,1,0.04,0.15
6,11,72,1596,4.51,7,0,2,0.1,0.14
11,17,60,2381,4.91,5,1,0,0.15,0.04
25,28,48,1704,3.84,9,0,0,0.1,0.1
23,18,20,2420,3.64,7,1,1,0.07,0.07
29,35,66,2538,3.82,10,0,0,0.08,0.08
26,37,12,2232,3.82,4,1,2,0.13,0.12
15,13,46,2330,3.94,9,1,0,0.14,0.18
37,25,34,531,3.64,9,0,2,0.07,0.18
36,28,30,2468,3.85,8,1,2,0.12,0.09
25,19,51,2722,4.88,5,0,2,0.14,0.09
24,15,10,514,4.84,11,0,2,0.05,0.11
12,25,32,606,3.97,6,0,0,0.08,0.11
13,19,33,968,5.0,7,0,0,0.15,0.03
29,22,56,701,3.95,5,0,2,0.06,0.12
29,18,16,2411,4.58,7,1,1,0.1,0.13
37,16,47,2294,4.47,5,0,1,0.1,0.1
6,13,56,1908,3.6,6,0,2,0.03,0.09
23,28,44,1416,4.01,7,0,2,0.12,0.19
24,35,71,835,4.93,7,1,1,0.07,0.13
33,13,12,2184,3.58,8,0,0,0.08,0.17
10,28,29,2652,3.76,4,0,0,0.1,0.19
21,37,53,2750,4.96,5,1,1,0.07,0.17
29,28,41,564,3.56,11,0,2,0.06,0.19
8,21,35,1052,4.17,6,0,2,0.09,0.16
34,39,57,723,4.88,10,1,0,0.06,0.05
24,22,14,2927,4.92,8,1,0,0.07,0.06
7,34,68,2802,4.97,8,1,2,0.03,0.05
27,13,70,2515,4.22,4,1,0,0.13,0.08
22,34,58,1821,3.63,10,0,1,0.07,0.08
30,37,39,2718,4.66,6,1,1,0.02,0.17
12,19,26,1112,4.56,10,1,0,0.12,0.08
21,30,79,1151,4.37,9,1,2,0.01,0.15
35,16,67,1217,4.83,11,1,1,0.09,0.18
37,39,72,1887,4.87,5,0,0,0.11,0.04
31,14,70,2620,4.52,7,0,0,0.04,0.02
69,3,268,10948,1.527244861804416,20,4,8,0.7708623934264827,0.6584368687311009
26,27,24,2883,3.64,11,0,0,0.03,0.06
30,20,10,1167,4.11,4,0,1,0.15,0.05
36,24,22,513,3.94,7,0,0,0.12,0.07
28,30,57,1939,3.7,8,1,2,0.05,0.05
39,31,43,2574,4.42,7,0,0,0.06,0.16
36,16,39,1573,4.53,5,1,1,0.1,0.13
73,1,247,8409,2.0201774540624613,21,3,6,0.40370108139061256,0.42701392615788175
37,35,73,1270,3.76,11,0,0,0.05,0.13
35,34,75,1489,3.96,5,1,2,0.02,0.06
16,15,66,1037,3.8,9,0,1,0.12,0.06
15,27,53,2520,4.4,7,0,2,0.13,0.13
28,25,21,1435,4.35,7,1,2,0.04,0.14
12,11,49,2918,4.25,4,0,1,0.02,0.08
36,28,33,2633,3.94,9,0,0,0.03,0.16
26,10,20,2707,3.86,5,0,2,0.07,0.17
38,34,75,2972,4.84,7,1,0,0.05,0.18
23,39,10,2402,3.57,6,1,2,0.02,0.13
24,35,67,2235,4.48,4,0,1,0.07,0.06
18,20,37,1914,3.53,4,1,2,0.04,0.15
37,29,77,2822,3.79,10,1,0,0.02,0.04
14,14,68,1812,3.93,4,1,0,0.1,0.05
20,25,31,2537,4.83,4,0,2,0.09,0.17
8,32,38,757,3.71,9,1,2,0.13,0.18
31,10,78,1462,4.91,9,0,2,0.05,0.03
32,28,54,1743,4.72,7,1,1,0.03,0.08
20,23,79,1032,4.52,11,0,0,0.06,0.13
37,12,26,2369,4.12,8,0,2,0.12,0.19
23,11,48,1883,4.86,10,1,0,0.04,0.12
25,33,49,2153,4.29,11,1,0,0.05,0.17
26,14,37,612,4.06,11,0,0,0.03,0.19
13,26,11,1799,4.38,6,0,0,0.15,0.11
13,37,36,2804,3.85,8,1,2,0.15,0.15
13,27,30,828,3.91,8,1,0,0.1,0.14
31,10,16,550,4.88,7,0,0,0.04,0.14
21,24,70,2201,4.69,4,1,1,0.12,0.11
12,31,61,720,4.27,4,1,2,0.09,0.13
20,18,57,1753,4.12,7,1,0,0.11,0.12
22,36,28,721,4.71,7,0,0,0.13,0.13
37,32,21,1442,4.36,9,0,2,0.05,0.11
5,14,11,1577,4.12,5,0,2,0.14,0.06
16,37,26,2154,4.27,4,0,0,0.14,0.14
10,22,12,2458,3.85,6,1,1,0.09,0.09
9,28,30,1796,3.8,5,1,1,0.11,0.04
20,37,60,2745,4.98,8,0,2,0.07,0.17
22,37,19,2675,4.95,10,0,2,0.1,0.05
22,33,64,2127,4.13,9,0,1,0.09,0.12
5,19,45,1532,4.27,9,1,1,0.06,0.15
23,29,60,1486,4.74,4,0,1,0.06,0.14
12,34,26,726,4.59,7,1,1,0.1,0.05
69,4,296,7465,2.1256551664078573,21,4,6,0.6019949932569568,0.78317059630029
29,23,22,2762,4.06,10,1,2,0.04,0.05
9,31,74,1354,3.88,7,1,2,0.06,0.03
23,30,57,2972,4.99,4,1,2,0.12,0.07
22,35,79,1975,4.62,9,0,2,0.03,0.11
35,21,56,2865,3.57,6,0,0,0.15,0.05
37,20,19,2907,4.85,7,0,1,0.1,0.19
22,32,66,1435,4.89,9,0,1,0.14,0.15
20,16,22,1457,4.0,4,0,2,0.13,0.13
20,26,70,1819,4.46,8,1,1,0.12,0.14
11,27,67,2745,4.52,5,1,0,0.01,0.1
90,4,280,11914,1.3736500470165631,23,3,8,0.7515146852514154,0.4952935882281155
29,33,38,2945,4.54,4,0,0,0.04,0.18
36,29,25,741,4.34,9,1,2,0.13,0.15
26,15,72,2976,4.93,7,1,1,0.11,0.13
20,20,56,2553,4.27,10,0,0,0.02,0.19
33,21,52,2314,3.67,5,0,0,0.06,0.14
20,35,32,1796,3.62,5,0,1,0.02,0.09
16,25,39,2147,3.53,7,0,1,0.11,0.03
21,28,66,859,4.14,6,1,0,0.07,0.09
31,32,39,1664,3.91,4,0,0,0.04,0.19
29,36,76,2033,4.84,7,1,1,0.08,0.03
17,28,65,2500,4.8,10,0,2,0.02,0.05
12,20,33,1002,4.76,9,1,1,0.05,0.17
9,25,17,2089,4.8,6,0,2,0.03,0.09
16,32,53,2774,3.95,7,0,0,0.14,0.05
7,37,43,608,4.14,8,1,2,0.06,0.17
39,36,44,1242,3.97,6,1,2,0.09,0.12
86,4,292,9760,1.3468806479883417,19,5,6,0.6030962639352396,0.6128447430312614
26,36,26,1310,4.89,9,1,0,0.1,0.07
13,17,11,1285,4.42,6,0,2,0.05,0.14
22,12,63,727,3.7,5,1,1,0.03,0.18
33,11,53,1351,3.81,11,0,1,0.02,0.16
31,37,58,1327,4.18,4,0,0,0.04,0.13
21,15,11,878,3.58,7,0,0,0.08,0.08
38,25,79,2106,3.91,10,0,1,0.04,0.17
7,29,18,2525,4.56,10,0,1,0.07,0.12
9,33,10,2932,4.88,9,0,0,0.01,0.18
18,38,78,2660,4.89,9,1,1,0.1,0.07
89,2,191,8987,2.2442336632299096,21,5,6,0.6661200412305008,0.5002220483857143
27,23,23,1628,3.97,11,0,0,0.02,0.19
34,11,36,2486,4.88,11,1,2,0.04,0.09
27,29,18,790,4.68,4,0,2,0.05,0.19
31,27,45,559,4.38,9,1,2,0.05,0.09
14,23,12,1835,4.75,11,0,2,0.02,0.1
29,27,32,605,4.19,9,0,1,0.02,0.17
17,11,39,2636,3.67,11,1,0,0.14,0.07
20,10,28,1399,4.91,4,1,1,0.11,0.15
38,29,76,2992,4.3,9,0,2,0.14,0.07
26,11,59,1952,4.54,9,1,2,0.07,0.13
21,18,57,1506,4.09,9,0,2,0.13,0.16
27,18,12,2469,3.7,5,1,2,0.12,0.02
13,25,75,805,3.91,4,1,0,0.13,0.04
6,20,36,701,3.57,11,0,0,0.02,0.19
36,36,49,1546,3.63,8,1,0,0.1,0.17
26,32,27,970,3.81,5,0,2,0.09,0.18
17,15,36,2856,4.34,6,0,2,0.09,0.1
12,21,20,1232,4.99,4,1,0,0.08,0.15
5,12,48,875,4.77,6,1,0,0.12,0.2
21,39,28,641,3.63,5,0,0,0.15,0.1
16,21,16,2807,4.76,9,1,1,0.13,0.17
8,39,66,2221,4.3,8,0,2,0.13,0.03
17,32,11,2407,4.49,10,1,0,0.08,0.12
35,10,47,2339,3.69,8,1,0,0.11,0.08
11,18,14,2925,4.09,4,1,2,0.07,0.11
27,29,45,847,4.83,8,1,1,0.06,0.04
28,31,77,2101,4.14,9,1,2,0.14,0.09
9,15,66,1327,3.69,11,0,0,0.14,0.03
9,20,29,2929,3.97,10,0,0,0.11,0.1
21,12,14,924,3.83,7,1,1,0.13,0.1
34,13,33,2323,4.53,11,0,1,0.06,0.08
13,38,39,1959,4.87,9,0,2,0.07,0.19
10,36,37,821,4.6,5,0,0,0.12,0.03
29,19,62,2797,4.77,9,0,1,0.07,0.17
23,28,60,2267,4.71,8,0,0,0.02,0.08
20,38,16,679,3.52,5,1,1,0.06,0.06
25,15,51,1503,3.69,5,1,1,0.07,0.07
6,10,44,2212,4.14,9,1,0,0.03,0.18
14,17,43,528,3.67,9,0,0,0.06,0.17
20,17,63,2533,4.6,7,0,2,0.14,0.02
19,34,38,1237,3.61,11,1,2,0.13,0.05
17,15,19,2734,4.12,9,1,2,0.07,0.14
17,26,36,554,4.09,11,0,0,0.11,0.08
36,28,22,1933,4.32,9,0,1,0.03,0.19
12,10,51,2564,4.44,10,0,2,0.12,0.16
22,24,46,587,4.92,4,0,0,0.08,0.18
30,22,70,1581,3.91,5,0,2,0.11,0.05
14,30,30,1224,4.5,7,0,2,0.1,0.05
35,12,12,1753,3.55,8,1,2,0.04,0.19
37,39,17,1677,3.5,11,1,1,0.13,0.09
33,11,79,1796,3.54,10,1,0,0.09,0.09
9,12,26,1569,4.17,6,1,1,0.12,0.14
17,18,19,1394,4.33,4,0,2,0.02,0.09
5,36,22,2999,3.51,10,0,2,0.1,0.18
27,25,21,1829,4.09,9,1,1,0.05,0.19
7,33,75,2974,3.56,6,0,2,0.13,0.08
7,22,32,2665,4.48,7,1,2,0.14,0.06
11,28,74,1521,4.45,5,1,1,0.02,0.03
39,36,61,750,4.68,7,1,0,0.11,0.06
19,27,70,2950,4.32,4,1,2,0.02,0.05
7,30,35,2265,4.43,4,1,2,0.13,0.03
33,21,24,2747,3.92,8,0,0,0.03,0.03
34,37,31,1669,3.63,11,0,1,0.04,0.11
22,38,74,1574,4.61,7,1,1,0.05,0.15
15,21,35,2867,4.42,4,1,2,0.11,0.2
5,10,30,698,4.91,7,0,2,0.05,0.05
33,29,33,1964,4.98,8,1,1,0.09,0.15
14,17,25,2692,4.77,8,0,2,0.09,0.12
32,26,41,1582,4.98,7,0,1,0.07,0.11
35,30,25,2230,4.47,9,1,1,0.09,0.15
23,37,51,2690,3.64,4,0,1,0.03,0.06
7,29,41,1623,3.63,10,1,2,0.13,0.08
19,31,59,1025,4.71,5,0,1,0.04,0.09
37,16,50,2669,3.86,9,0,0,0.13,0.05
30,18,33,1988,3.59,5,1,0,0.08,0.11
20,26,22,764,4.21,9,0,1,0.1,0.04
37,36,19,2529,3.97,8,1,0,0.05,0.08
24,19,51,1743,4.38,4,1,1,0.04,0.04
98,3,204,9733,2.2524054434251606,20,4,9,0.7890417828267672,0.4900785758253541
37,31,12,1980,4.52,10,1,2,0.05,0.08
9,35,64,607,4.36,8,1,2,0.07,0.13
18,16,25,1135,4.07,8,0,1,0.07,0.05
31,16,53,1983,3.54,10,0,1,0.05,0.2
27,17,39,1432,4.86,8,0,0,0.05,0.07
18,39,46,2439,3.99,7,1,0,0.15,0.02
8,35,69,1685,4.26,7,0,2,0.09,0.03
23,33,33,535,4.34,4,0,1,0.13,0.14
8,33,35,912,3.97,9,1,0,0.02,0.14
34,17,67,982,3.96,4,1,2,0.01,0.18
23,25,18,1102,3.89,6,1,1,0.08,0.04
35,21,70,1581,3.87,5,1,0,0.13,0.09
35,24,28,1663,3.55,10,0,0,0.1,0.18
13,17,37,671,4.94,7,0,0,0.1,0.16
17,31,16,759,4.39,10,0,0,0.03,0.06
18,18,54,524,3.66,4,0,2,0.15,0.18
14,12,72,697,4.39,11,0,2,0.08,0.14
35,31,46,922,3.85,9,1,0,0.02,0.07
27,30,25,1641,3.97,8,0,1,0.07,0.03
31,25,14,2553,4.7,7,1,1,0.02,0.11
10,24,38,1620,4.83,5,0,1,0.07,0.15
30,33,61,571,4.55,7,1,2,0.11,0.07
6,13,32,931,4.9,9,0,1,0.06,0.05
17,29,15,879,4.86,5,0,1,0.05,0.03
23,38,45,2293,4.33,6,1,1,0.08,0.17
5,25,66,1307,4.86,4,1,1,0.08,0.03
36,19,42,555,4.32,9,1,2,0.08,0.13
78,2,279,10283,1.055218177820272,19,3,8,0.5208132976947886,0.4803523793259492
33,35,50,2763,4.74,6,0,0,0.02,0.16
6,38,64,520,3.7,9,0,2,0.08,0.14
15,14,35,2757,3.97,9,1,1,0.15,0.14
21,20,46,790,4.07,7,0,0,0.12,0.11
12,38,26,2494,4.71,4,1,2,0.05,0.1
26,22,41,1334,3.63,10,0,0,0.1,0.04
8,24,37,687,4.17,10,1,1,0.06,0.12
15,15,34,1674,4.16,5,1,1,0.04,0.03
12,25,56,2484,4.37,9,0,1,0.12,0.1
13,24,31,2738,4.03,10,0,0,0.04,0.15
30,20,70,2954,4.37,9,0,2,0.13,0.1
6,29,53,713,4.98,5,1,0,0.06,0.11
20,11,29,2414,3.61,11,0,0,0.12,0.17
35,37,59,2001,4.81,10,0,0,0.05,0.14
10,37,56,1092,3.96,9,1,1,0.1,0.04
25,39,56,540,4.2,4,0,0,0.04,0.12
30,11,60,2917,4.61,9,1,0,0.01,0.09
23,21,64,519,4.87,11,0,0,0.12,0.06
32,25,48,1532,3.51,11,1,2,0.13,0.14
12,28,23,1324,4.49,10,1,0,0.13,0.09
18,11,78,2159,3.6,7,0,0,0.02,0.16
28,26,56,2436,4.29,7,0,1,0.12,0.13
30,23,30,2565,4.62,8,0,0,0.13,0.04
35,33,24,1247,3.75,11,1,0,0.05,0.08
36,37,10,2866,4.65,9,0,1,0.08,0.07
6,25,19,1467,3.96,7,1,0,0.07,0.05
29,14,32,751,4.42,4,0,0,0.07,0.16
6,19,27,839,4.49,6,1,2,0.13,0.09
5,26,67,2304,4.47,4,0,2,0.07,0.13
16,22,61,2523,3.53,5,0,0,0.05,0.18
13,25,55,900,3.73,9,0,2,0.03,0.12
32,18,22,2918,4.78,10,1,0,0.1,0.07
37,33,26,2829,4.91,8,1,2,0.02,0.16
26,13,76,2937,4.35,8,1,0,0.02,0.1
29,33,70,836,4.4,10,1,2,0.11,0.12
22,38,74,2423,4.63,10,0,0,0.11,0.18
92,1,230,10541,2.0793691716438376,18,5,8,0.40305181360784825,0.6790477894525155
22,38,14,2820,3.99,10,0,1,0.14,0.08
20,35,41,2377,4.65,9,0,0,0.12,0.15
19,25,54,1897,3.54,5,1,2,0.11,0.04
12,32,65,2419,4.83,10,0,1,0.12,0.18
17,36,14,505,4.16,7,0,2,0.07,0.18
11,20,43,1937,4.26,10,0,2,0.07,0.12
21,16,70,1085,4.45,7,0,1,0.13,0.05
36,26,71,2021,3.91,7,0,1,0.01,0.1
26,31,78,1579,4.4,4,1,2,0.12,0.1
17,22,72,1321,4.54,7,1,0,0.07,0.07
27,13,53,737,3.68,11,1,1,0.07,0.05
33,23,37,2988,4.28,11,0,0,0.06,0.07
26,19,79,1357,3.99,5,0,0,0.09,0.12
5,19,22,2805,4.34,8,1,1,0.1,0.14
33,19,52,2595,3.53,4,0,0,0.03,0.2
9,36,39,2686,4.61,7,1,0,0.09,0.06
39,21,35,1725,3.75,5,0,0,0.08,0.06
14,11,72,1153,4.53,6,0,0,0.12,0.04
23,35,66,1839,4.65,5,1,2,0.09,0.19
11,32,73,960,4.63,8,0,0,0.07,0.09
39,18,58,1698,4.73,11,0,0,0.08,0.19
17,38,61,1562,3.96,5,1,0,0.08,0.18
14,14,72,2526,4.95,11,1,0,0.14,0.03
6,17,22,932,3.54,10,1,2,0.05,0.07
10,30,54,2108,4.22,5,1,2,0.02,0.07
12,23,55,1581,3.91,10,1,2,0.1,0.07
29,16,50,2509,4.61,10,1,1,0.09,0.1
11,16,55,2308,4.71,4,0,1,0.14,0.11
27,18,10,1657,4.73,8,0,2,0.03,0.16
23,12,77,1154,3.95,7,1,1,0.08,0.07
26,23,21,2032,3.91,10,0,2,0.03,0.07
17,26,44,2486,4.52,10,0,0,0.07,0.13
25,27,42,655,4.89,8,1,2,0.12,0.05
5,21,67,700,3.88,6,0,2,0.13,0.11
23,31,44,2463,4.87,9,0,1,0.13,0.07
37,23,55,998,4.39,10,0,2,0.09,0.06
8,35,75,1925,4.61,10,1,0,0.1,0.16
7,35,53,2707,4.16,8,0,2,0.09,0.15
31,37,35,1734,4.71,4,1,2,0.09,0.06
39,22,51,2546,4.96,7,1,2,0.13,0.09
32,23,39,1976,3.76,8,0,2,0.04,0.05
10,18,41,1330,4.08,9,0,1,0.07,0.03
10,28,45,1471,4.79,10,1,1,0.1,0.13
27,35,28,1837,3.77,7,1,1,0.12,0.09
37,11,31,2978,4.12,10,1,2,0.12,0.06
20,20,74,1905,3.75,4,0,0,0.03,0.04
82,1,182,11780,1.6646000624143538,17,5,7,0.5087855093458233,0.45545684560990746
9,11,20,2478,3.86,10,1,0,0.14,0.07
17,28,35,1842,4.07,5,1,1,0.06,0.18
16,16,57,2664,4.24,10,1,0,0.01,0.05
9,27,28,702,3.95,9,1,2,0.04,0.06
35,22,21,2344,4.52,6,0,2,0.15,0.17
32,14,76,1461,3.67,8,0,1,0.05,0.12
32,27,65,961,4.82,7,0,0,0.1,0.04
34,32,27,2373,4.22,8,1,2,0.11,0.12
22,35,14,2078,4.36,11,1,2,0.1,0.08
31,33,33,700,4.43,10,0,2,0.06,0.15
39,33,47,1015,3.59,4,0,1,0.07,0.03
30,38,76,2275,4.64,5,0,0,0.13,0.19
22,25,79,1729,4.92,4,1,1,0.1,0.11
37,24,61,1854,4.28,9,1,0,0.01,0.15
29,17,48,1243,4.09,10,0,1,0.04,0.15
35,35,68,1374,4.68,10,0,2,0.05,0.05
6,24,35,2894,4.58,7,1,0,0.06,0.18
37,34,74,2896,4.48,8,1,1,0.09,0.06
36,10,57,1775,4.95,10,1,2,0.06,0.05
22,37,62,2129,4.37,11,0,2,0.13,0.11
21,26,18,893,3.87,7,0,0,0.08,0.2
38,39,14,2516,3.54,10,1,1,0.08,0.08
11,24,70,1477,4.18,9,0,2,0.07,0.19
39,23,30,666,4.48,9,0,0,0.05,0.1
34,23,72,1475,3.76,11,1,0,0.11,0.17
16,19,29,2528,3.54,10,1,2,0.04,0.12
39,11,67,951,4.86,4,0,1,0.11,0.06
15,36,54,1359,3.95,8,1,0,0.08,0.18
8,15,31,709,4.2,7,0,2,0.02,0.03
29,39,72,1267,3.64,8,0,2,0.01,0.14
36,26,39,2108,4.07,6,1,2,0.03,0.17
24,14,72,713,4.14,4,0,1,0.12,0.17
35,14,53,2301,4.85,4,0,1,0.06,0.14
8,24,76,2186,4.8,6,1,0,0.12,0.07
5,24,67,1472,3.78,5,1,0,0.08,0.12
89,4,299,8054,1.6757082228085904,20,3,5,0.5341055043233048,0.4512680028982586
26,20,45,803,4.6,7,1,0,0.13,0.18
21,14,15,2335,3.94,10,0,2,0.14,0.05
18,37,46,1360,4.09,5,0,0,0.02,0.1
39,10,64,2355,4.98,8,0,1,0.04,0.08
17,20,68,2667,4.64,7,0,1,0.11,0.1
39,20,47,2363,4.16,10,0,2,0.15,0.05
6,15,34,2133,4.3,10,1,0,0.13,0.06
17,32,42,2974,4.44,7,1,0,0.02,0.16
20,17,22,2067,4.25,9,1,0,0.1,0.11
22,11,47,1444,4.12,11,0,2,0.1,0.11
11,24,67,2877,4.04,7,1,0,0.1,0.18
34,32,29,1749,3.75,6,0,1,0.09,0.06
11,31,26,2250,4.96,10,1,0,0.05,0.08
19,18,33,1063,3.64,4,1,1,0.1,0.08
23,24,35,679,4.4,11,1,0,0.11,0.14
6,17,49,789,4.94,6,1,2,0.09,0.12
17,39,41,686,4.06,6,1,2,0.08,0.1
35,25,46,985,3.88,10,0,0,0.04,0.14
20,36,69,1860,4.93,6,0,0,0.09,0.11
10,23,66,1272,4.7,11,0,1,0.03,0.17
32,24,67,2332,4.48,11,0,2,0.02,0.09
36,29,76,1557,4.42,5,0,0,0.12,0.18
14,39,31,1799,4.04,11,0,2,0.1,0.04
22,22,67,681,4.46,6,1,2,0.1,0.04
8,18,58,1762,4.59,4,1,0,0.14,0.14
13,10,58,1871,3.55,7,1,0,0.06,0.09
11,36,51,645,3.68,5,0,0,0.07,0.1
12,15,49,1567,3.97,11,0,0,0.07,0.15
11,17,55,2339,3.98,10,0,1,0.08,0.06
7,36,31,998,4.85,9,1,0,0.08,0.03
21,36,30,1302,4.53,6,1,1,0.12,0.1
6,29,60,2498,4.06,6,1,0,0.04,0.18
19,27,23,1818,4.71,7,1,2,0.07,0.1
67,4,291,10659,1.9734051379084905,17,3,8,0.5315588963561949,0.7427729662170423
26,27,27,1030,4.99,9,1,1,0.03,0.06
8,35,22,2758,4.67,5,0,0,0.11,0.1
10,26,26,1862,4.71,9,0,0,0.02,0.11
30,30,34,2552,3.89,9,1,2,0.09,0.06
15,25,63,2858,3.72,4,1,2,0.04,0.05
30,22,25,2709,4.08,5,0,1,0.01,0.08
21,31,33,715,4.0,7,1,0,0.05,0.03
28,13,32,1285,4.65,4,0,0,0.07,0.05
32,13,50,2135,3.76,10,1,2,0.12,0.15
39,30,42,2491,4.29,6,1,1,0.07,0.14
35,23,51,2484,4.44,9,1,0,0.14,0.08
17,14,57,2799,4.08,6,1,1,0.13,0.12
39,25,27,727,3.8,8,0,1,0.04,0.17
20,23,72,2457,4.84,11,0,1,0.03,0.17
19,39,20,1408,3.71,7,1,2,0.04,0.14
22,23,33,2160,3.96,8,0,2,0.06,0.04
31,23,70,784,4.63,5,1,0,0.09,0.05
39,34,73,2510,4.41,5,0,1,0.03,0.07
39,33,45,2913,4.6,9,0,1,0.08,0.14
32,34,62,2143,4.71,4,1,1,0.09,0.07
13,38,56,1627,4.84,9,0,0,0.1,0.1
16,23,61,1769,3.96,7,1,0,0.09,0.17
19,28,66,2200,4.21,4,0,1,0.13,0.18
25,39,32,2739,4.53,4,1,1,0.1,0.17
39,12,68,1143,4.69,10,0,1,0.14,0.04
37,26,78,525,4.37,10,1,0,0.11,0.18
23,23,65,2545,4.27,5,0,1,0.07,0.14
27,19,51,1211,4.54,5,1,1,0.04,0.13
17,22,27,2740,4.07,11,1,2,0.01,0.06
5,31,42,2928,4.84,9,0,1,0.02,0.19
33,13,12,1525,3.82,7,0,2,0.04,0.02
28,20,37,2126,4.83,5,0,1,0.04,0.03
20,24,10,1568,4.47,7,1,2,0.11,0.05
29,24,72,1438,4.4,8,1,2,0.06,0.14
27,39,56,502,4.2,11,0,0,0.06,0.13
32,33,46,1972,3.73,9,0,1,0.02,0.19
20,11,57,1658,4.8,6,0,1,0.09,0.08
15,20,28,1814,3.58,9,1,1,0.1,0.08
7,11,23,2825,3.9,8,0,2,0.13,0.14
19,32,76,675,3.66,10,1,0,0.08,0.05
5,38,74,2829,3.66,11,1,2,0.01,0.1
11,14,35,1643,4.09,10,1,2,0.02,0.02
82,4,195,9558,2.236182537865135,23,3,7,0.547686231362438,0.7693844055229008
36,10,79,1450,4.37,6,1,1,0.03,0.16
13,16,52,840,4.44,6,1,2,0.12,0.06
33,16,79,620,4.82,9,1,2,0.03,0.08
30,19,68,1074,3.95,9,1,0,0.03,0.04
27,15,12,2420,3.96,4,1,1,0.1,0.13
33,29,14,2184,3.87,6,0,0,0.04,0.12
37,21,46,2016,4.67,7,0,1,0.15,0.17
11,22,61,2823,4.14,5,1,0,0.13,0.19
16,33,75,1468,4.33,10,0,1,0.11,0.2
35,37,72,2576,4.06,5,0,1,0.06,0.04
36,20,16,2334,3.74,4,0,2,0.02,0.12
24,27,62,1184,3.65,9,1,0,0.06,0.16
21,11,15,2868,4.8,9,1,1,0.06,0.14
7,25,16,1142,3.9,4,0,2,0.03,0.18
5,11,53,2899,4.91,5,1,0,0.03,0.1
31,28,27,1604,4.92,4,1,1,0.1,0.1
37,15,63,1816,4.22,6,1,1,0.04,0.02
24,10,38,793,4.94,10,1,1,0.1,0.02
18,20,34,2020,3.54,6,0,2,0.09,0.14
9,27,72,1246,3.64,7,0,0,0.14,0.1
27,19,77,1232,3.86,9,0,1,0.12,0.14
19,27,22,2081,3.81,4,0,1,0.03,0.06
10,39,41,2927,3.88,5,1,0,0.1,0.18
37,37,36,823,4.18,11,1,0,0.1,0.18
23,10,60,1585,3.59,9,1,0,0.13,0.14
17,28,43,861,4.33,11,1,0,0.1,0.07
33,25,37,2600,3.96,9,1,1,0.03,0.06
10,35,39,901,3.61,11,1,2,0.05,0.13
19,16,18,2086,4.63,8,1,0,0.1,0.19
20,24,22,1180,4.48,5,1,2,0.14,0.12
28,38,73,2392,4.69,9,1,2,0.13,0.17
27,10,47,1492,4.91,8,1,2,0.06,0.12
14,32,31,1972,4.38,8,0,0,0.13,0.14
21,30,40,1606,4.68,10,0,2,0.08,0.12
34,18,51,2926,3.8,7,1,2,0.08,0.12
14,11,71,1432,4.12,8,1,1,0.06,0.15
23,26,73,2303,4.3,6,1,0,0.1,0.09
33,34,18,2527,4.31,11,0,0,0.09,0.18
6,33,53,580,4.58,6,1,0,0.06,0.18
23,19,72,1759,4.69,9,0,0,0.12,0.15
11,15,49,1240,4.5,7,1,0,0.06,0.15
30,14,50,2180,3.57,5,0,1,0.09,0.09
19,17,59,824,4.03,5,1,2,0.06,0.17
7,17,29,1579,4.36,9,0,1,0.03,0.19
20,39,79,2861,4.26,9,1,2,0.03,0.16
6,14,51,1734,3.57,5,0,0,0.1,0.04
35,21,42,602,4.97,5,1,1,0.12,0.16
32,16,72,2986,4.93,6,1,0,0.08,0.1
11,22,66,1316,4.66,6,1,0,0.06,0.13
34,22,74,1246,3.58,7,0,2,0.06,0.2
11,26,61,2585,4.15,7,0,2,0.09,0.08
33,13,15,1312,4.11,7,0,2,0.08,0.08
28,27,16,1747,4.34,5,0,1,0.01,0.07
8,19,18,1816,3.58,5,1,2,0.12,0.04
33,12,70,2219,4.14,6,1,0,0.03,0.05
9,21,43,2702,4.64,6,1,2,0.1,0.11
33,10,44,1555,5.0,11,0,2,0.06,0.18
34,36,29,2430,4.39,4,1,2,0.09,0.17
33,20,67,2285,4.91,4,0,2,0.13,0.05
30,27,69,1856,5.0,9,0,0,0.03,0.12
23,22,63,2289,4.15,5,0,2,0.12,0.17
30,26,44,2181,4.5,9,1,0,0.02,0.12
31,17,56,2264,3.82,6,0,1,0.14,0.18
34,29,55,2787,4.21,5,0,1,0.04,0.18
34,28,13,2893,3.62,9,0,0,0.12,0.08
7,26,19,1898,3.54,9,0,1,0.02,0.18
11,11,49,2563,4.84,8,0,2,0.06,0.13
13,12,64,1086,4.79,4,1,2,0.1,0.11
17,12,49,759,3.97,7,0,2,0.1,0.16
19,15,32,2418,4.19,5,0,1,0.11,0.16
9,19,24,2908,4.24,10,0,0,0.06,0.14
33,33,14,1922,4.28,8,0,1,0.1,0.17
39,31,49,2446,3.7,7,1,1,0.07,0.19
31,27,27,2286,4.66,9,0,0,0.09,0.18
31,27,30,599,4.02,8,1,0,0.09,0.03
12,23,12,2842,3.55,10,0,1,0.03,0.17
36,25,55,1428,4.51,6,0,1,0.13,0.16
24,16,62,1967,4.74,6,0,0,0.13,0.19
14,10,29,827,4.88,6,1,0,0.04,0.15
17,26,68,1851,4.51,9,1,1,0.07,0.18
33,32,30,1565,3.79,7,0,2,0.08,0.02
39,34,60,2789,4.38,7,1,2,0.09,0.2
12,14,34,1865,4.87,6,1,2,0.01,0.05
33,36,77,958,4.03,9,1,0,0.12,0.18
35,10,19,1908,4.93,7,0,2,0.13,0.19
34,30,76,2010,3.65,11,1,2,0.03,0.02
26,36,18,719,4.59,11,1,0,0.14,0.18
25,26,38,1358,3.68,6,1,0,0.13,0.17
16,19,46,2811,4.7,5,1,0,0.09,0.19
70,3,196,11962,2.275627487852609,19,4,6,0.7615347310511278,0.7767910025489222
6,34,68,1803,3.99,9,1,2,0.04,0.16
6,29,66,934,4.67,4,0,2,0.08,0.11
38,34,69,1769,4.19,5,0,2,0.08,0.07
7,11,37,779,4.82,9,1,0,0.1,0.16
20,32,37,567,4.1,10,1,2,0.12,0.11
8,25,55,2171,4.99,6,0,0,0.14,0.18
27,24,76,1242,3.53,4,1,1,0.12,0.15
24,37,64,1787,4.54,6,0,1,0.14,0.05
29,22,47,2512,4.87,5,1,1,0.08,0.07
34,27,27,2205,4.3,11,0,2,0.02,0.07
22,37,72,1946,4.98,6,0,0,0.02,0.08
15,29,14,790,4.56,11,1,1,0.05,0.14
33,31,53,2716,4.14,11,1,0,0.1,0.18
21,23,38,1985,4.27,7,1,2,0.06,0.13
30,27,23,1055,4.82,6,0,2,0.03,0.16
27,11,67,852,4.94,5,0,1,0.13,0.08
24,11,53,1763,4.33,11,0,1,0.15,0.11
6,12,27,2326,3.96,8,0,1,0.01,0.11
28,14,16,782,3.86,6,0,2,0.02,0.15
35,34,71,2105,4.22,7,1,2,0.08,0.11
31,25,54,955,3.94,11,0,1,0.06,0.08
6,31,25,1504,4.13,10,0,2,0.12,0.06
18,24,73,2371,4.75,5,1,2,0.1,0.07
8,21,46,2832,4.21,4,1,1,0.02,0.2
17,39,34,2578,4.46,11,0,2,0.09,0.08
91,4,282,8170,1.5080958897361916,19,4,8,0.5066552890653163,0.5515204948947385
12,35,64,2761,4.64,10,1,0,0.15,0.03
6,23,37,2237,4.22,9,1,0,0.08,0.04
10,38,18,2944,4.04,6,0,0,0.14,0.14
35,30,21,836,4.42,5,0,2,0.01,0.1
14,25,27,1467,3.65,7,1,2,0.02,0.18
25,20,65,1402,4.12,11,1,0,0.06,0.18
14,15,67,1171,4.72,7,1,0,0.13,0.16
27,19,60,1803,3.89,5,0,0,0.09,0.17
7,37,41,1268,4.87,10,0,1,0.13,0.18
36,17,57,2214,4.41,7,0,0,0.05,0.16
24,25,17,978,4.31,9,1,0,0.03,0.11
14,12,39,1343,4.1,11,0,0,0.04,0.07
33,11,35,2125,4.61,10,0,1,0.1,0.16
38,25,33,2380,4.35,8,1,1,0.13,0.08
24,28,36,2617,4.69,4,0,2,0.07,0.06
12,39,48,1004,4.0,10,0,0,0.04,0.05
11,18,75,609,4.55,7,1,0,0.1,0.13
10,25,60,1905,4.92,7,1,2,0.04,0.06
15,31,59,896,3.92,4,1,0,0.09,0.09
22,35,54,850,4.97,8,0,2,0.02,0.15
33,37,42,2057,4.12,8,0,0,0.12,0.16
29,13,28,2968,3.56,8,0,0,0.12,0.08
25,19,22,1421,4.04,9,0,0,0.09,0.17
7,28,31,2541,3.72,10,1,2,0.02,0.03
22,22,29,610,3.96,7,0,2,0.05,0.2
28,27,14,708,3.64,11,1,2,0.03,0.1
14,24,41,2265,3.77,10,0,2,0.08,0.08
31,39,39,1701,3.69,7,1,2,0.02,0.19
16,13,35,2285,3.57,11,1,1,0.13,0.04
11,18,13,2972,3.94,8,0,2,0.13,0.08
21,13,76,2875,4.91,7,0,0,0.03,0.08
5,38,52,2407,4.92,10,1,1,0.11,0.1
30,25,39,510,4.77,6,1,1,0.11,0.17
19,37,25,1355,3.52,10,0,1,0.07,0.17
37,30,48,1758,3.54,7,1,1,0.03,0.13
35,24,50,2801,3.52,9,0,2,0.03,0.2
39,33,40,2089,4.05,8,0,0,0.11,0.17
83,2,264,8980,1.958672403209102,16,5,9,0.4886119575863278,0.6325473748338272
12,37,22,628,4.85,5,0,2,0.09,0.06
16,36,50,599,3.88,11,1,1,0.13,0.12
23,23,37,789,4.12,8,1,2,0.09,0.06
29,12,73,2092,4.74,5,1,1,0.15,0.07
36,31,28,2176,4.64,7,1,2,0.1,0.14
16,37,34,1648,3.7,7,1,1,0.05,0.05
17,32,47,2344,3.66,9,1,1,0.13,0.04
32,13,12,2327,4.32,5,0,1,0.05,0.12
5,39,11,1164,3.65,10,0,1,0.15,0.02
10,10,14,1870,4.74,8,1,2,0.08,0.13
12,32,70,1197,3.88,4,0,2,0.14,0.18
8,37,29,682,3.78,10,0,0,0.04,0.05
9,18,47,850,3.78,4,1,0,0.01,0.09
29,26,45,2319,3.57,8,0,1,0.04,0.18
26,23,55,1901,4.46,7,0,0,0.02,0.15
32,26,46,1988,3.75,5,0,0,0.11,0.04
27,10,63,1177,3.85,10,0,1,0.05,0.09
8,19,30,839,4.63,5,0,1,0.1,0.16
8,32,30,610,3.59,8,0,1,0.1,0.14
25,25,79,2808,3.8,8,1,0,0.11,0.05
6,36,69,1711,3.72,6,0,1,0.13,0.03
11,34,45,2918,3.51,9,1,0,0.03,0.14
20,28,20,2220,4.31,11,0,1,0.02,0.13
21,33,40,2322,3.79,5,0,1,0.01,0.03
24,34,46,2996,4.45,9,1,2,0.02,0.2
27,12,69,2229,4.25,6,0,2,0.06,0.07
38,37,70,2395,4.5,7,1,1,0.15,0.09
15,21,76,1911,4.97,5,0,2,0.06,0.05
38,12,38,1861,3.83,9,1,2,0.07,0.17
37,24,76,2443,4.5,8,1,2,0.12,0.19
30,26,76,1852,4.75,8,0,2,0.14,0.06
6,27,25,1155,4.94,7,0,0,0.15,0.07
27,16,54,2696,4.43,9,1,2,0.13,0.15
26,28,43,849,3.7,9,1,1,0.08,0.12
38,16,53,2870,3.58,4,0,2,0.04,0.04
19,14,51,1643,3.92,11,0,1,0.09,0.19
14,35,44,1504,4.89,6,0,0,0.04,0.13
19,17,39,897,4.31,8,1,1,0.02,0.07
33,30,62,1145,4.37,9,0,1,0.14,0.11
27,25,67,912,4.42,10,1,2,0.08,0.11
21,25,37,536,4.0,5,1,1,0.08,0.11
13,28,24,2734,3.77,9,0,1,0.1,0.11
13,34,47,919,4.93,5,1,0,0.07,0.12
20,24,59,1983,4.63,11,1,0,0.07,0.09
37,16,22,2734,4.27,10,1,2,0.14,0.05
35,14,44,1601,4.07,5,0,0,0.12,0.14
61,2,170,9319,2.072872398462451,19,4,6,0.5446847443724179,0.520977902164839
14,20,74,2462,3.55,10,0,1,0.05,0.17
20,19,27,1897,3.87,4,0,2,0.1,0.02
8,34,67,1309,3.88,11,1,2,0.09,0.09
61,3,215,11195,2.170001554073588,19,4,7,0.45208748671876337,0.6038437601681848
17,32,38,1457,3.85,5,0,0,0.11,0.03
20,36,53,819,3.78,5,0,0,0.11,0.16
33,18,14,1013,4.65,11,0,0,0.13,0.04
10,10,42,833,4.84,8,0,2,0.12,0.17
30,29,14,1594,3.6,11,1,1,0.04,0.14
15,10,45,1223,3.81,4,0,1,0.13,0.15
28,17,22,507,4.66,8,0,0,0.06,0.2
33,12,34,2219,4.72,11,0,2,0.14,0.19
7,11,67,2503,4.25,7,1,1,0.13,0.07
14,39,11,663,4.54,7,0,0,0.02,0.09
5,13,45,1280,3.62,6,0,0,0.12,0.09
30,36,34,1818,4.77,10,1,1,0.08,0.05
16,28,43,2905,4.75,7,0,1,0.15,0.09
98,2,163,9042,1.9418710125243992,20,3,5,0.4819776242575729,0.5843462262169337
29,14,28,1798,4.87,6,0,2,0.02,0.11
12,38,46,1420,3.57,8,0,0,0.05,0.19
8,33,10,2140,3.85,5,0,1,0.07,0.03
32,19,69,2344,4.04,5,1,2,0.09,0.03
11,33,76,2090,3.74,10,1,2,0.03,0.12
14,36,58,1602,4.72,4,1,1,0.08,0.15
6,32,55,1179,4.64,7,0,1,0.08,0.06
30,17,57,1751,4.66,4,1,1,0.13,0.11
18,22,77,937,3.94,4,1,1,0.05,0.18
20,38,28,1445,4.64,5,1,2,0.07,0.16
21,14,49,1783,3.68,7,0,1,0.06,0.06
26,35,15,509,3.66,5,1,0,0.1,0.08
8,35,72,657,4.38,10,1,0,0.13,0.08
23,36,44,1681,3.57,9,1,1,0.1,0.15
6,21,70,2867,4.91,4,1,1,0.08,0.19
13,36,14,1725,3.99,11,0,2,0.1,0.07
23,22,46,620,4.22,7,1,0,0.06,0.13
20,31,20,2686,4.72,11,1,0,0.03,0.2
29,17,49,1173,4.1,9,0,2,0.05,0.05
22,24,74,2527,4.15,9,1,1,0.07,0.14
27,22,17,1783,4.02,9,1,2,0.07,0.08
25,10,20,1956,4.03,10,0,2,0.11,0.2
15,31,67,543,4.2,5,0,0,0.14,0.04
90,4,198,11268,1.175373432584885,17,3,8,0.7885423447341982,0.6947708083255453
29,20,22,1878,4.9,9,0,0,0.02,0.07
36,22,69,597,4.32,6,1,0,0.01,0.03
34,30,58,2394,4.18,8,0,2,0.01,0.19
30,29,76,2786,4.71,8,1,2,0.14,0.12
38,10,16,974,4.52,7,0,1,0.15,0.15
13,20,34,1915,4.82,8,0,0,0.02,0.13
16,35,32,508,4.6,11,0,2,0.06,0.05
6,20,60,2036,4.93,10,1,0,0.1,0.05
9,17,56,1912,4.83,7,0,2,0.04,0.13
9,31,14,2362,4.78,4,1,2,0.09,0.16
26,12,22,1733,4.09,6,1,1,0.12,0.13
9,37,51,1115,4.08,7,0,1,0.13,0.12
8,28,14,2699,4.61,10,1,1,0.11,0.15
13,21,32,2957,3.63,10,1,2,0.02,0.06
33,15,71,509,3.98,4,1,1,0.06,0.15
26,37,10,1051,4.9,6,1,0,0.15,0.09
31,32,63,1379,4.18,5,1,0,0.04,0.14
14,17,12,767,3.9,4,1,2,0.07,0.07
20,14,73,950,4.21,11,0,1,0.06,0.04
14,19,60,2945,3.93,5,1,2,0.04,0.03
10,31,11,1891,4.65,8,1,2,0.06,0.16
9,25,58,1582,4.78,10,0,0,0.04,0.06
10,21,40,793,4.67,7,0,1,0.13,0.09
29,26,12,1451,3.72,6,0,0,0.03,0.16
8,15,44,1368,4.0,10,1,1,0.1,0.1
36,18,45,609,3.82,11,0,1,0.14,0.06
39,19,73,2065,3.56,11,1,2,0.14,0.06
64,3,171,7734,1.967279687830333,23,4,9,0.7959654027097769,0.4651804987438551
38,23,27,1512,4.14,4,1,1,0.05,0.12
10,23,43,2844,3.91,10,1,2,0.04,0.09
20,35,65,2354,3.96,8,0,0,0.11,0.18
23,38,76,2488,3.7,5,1,0,0.15,0.02
38,26,62,1344,4.74,11,0,0,0.02,0.09
29,39,76,2207,3.72,10,1,1,0.12,0.15
35,36,75,2626,4.01,5,0,1,0.03,0.18
21,34,73,2507,3.51,9,1,2,0.05,0.08
34,25,76,1773,4.15,7,0,2,0.09,0.14
35,13,48,838,4.03,8,0,2,0.05,0.12
23,11,47,2604,4.58,9,0,0,0.1,0.06
39,25,49,646,4.57,6,1,1,0.07,0.14
33,10,28,1245,3.56,5,1,2,0.04,0.06
5,12,14,1540,3.67,11,0,1,0.08,0.16
8,32,78,2915,4.86,4,1,2,0.01,0.18
32,20,23,1712,4.69,8,1,2,0.11,0.11
22,25,58,2795,4.08,6,0,0,0.08,0.03
30,35,73,2697,3.75,6,0,0,0.14,0.15
23,27,66,1213,3.89,10,0,1,0.02,0.1
10,24,44,2764,4.49,6,1,1,0.11,0.04
5,18,14,2110,4.92,6,1,2,0.05,0.08
12,21,48,1918,4.42,9,0,0,0.06,0.07
37,38,33,2286,3.54,5,0,1,0.06,0.15
25,36,49,803,4.48,7,1,0,0.06,0.1
28,27,59,2081,4.92,8,0,1,0.07,0.13
29,14,67,2950,4.04,5,1,1,0.01,0.11
23,33,10,2377,4.9,10,0,0,0.13,0.15
33,38,52,879,4.51,7,0,1,0.13,0.15
14,38,48,2999,3.78,6,0,1,0.02,0.1
16,37,19,1193,3.72,4,0,0,0.12,0.04
37,35,11,2118,3.76,6,0,0,0.02,0.09
11,17,72,2692,4.55,7,1,1,0.12,0.05
21,12,25,549,4.38,11,0,1,0.1,0.19
14,11,46,1947,4.18,7,0,0,0.05,0.19
35,34,25,2890,3.9,4,1,1,0.1,0.1
10,28,36,2255,4.86,9,0,1,0.08,0.02
21,17,72,2379,3.82,5,0,1,0.1,0.09
22,11,73,1347,3.93,11,0,2,0.08,0.18
30,28,41,1695,3.58,9,0,0,0.12,0.07
20,10,18,2012,3.91,4,0,2,0.02,0.13
12,39,20,1882,4.88,6,1,2,0.06,0.05
28,36,79,2736,3.78,8,1,2,0.09,0.17
17,31,39,2052,3.81,5,0,2,0.09,0.18
33,22,24,2957,4.4,8,1,1,0.03,0.13
36,32,68,726,4.35,10,0,2,0.02,0.13
28,29,57,2307,3.76,8,1,2,0.01,0.09
20,26,69,712,3.73,5,0,0,0.07,0.15
15,12,77,918,3.68,6,0,1,0.06,0.11
36,18,66,2375,4.79,9,0,1,0.09,0.15
10,14,73,1418,4.48,10,1,0,0.07,0.19
39,15,63,1276,4.93,7,1,1,0.07,0.17
37,13,63,2053,3.75,6,1,1,0.13,0.11
22,26,68,2768,4.19,9,1,0,0.1,0.2
17,39,48,675,4.61,7,1,1,0.1,0.13
14,30,24,1845,3.82,7,1,2,0.06,0.03
30,30,37,1034,4.53,5,0,2,0.12,0.15
21,30,45,1917,4.21,5,0,2,0.03,0.17
5,25,63,2329,4.15,4,1,0,0.07,0.04
29,25,26,2163,4.47,9,0,1,0.02,0.14
38,31,31,823,4.2,10,0,1,0.03,0.19
14,20,45,584,4.73,11,0,1,0.02,0.07
24,11,38,1386,4.9,8,1,1,0.07,0.13
11,26,64,611,4.38,8,1,0,0.11,0.07
20,24,51,1448,3.95,8,1,1,0.05,0.16
33,27,41,1921,4.67,11,0,0,0.01,0.12
16,38,23,551,3.76,8,1,2,0.11,0.1
21,19,27,2631,3.64,11,0,0,0.04,0.03
24,15,47,1240,4.28,11,0,1,0.11,0.19
30,30,43,924,4.47,4,0,0,0.01,0.11
23,25,54,1544,4.75,7,0,1,0.05,0.16
16,14,41,2211,4.93,4,0,0,0.1,0.09
25,21,76,555,4.81,9,0,1,0.13,0.17
38,37,72,1306,4.98,10,1,2,0.12,0.05
11,15,64,1154,4.21,5,0,2,0.07,0.06
39,23,52,1506,3.97,6,0,0,0.11,0.08
19,35,31,1407,4.19,7,0,2,0.09,0.04
5,32,77,507,4.47,7,0,1,0.12,0.1
30,25,38,2671,4.26,4,1,2,0.12,0.11
39,34,49,2281,4.45,5,0,2,0.15,0.04
29,16,54,1624,4.83,5,1,2,0.02,0.1
19,11,19,1489,3.75,11,0,2,0.06,0.06
26,15,54,1603,3.68,9,1,1,0.04,0.18
10,18,26,2578,4.25,10,1,2,0.1,0.11
19,16,11,877,4.97,7,1,2,0.1,0.19
28,11,26,2877,3.59,4,0,0,0.04,0.08
25,28,47,2449,4.98,8,1,1,0.07,0.08
11,17,46,1822,4.95,11,0,0,0.09,0.08
33,20,72,781,3.94,7,1,0,0.1,0.07
36,34,14,1535,4.84,8,1,0,0.02,0.16
36,13,34,1138,3.51,6,0,2,0.14,0.07
9,25,31,568,4.18,5,1,2,0.01,0.07
8,34,72,2338,4.1,11,0,0,0.15,0.03
26,27,44,2570,4.85,7,0,1,0.05,0.19
22,22,64,836,4.21,6,0,1,0.05,0.18
39,36,29,2974,4.13,8,1,0,0.07,0.07
21,14,14,2756,4.46,7,1,1,0.11,0.11
28,36,48,714,4.06,6,1,0,0.03,0.11
6,11,72,1134,4.3,7,1,2,0.05,0.04
17,20,41,922,4.93,6,1,2,0.14,0.12
19,10,72,2620,3.8,6,0,2,0.13,0.04
9,22,49,1285,4.19,8,1,1,0.04,0.1
7,39,26,1437,3.52,5,0,0,0.09,0.04
7,14,41,2271,4.76,4,1,1,0.04,0.13
39,27,32,2189,3.64,6,1,1,0.09,0.03
27,23,69,1797,3.64,5,0,2,0.06,0.13
32,22,65,1756,4.82,9,0,1,0.06,0.15
34,16,18,2836,4.11,4,0,0,0.1,0.12
22,17,78,938,4.53,8,1,1,0.05,0.1
37,27,71,1837,4.79,7,1,2,0.07,0.03
30,16,73,2033,4.06,5,0,1,0.14,0.02
21,29,31,1917,3.89,10,0,0,0.12,0.08
11,26,41,2575,3.75,11,1,1,0.06,0.16
12,25,56,769,4.41,7,0,0,0.04,0.14
35,20,11,1990,3.88,7,0,0,0.1,0.04
16,28,61,2445,4.45,11,0,2,0.12,0.14
35,36,23,2621,3.98,4,1,2,0.13,0.12
23,37,46,2180,4.02,9,1,2,0.09,0.05
14,10,36,1173,3.87,11,1,2,0.08,0.16
69,4,297,7627,2.114560933683066,23,5,9,0.6015184856388738,0.44828586749370786
24,38,73,909,3.74,6,0,0,0.03,0.06
11,17,79,1941,3.98,9,1,0,0.13,0.13
18,10,35,2758,4.67,4,1,0,0.02,0.09
15,39,63,1291,3.82,5,0,0,0.09,0.03
11,18,24,1746,4.92,6,1,1,0.09,0.18
33,28,38,859,4.24,10,0,0,0.05,0.17
14,30,37,1081,3.66,11,1,2,0.01,0.08
33,18,68,1543,4.91,10,1,0,0.11,0.12
13,30,30,922,4.19,7,1,1,0.01,0.11
14,34,19,620,4.34,8,1,1,0.04,0.05
23,19,13,2720,3.78,8,1,2,0.09,0.05
35,33,71,533,4.0,4,1,1,0.14,0.17
21,32,13,570,4.56,9,0,1,0.02,0.18
69,3,215,8516,2.211386474934729,16,4,7,0.7444537333112907,0.5048484396064518
37,10,25,1467,4.36,6,0,0,0.06,0.03
38,29,47,1034,4.54,6,1,1,0.1,0.18
28,34,58,513,3.5,11,1,1,0.14,0.2
13,35,70,1829,4.76,11,1,0,0.05,0.16
11,17,74,770,3.58,8,0,2,0.14,0.08
20,29,59,2296,3.87,6,1,1,0.13,0.09
23,21,26,2017,4.95,5,0,1,0.09,0.18
10,10,37,2083,3.62,5,1,2,0.12,0.07
15,19,53,962,4.74,8,0,1,0.13,0.05
16,13,21,1022,4.48,7,0,0,0.12,0.17
17,24,79,1354,4.4,7,0,1,0.06,0.05
16,28,12,2545,4.37,7,1,1,0.12,0.18
25,15,58,942,3.75,8,0,1,0.05,0.13
14,36,30,2798,4.5,4,1,0,0.13,0.12
24,14,17,2707,4.93,10,0,0,0.05,0.16
32,14,73,2583,3.62,10,0,1,0.09,0.02
28,27,68,1721,4.0,6,1,0,0.11,0.15
9,37,39,2940,4.21,5,0,1,0.07,0.13
16,12,41,1727,3.85,9,0,2,0.12,0.11
39,36,29,2591,4.61,10,1,2,0.14,0.06
6,31,25,2862,4.53,5,0,1,0.04,0.17
13,11,34,907,3.68,9,0,2,0.01,0.07
26,13,69,1394,4.35,11,0,0,0.1,0.11
9,27,54,2753,4.05,11,0,1,0.09,0.05
16,18,18,1764,3.84,4,0,1,0.06,0.2
5,28,60,2588,4.77,11,0,1,0.12,0.06
26,35,70,2510,3.58,6,1,1,0.13,0.16
23,19,49,1886,4.2,7,0,1,0.06,0.07
20,31,70,1397,4.21,9,0,2,0.11,0.07
93,4,273,11961,2.3027340035396424,17,3,9,0.557150139168,0.5903498486192675
7,10,24,1039,3.8,10,0,2,0.06,0.17
27,38,62,2606,4.81,10,1,0,0.15,0.14
22,20,13,1008,4.95,11,0,0,0.06,0.18
30,23,32,1545,4.32,7,0,0,0.1,0.03
17,19,36,1237,3.88,7,0,0,0.06,0.19
22,28,46,1727,4.82,8,1,0,0.01,0.03
7,33,52,970,4.98,8,1,1,0.02,0.15
27,30,46,783,4.61,6,0,1,0.04,0.06
7,25,38,871,4.0,11,0,1,0.12,0.17
29,17,38,2021,3.85,5,0,1,0.07,0.18
31,11,58,2676,3.73,8,1,2,0.09,0.12
31,32,60,1903,3.85,6,1,2,0.14,0.09
29,34,59,1006,3.84,4,0,1,0.03,0.16
28,16,37,1618,4.95,7,1,1,0.13,0.18
12,28,14,1077,4.46,5,1,0,0.06,0.15
13,16,65,1700,3.75,5,1,0,0.06,0.18
34,24,73,1507,4.23,6,1,0,0.1,0.13
23,17,26,1167,3.78,8,0,1,0.14,0.14
20,23,64,1946,4.41,7,1,1,0.06,0.12
28,10,18,2407,4.01,7,0,2,0.12,0.11
25,38,77,2867,3.79,5,0,0,0.01,0.14
10,22,25,2605,3.86,5,1,0,0.1,0.12
9,12,25,772,4.51,11,1,2,0.1,0.15
18,30,22,1721,4.11,7,1,0,0.09,0.19
8,37,72,540,4.27,4,1,0,0.14,0.09
12,15,50,1237,4.73,6,1,1,0.14,0.09
28,28,62,2296,4.48,4,0,2,0.06,0.02
15,24,77,1768,4.19,8,0,2,0.07,0.11
21,13,18,1208,4.93,11,0,0,0.12,0.04
25,30,60,2783,3.82,4,0,2,0.13,0.15
94,4,217,10330,1.4284666103675692,22,5,5,0.4615745819336196,0.43363353450722275
31,13,58,1277,4.87,8,1,0,0.06,0.15
20,14,27,1335,4.78,9,1,1,0.12,0.12
30,27,19,2687,3.7,10,1,1,0.06,0.12
37,35,63,1378,4.89,10,0,0,0.07,0.14
35,34,24,893,3.52,9,0,2,0.03,0.12
77,2,156,10713,1.024034273173164,18,5,6,0.6377089042786278,0.6030972444326848
12,17,49,2674,3.92,11,0,1,0.06,0.18
11,21,56,2443,3.78,6,0,0,0.09,0.12
38,31,29,1336,4.17,10,1,0,0.07,0.04
18,35,31,1024,4.85,7,1,1,0.11,0.04
20,36,57,1751,4.68,4,0,0,0.05,0.09
13,12,25,645,4.95,6,1,1,0.03,0.11
14,36,14,1234,4.31,8,1,0,0.11,0.06
21,27,74,2423,4.27,10,1,2,0.06,0.1
16,32,30,668,3.52,9,0,1,0.09,0.04
10,17,70,2061,3.77,6,1,0,0.14,0.06
23,35,64,1648,4.25,9,0,0,0.08,0.15
33,10,33,799,4.63,4,1,1,0.03,0.2
10,23,32,1437,4.73,7,1,0,0.07,0.05
29,31,20,1021,3.92,8,1,0,0.08,0.08
28,32,56,2652,4.57,8,0,0,0.12,0.08
29,22,11,1117,4.74,4,0,1,0.04,0.06
20,34,79,1468,4.06,9,1,2,0.06,0.06
20,21,62,2217,4.54,6,1,0,0.02,0.04
10,12,20,2435,4.16,7,0,1,0.11,0.18
25,27,24,1005,4.98,8,1,1,0.11,0.14
8,30,21,801,3.51,4,0,0,0.07,0.07
38,22,45,1152,4.12,4,1,1,0.09,0.07
32,24,32,563,3.9,5,0,0,0.11,0.13
32,19,36,2779,4.77,9,1,1,0.05,0.15
21,10,23,2122,3.93,5,0,2,0.09,0.07
18,38,63,818,4.32,6,1,2,0.14,0.08
11,15,36,2181,4.61,10,1,2,0.1,0.07
26,18,30,1328,4.25,4,1,2,0.02,0.04
5,19,58,591,4.12,11,1,2,0.05,0.09
33,24,71,1460,3.56,9,1,2,0.08,0.12
35,18,53,563,3.53,6,1,2,0.02,0.14
34,32,53,1343,4.94,6,0,0,0.1,0.1
19,23,70,718,4.46,7,1,0,0.1,0.2
22,20,51,1203,4.74,5,1,0,0.13,0.13
39,16,32,1118,4.22,6,1,1,0.08,0.18
98,1,200,10974,2.4964457007714342,19,5,9,0.7376422095102702,0.7365762063913823
38,35,45,746,3.94,7,0,2,0.04,0.17
15,39,64,1463,3.57,9,0,2,0.01,0.07
31,11,25,1996,4.69,5,1,1,0.03,0.1
28,23,27,1513,4.37,5,1,2,0.02,0.02
39,15,47,556,4.22,4,1,1,0.07,0.1
12,14,76,1568,4.78,6,1,2,0.08,0.07
22,14,29,1609,4.17,7,1,2,0.1,0.04
17,38,28,2528,4.92,4,1,2,0.03,0.17
28,28,22,1561,3.52,9,0,1,0.04,0.14
27,28,26,2729,4.98,6,0,2,0.12,0.2
16,15,39,2711,4.72,6,0,1,0.09,0.11
34,37,52,1256,4.03,4,0,2,0.01,0.08
35,35,57,2358,4.39,7,1,0,0.13,0.07
32,38,52,2412,4.8,4,1,0,0.1,0.1
26,19,75,625,4.22,6,0,1,0.04,0.08
32,32,62,766,3.58,11,0,0,0.05,0.2
17,23,43,2901,4.86,4,1,0,0.09,0.05
29,26,22,2122,4.28,4,0,2,0.09,0.02
11,39,65,2180,4.32,9,0,2,0.12,0.04
10,12,68,2031,3.52,6,1,2,0.06,0.18
28,37,41,2506,3.65,5,0,1,0.09,0.14
23,10,63,1109,4.67,9,1,2,0.09,0.16
23,19,11,968,4.15,11,0,2,0.09,0.08
13,12,46,1300,5.0,11,1,1,0.02,0.13
33,14,42,632,4.54,10,1,2,0.07,0.15
28,34,10,1519,4.92,7,1,0,0.06,0.08
9,28,37,817,3.92,6,0,2,0.15,0.15
30,19,26,2100,3.76,11,0,1,0.08,0.13
18,39,66,1210,4.06,9,0,1,0.07,0.07
33,35,79,950,3.9,10,0,0,0.08,0.03
10,34,61,2381,4.42,9,1,2,0.14,0.06
11,25,53,2243,4.62,11,0,0,0.1,0.13
22,10,56,1823,4.1,5,1,2,0.06,0.13
27,15,22,641,3.63,11,0,1,0.14,0.11
5,18,39,1997,3.54,4,1,1,0.14,0.07
8,37,75,1068,3.83,5,1,0,0.05,0.1
39,14,62,2851,4.6,6,1,1,0.07,0.05
27,36,27,2079,3.83,9,0,1,0.15,0.14
31,23,37,2388,4.87,9,0,2,0.09,0.18
30,19,13,529,4.48,6,1,0,0.07,0.1
12,11,51,1766,4.79,10,0,0,0.04,0.06
20,14,15,1194,4.08,4,1,2,0.06,0.17
7,10,18,657,4.98,11,0,2,0.1,0.08
36,34,29,2693,4.52,11,0,0,0.02,0.13
9,19,47,839,4.04,10,0,1,0.02,0.03
24,38,77,2268,3.82,9,0,0,0.01,0.15
18,35,59,591,4.8,11,1,2,0.04,0.1
36,34,69,828,3.98,6,0,0,0.04,0.1
30,31,22,671,3.57,10,0,1,0.13,0.19
10,36,51,1120,3.92,8,0,0,0.04,0.11
9,18,77,2819,3.77,5,1,0,0.1,0.02
17,39,34,1618,3.98,8,1,1,0.03,0.19
36,12,40,1488,4.42,8,1,1,0.09,0.02
20,24,21,576,4.25,5,1,1,0.07,0.12
5,13,73,2698,4.57,6,1,1,0.07,0.13
17,22,70,641,4.0,5,1,2,0.13,0.18
15,15,62,730,3.68,4,0,0,0.03,0.14
12,29,35,2293,3.74,8,1,0,0.09,0.17
29,26,70,2431,4.7,9,1,0,0.13,0.16
36,32,19,1453,3.65,8,0,0,0.11,0.06
28,14,21,2675,4.7,10,0,0,0.15,0.15
32,39,31,2259,3.82,6,0,2,0.01,0.13
18,24,62,2328,4.52,5,0,2,0.13,0.06
7,17,30,2053,4.43,9,1,0,0.1,0.04
31,34,44,2678,3.65,10,1,0,0.01,0.16
24,14,36,1984,4.5,11,1,0,0.08,0.19
19,33,69,768,4.17,7,1,2,0.12,0.15
31,22,56,1461,4.56,11,0,0,0.04,0.15
32,10,75,2094,4.75,9,1,1,0.1,0.05
29,10,24,2127,3.56,6,1,2,0.03,0.06
37,16,33,2467,4.47,6,0,1,0.12,0.13
18,31,19,1574,3.66,6,0,1,0.09,0.03
12,14,33,2202,4.07,10,0,1,0.01,0.14
18,23,66,1528,3.52,5,1,2,0.02,0.05
5,24,43,1147,3.99,6,1,1,0.13,0.09
20,30,50,1237,3.75,10,0,0,0.01,0.08
22,39,49,1707,4.33,4,0,0,0.05,0.04
11,34,20,2956,4.27,4,1,1,0.09,0.12
19,26,10,1959,4.69,8,1,2,0.04,0.09
28,33,39,1319,4.46,8,0,0,0.04,0.03
17,27,52,1402,4.57,5,1,2,0.12,0.1
13,16,35,2736,3.64,7,1,0,0.05,0.13
19,31,62,2003,3.54,8,1,2,0.02,0.04
39,35,56,1480,4.95,8,0,0,0.11,0.13
28,27,18,882,4.14,8,0,1,0.14,0.07
37,37,18,1845,4.09,9,0,1,0.13,0.07
20,38,10,1966,3.55,11,0,1,0.09,0.16
12,28,53,989,3.68,10,0,2,0.07,0.1
33,29,68,1656,4.91,8,1,1,0.14,0.09
27,16,65,925,4.54,11,0,2,0.12,0.17
35,17,60,2797,4.11,6,1,0,0.09,0.18
18,22,25,2482,4.86,8,1,0,0.13,0.08
34,36,47,2085,4.38,9,0,2,0.09,0.03
31,27,20,1945,4.62,5,0,1,0.15,0.12
20,33,34,1999,4.15,9,0,2,0.13,0.15
10,20,68,1907,4.15,6,0,2,0.09,0.13
37,18,38,2866,3.6,9,0,2,0.14,0.14
22,32,49,1519,4.6,11,1,0,0.06,0.14
20,10,17,2772,3.65,6,0,0,0.11,0.19
16,31,15,922,4.65,5,1,0,0.03,0.18
24,17,54,1714,3.79,11,0,1,0.14,0.04
33,30,62,2300,3.87,7,0,0,0.04,0.1
34,21,30,2279,4.88,8,1,0,0.14,0.1
30,11,66,2626,4.21,4,0,2,0.01,0.1
26,24,15,1354,3.69,7,0,1,0.11,0.19
37,30,72,864,4.86,8,1,2,0.03,0.08
33,33,15,2569,4.18,4,0,2,0.12,0.13
26,27,62,1047,3.7,6,0,2,0.08,0.18
17,26,13,2877,4.09,9,0,2,0.14,0.03
13,24,18,2603,4.38,6,0,0,0.11,0.18
28,29,78,1771,4.04,6,0,1,0.12,0.16
19,29,13,1424,4.89,8,1,0,0.03,0.06
17,18,67,760,3.9,5,1,2,0.02,0.08
31,12,46,934,3.76,6,0,0,0.13,0.08
88,3,262,11372,1.0422160821709814,16,5,7,0.5813031603066549,0.703572897592962
12,28,60,880,3.63,6,1,0,0.13,0.13
18,27,59,2650,4.18,6,0,0,0.03,0.2
16,29,23,528,4.82,9,0,1,0.05,0.05
21,39,20,2006,3.96,8,1,2,0.14,0.06
33,17,19,1571,3.89,11,1,2,0.13,0.07
31,10,70,1890,4.76,4,1,2,0.02,0.19
5,33,22,1046,3.96,7,0,1,0.07,0.13
38,33,43,826,4.22,6,1,0,0.14,0.06
8,24,69,2813,3.55,7,1,2,0.01,0.16
28,28,60,2251,3.93,5,1,1,0.03,0.19
25,39,14,1228,3.7,5,0,1,0.1,0.09
37,35,41,718,3.66,10,1,1,0.02,0.05
11,19,21,625,4.15,5,0,2,0.07,0.08
5,21,61,1381,3.92,6,0,1,0.08,0.06
7,37,22,1902,3.75,7,0,2,0.13,0.06
19,15,63,818,4.27,4,1,0,0.14,0.05
35,38,63,1828,4.68,8,0,1,0.08,0.18
20,22,50,1723,4.6,7,0,1,0.08,0.04
14,13,57,584,3.88,8,1,2,0.11,0.09
33,22,60,1564,3.89,10,0,2,0.04,0.02
10,26,56,2074,4.6,7,0,2,0.14,0.07
33,39,59,1886,4.34,6,0,0,0.01,0.15
21,10,55,2442,4.61,4,0,2,0.01,0.06
26,14,47,861,3.5,6,0,1,0.1,0.2
28,37,22,2914,3.63,5,0,0,0.06,0.03
21,33,31,1704,4.7,4,1,2,0.07,0.04
25,26,11,1754,4.78,9,1,2,0.04,0.16
15,27,22,1487,4.02,9,0,1,0.07,0.2
11,16,66,2348,4.94,7,0,1,0.13,0.19
9,25,43,1757,3.95,11,1,2,0.11,0.16
25,17,28,1952,4.84,10,1,0,0.02,0.2
22,21,18,1330,4.13,6,0,2,0.02,0.17
39,23,42,1817,4.34,8,0,0,0.08,0.03
24,28,36,1871,4.46,6,0,1,0.11,0.17
19,20,54,1375,3.7,6,1,1,0.1,0.11
9,21,11,860,3.56,7,1,0,0.13,0.1
17,22,66,2398,4.14,7,1,0,0.03,0.02
16,17,66,857,3.74,5,0,1,0.09,0.13
86,2,297,10765,1.252312023368783,23,3,6,0.7713104986712797,0.7269677403784687
10,18,15,563,4.18,11,0,1,0.14,0.16
11,37,23,1919,3.68,4,0,2,0.02,0.08
30,11,36,2728,4.5,6,0,0,0.04,0.04
12,23,47,2736,3.53,8,1,0,0.06,0.1
13,22,28,2015,3.69,9,1,1,0.09,0.09
31,25,46,1079,4.55,9,0,0,0.07,0.16
8,11,13,2717,4.29,7,0,0,0.13,0.06
25,13,67,821,3.92,7,0,2,0.14,0.04
35,21,18,1695,3.77,5,1,1,0.02,0.1
25,25,49,2831,4.46,4,1,0,0.11,0.13
29,19,24,2913,3.81,9,0,2,0.03,0.07
19,12,13,2658,4.98,5,0,2,0.14,0.04
39,13,61,2625,4.8,7,1,2,0.03,0.1
32,15,27,2800,3.7,10,0,0,0.15,0.19
18,32,62,2783,4.79,11,0,1,0.07,0.19
8,14,68,2640,4.02,11,1,2,0.06,0.15
24,27,63,2338,4.23,8,1,0,0.09,0.16
38,12,50,721,3.71,5,1,1,0.07,0.06
16,19,69,1395,3.68,10,0,1,0.04,0.09
37,20,13,2013,4.8,6,0,2,0.1,0.13
28,28,48,2317,4.44,7,1,0,0.11,0.16
24,23,16,1484,4.19,7,1,2,0.14,0.05
9,30,32,2132,3.55,5,0,1,0.07,0.1
34,37,72,2799,4.88,8,1,0,0.11,0.05
28,20,74,2543,4.06,5,1,2,0.13,0.13
11,37,50,2689,4.12,10,1,1,0.13,0.16
20,30,53,2858,3.93,8,0,0,0.01,0.17
19,13,54,1908,4.84,7,1,0,0.06,0.15
27,33,78,1081,4.02,11,0,2,0.01,0.05
16,31,60,1835,3.76,10,1,2,0.09,0.17
33,15,74,2893,4.25,5,0,1,0.13,0.08
19,26,63,801,4.67,4,0,2,0.12,0.17
33,31,65,2287,4.06,9,1,0,0.12,0.07
25,28,49,2794,4.48,5,0,2,0.06,0.11
19,22,67,2447,3.96,5,0,0,0.02,0.12
18,31,24,1872,4.58,11,1,1,0.03,0.03
20,19,28,1290,4.5,10,0,2,0.1,0.18
19,38,19,1411,4.52,4,1,0,0.03,0.11
8,20,25,1875,4.47,4,1,1,0.03,0.05
31,38,52,2701,3.73,6,0,0,0.06,0.05
27,15,40,2033,4.83,4,0,1,0.02,0.14
33,11,25,2452,4.38,8,0,2,0.06,0.03
13,10,37,1094,4.07,9,0,1,0.15,0.1
11,20,71,2090,3.76,9,1,0,0.01,0.12
8,25,29,561,4.68,6,1,0,0.13,0.06
85,4,154,10985,1.578668558233855,18,4,8,0.7930131649445358,0.5950471284875551
9,14,68,965,3.72,10,0,2,0.07,0.11
15,24,18,1672,4.88,6,1,0,0.14,0.08
32,24,19,2858,3.66,10,1,2,0.05,0.05
20,13,54,1315,4.29,6,1,1,0.15,0.06
34,32,24,2650,4.42,9,0,1,0.13,0.1
8,13,39,2575,5.0,11,0,0,0.13,0.04
6,17,57,1007,3.71,10,0,0,0.03,0.19
7,16,49,2681,4.42,8,0,2,0.13,0.16
25,35,53,558,4.22,7,1,1,0.14,0.08
10,34,55,2617,3.89,9,0,2,0.12,0.07
22,26,15,2458,4.91,11,1,2,0.02,0.18
9,24,33,684,4.69,7,0,2,0.02,0.1
13,14,16,1997,4.67,5,1,1,0.06,0.18
24,22,15,2180,4.85,10,0,1,0.11,0.15
86,2,250,9721,1.2104169459740275,22,4,8,0.621499255680101,0.784595416931734
30,31,47,1077,4.26,9,1,2,0.14,0.17
22,26,53,1647,4.09,5,0,2,0.08,0.12
23,31,26,1736,4.56,7,0,1,0.06,0.14
7,26,40,681,4.4,5,0,1,0.09,0.06
13,23,46,570,4.31,11,0,1,0.11,0.02
35,23,20,1055,4.38,11,0,2,0.05,0.08
21,26,14,1351,4.48,9,0,1,0.05,0.05
27,17,73,1718,4.95,5,0,2,0.08,0.1
38,11,12,1815,4.63,9,0,0,0.1,0.04
85,2,239,11978,1.361201140688689,20,3,7,0.5346058094430544,0.4961946922495011
19,22,72,2412,4.2,4,1,1,0.06,0.04
7,39,47,1823,4.52,9,0,0,0.06,0.16
23,31,63,2865,3.76,5,1,0,0.08,0.19
32,25,11,1328,4.9,10,1,0,0.09,0.05
7,39,11,2641,3.62,9,0,0,0.1,0.08
8,25,21,766,4.42,11,0,2,0.1,0.15
28,15,49,1899,4.96,9,1,2,0.06,0.15
35,31,11,1113,4.59,10,0,1,0.05,0.03
15,33,66,1900,4.52,8,1,1,0.05,0.03
5,13,56,1077,5.0,8,0,1,0.1,0.04
13,12,45,1131,4.69,5,1,1,0.07,0.12
21,15,13,2826,4.96,8,0,0,0.03,0.03
5,13,33,1956,4.55,7,1,1,0.01,0.13
7,27,71,2789,4.5,8,0,1,0.01,0.08
30,15,11,2534,4.64,11,1,2,0.13,0.14
35,35,24,1745,3.78,4,1,0,0.07,0.16
30,14,58,1484,4.71,8,0,1,0.1,0.16
27,36,44,503,4.96,7,1,0,0.14,0.03
34,18,56,2867,4.42,11,1,1,0.03,0.19
14,20,33,1844,3.52,9,0,0,0.07,0.13
12,15,69,1531,3.61,7,1,0,0.09,0.18
29,39,57,1575,3.85,5,1,2,0.13,0.13
26,25,32,1523,4.24,6,1,1,0.15,0.11
19,28,21,1665,4.12,7,0,1,0.11,0.15
14,20,50,1278,4.97,5,1,0,0.1,0.06
24,30,38,779,4.92,5,0,1,0.14,0.04
27,24,79,1611,4.09,8,1,2,0.13,0.04
5,35,60,1683,4.69,11,0,0,0.13,0.17
6,33,32,1484,4.45,8,1,0,0.01,0.18
67,2,265,8647,2.4969207619318396,16,4,5,0.5084810625243504,0.4169239180756916
18,33,30,1309,4.9,11,1,1,0.12,0.18
12,28,33,771,3.89,9,1,0,0.04,0.2
16,34,18,1623,4.81,4,0,0,0.12,0.11
30,28,31,1727,4.46,9,1,1,0.01,0.05
31,33,13,689,4.43,5,1,1,0.09,0.13
33,35,12,1045,4.76,8,1,2,0.13,0.08
19,18,37,2841,4.24,7,0,0,0.07,0.08
5,32,24,2503,4.78,4,0,2,0.11,0.15
32,13,17,1347,4.33,11,1,1,0.08,0.04
7,19,57,1867,4.98,11,0,1,0.1,0.03
22,18,61,1270,4.49,6,1,1,0.08,0.15
38,28,64,1268,4.06,9,0,2,0.08,0.07
36,24,46,2600,4.65,11,0,2,0.13,0.09
33,28,13,1570,4.26,7,0,1,0.02,0.08
29,11,64,1510,4.71,8,1,2,0.09,0.13
30,19,21,1202,4.75,7,1,0,0.03,0.05
12,28,28,964,4.43,7,0,2,0.09,0.15
23,26,66,1416,4.81,8,0,2,0.14,0.19
26,29,46,1952,4.11,7,0,0,0.02,0.17
33,33,16,2530,3.59,5,0,2,0.07,0.18
37,30,64,693,4.49,9,1,2,0.12,0.19
39,11,37,565,4.65,4,0,0,0.06,0.09
7,28,46,2225,3.61,11,0,2,0.08,0.16
23,26,70,1100,4.66,9,0,2,0.03,0.11
14,27,48,1999,4.46,10,0,2,0.04,0.07
31,26,32,2211,3.67,8,1,2,0.11,0.15
19,11,61,2404,4.31,4,1,0,0.13,0.06
15,28,20,975,3.66,5,1,0,0.1,0.04
30,10,75,1386,3.98,8,1,2,0.13,0.15
28,20,22,581,4.71,11,0,2,0.09,0.07
17,34,50,2460,3.65,5,1,0,0.12,0.08
36,19,58,543,4.19,6,1,0,0.15,0.18
8,14,24,2001,4.41,11,0,1,0.02,0.04
17,25,65,1109,4.91,6,1,0,0.08,0.16
13,33,63,2388,4.61,6,1,2,0.04,0.09
38,14,40,1852,3.71,4,1,0,0.08,0.18
11,33,70,1937,4.95,10,1,2,0.08,0.1
5,32,67,2287,4.22,11,1,0,0.1,0.09
16,21,69,1219,4.05,9,1,0,0.07,0.1
25,13,62,1190,3.69,9,0,0,0.06,0.17
15,32,70,2445,4.9,6,0,2,0.02,0.02
18,15,51,609,4.38,6,0,0,0.01,0.15
38,28,38,718,4.98,5,0,0,0.03,0.06
38,18,36,962,3.76,10,1,1,0.07,0.18
29,21,53,1014,4.32,7,1,1,0.07,0.09
8,35,14,1136,3.66,10,1,0,0.04,0.08
30,24,61,1716,4.29,10,1,0,0.13,0.15
20,25,62,1126,4.83,7,1,2,0.11,0.15
14,22,61,569,3.66,9,0,2,0.06,0.13
6,34,47,2017,3.9,9,0,1,0.12,0.08
39,39,53,2644,4.52,6,0,2,0.15,0.13
23,30,62,2350,3.61,9,1,0,0.04,0.03
10,33,11,723,4.18,7,0,1,0.06,0.19
23,16,63,2365,4.0,10,1,2,0.15,0.1
12,34,44,2134,4.76,6,0,2,0.03,0.07
18,32,55,2305,3.57,6,0,0,0.02,0.17
14,29,64,2279,4.8,4,1,2,0.08,0.08
7,13,20,1561,4.56,8,0,2,0.08,0.2
33,20,38,1268,3.95,7,1,1,0.02,0.14
19,17,78,2375,3.8,6,0,2,0.05,0.14
27,15,72,2168,4.93,7,1,0,0.07,0.05
27,34,56,1491,4.33,4,0,2,0.13,0.13
83,2,159,8259,1.81846782772324,16,5,5,0.7547437217511442,0.571523794203007
23,19,73,2528,3.57,4,0,0,0.14,0.16
32,39,73,2029,3.75,6,1,1,0.06,0.04
30,16,21,988,4.4,7,0,2,0.05,0.08
14,16,21,556,4.27,7,1,0,0.07,0.11
8,13,45,1011,4.64,7,1,0,0.01,0.16
6,12,38,2651,4.75,4,0,0,0.04,0.13
7,33,20,2607,4.1,11,1,0,0.04,0.15
11,16,62,2101,3.65,5,1,1,0.02,0.06
20,13,79,1234,4.69,5,1,0,0.07,0.06
35,22,56,2082,4.33,7,1,0,0.14,0.09
14,29,42,870,4.97,7,1,1,0.01,0.02
23,26,76,2573,4.69,8,0,1,0.1,0.17
32,36,52,2940,3.99,6,0,1,0.13,0.09
21,16,27,2342,4.14,4,0,0,0.03,0.03
32,26,62,1105,3.85,8,1,0,0.14,0.18
23,35,48,609,4.27,7,1,2,0.12,0.19
27,35,43,1272,4.57,9,1,2,0.04,0.14
24,13,46,2801,4.42,5,1,2,0.14,0.08
17,20,50,2330,4.01,5,1,1,0.12,0.09
17,39,58,2359,4.73,8,0,2,0.03,0.07
15,12,19,2327,3.66,5,1,2,0.13,0.15
19,20,49,1416,3.71,5,0,1,0.09,0.08
21,12,27,1096,4.11,11,0,0,0.12,0.03
32,21,34,1737,4.55,9,1,1,0.1,0.03
23,10,50,2660,4.54,6,1,2,0.06,0.13
8,13,45,1835,4.05,7,0,2,0.09,0.07
26,23,11,1454,4.54,10,0,1,0.1,0.05
26,10,58,1624,3.59,8,1,1,0.12,0.12
38,23,76,1261,3.94,9,1,2,0.13,0.07
37,22,62,1437,4.54,4,0,1,0.1,0.03
37,22,28,2631,3.78,4,0,2,0.15,0.05
16,33,35,1218,3.82,9,0,2,0.12,0.16
6,24,63,2453,3.63,7,0,2,0.14,0.17
32,26,60,1448,4.05,4,0,0,0.05,0.18
14,21,34,801,4.74,9,1,1,0.05,0.12
26,39,26,1740,4.75,5,1,1,0.06,0.19
64,4,282,9527,1.047441424128981,22,3,7,0.7411928518225296,0.5614552125677037
80,4,156,9758,2.4734525977418396,16,5,8,0.44730283456440006,0.7087016871022641
7,35,64,1113,4.99,8,1,1,0.02,0.15
11,23,59,2618,4.25,5,1,1,0.08,0.03
12,21,20,2048,4.81,10,1,0,0.03,0.07
24,27,21,1924,4.86,7,0,1,0.12,0.19
16,13,49,1168,4.27,6,1,1,0.01,0.16
39,36,57,2628,3.58,4,1,1,0.07,0.03
21,23,65,717,4.4,10,0,0,0.07,0.12
32,28,17,1248,4.0,8,1,0,0.02,0.14
14,38,23,624,3.81,11,0,2,0.06,0.2
26,22,65,700,3.77,8,0,2,0.12,0.15
37,34,63,1543,4.34,11,0,2,0.03,0.13
26,39,26,1221,3.66,7,0,1,0.15,0.18
17,32,54,1451,4.73,11,0,2,0.02,0.14
31,27,14,2381,3.84,6,1,2,0.05,0.19
19,20,12,2727,4.32,11,1,2,0.12,0.11
26,37,18,1932,3.69,9,1,2,0.06,0.15
34,15,29,1585,4.79,4,1,2,0.08,0.13
38,18,30,2820,4.54,8,0,1,0.04,0.12
38,21,42,2276,3.81,8,1,0,0.11,0.08
39,28,14,1198,4.57,4,1,1,0.04,0.18
23,23,33,1121,3.62,11,0,0,0.13,0.07
12,24,72,1485,4.66,10,0,2,0.09,0.05
75,1,264,7925,2.092762723305491,17,5,6,0.5800738868672333,0.6774281256249159
32,15,42,1584,3.68,6,1,2,0.14,0.12
29,23,27,799,4.33,6,0,1,0.12,0.07
21,12,27,1775,3.8,8,0,1,0.11,0.18
28,28,47,1930,4.51,9,0,2,0.13,0.07
25,29,42,1779,4.56,5,0,2,0.02,0.03
6,34,36,2888,4.64,10,1,0,0.11,0.02
35,20,58,2329,4.84,8,1,2,0.04,0.19
37,38,59,2321,4.48,7,0,0,0.05,0.09
34,33,24,2950,4.24,10,1,2,0.01,0.06
16,26,61,2835,4.78,7,1,0,0.14,0.12
16,38,77,1488,4.85,11,0,1,0.11,0.11
28,37,28,713,4.67,11,0,1,0.03,0.2
28,36,34,1031,4.91,9,1,2,0.06,0.18
15,26,34,2099,4.97,10,0,1,0.08,0.07
17,32,42,2484,3.88,8,1,2,0.08,0.15
31,12,69,2758,3.78,8,0,2,0.09,0.09
12,23,46,2718,4.17,4,1,2,0.08,0.09
14,36,52,1037,5.0,6,1,0,0.1,0.09
12,16,18,1786,3.63,9,1,0,0.13,0.14
24,34,23,1175,4.57,11,1,2,0.07,0.12
12,28,12,889,4.78,4,0,1,0.13,0.16
13,12,78,2968,4.99,9,0,1,0.04,0.05
11,11,65,2609,4.43,7,1,1,0.03,0.1
18,35,35,2633,4.07,7,0,0,0.04,0.17
32,26,62,2108,3.75,5,0,0,0.04,0.02
6,18,50,2607,4.97,6,1,0,0.15,0.13
12,31,30,819,4.89,6,1,1,0.06,0.16
17,15,48,1189,4.71,9,1,1,0.1,0.09
25,33,32,2599,4.92,7,1,1,0.11,0.18
32,36,67,1156,3.59,4,1,1,0.07,0.15
39,30,78,1327,4.45,8,1,0,0.04,0.13
27,18,38,1600,3.91,6,1,2,0.07,0.06
19,36,71,618,4.65,8,0,1,0.08,0.14
6,14,62,1705,3.64,7,0,1,0.14,0.17
16,11,54,1005,3.89,5,1,0,0.09,0.15
7,31,36,2700,4.78,7,0,0,0.15,0.12
9,24,43,1541,4.62,8,1,1,0.09,0.15
7,18,23,996,4.99,7,1,2,0.03,0.2
23,28,50,2271,4.47,6,0,0,0.06,0.02
6,19,69,578,3.95,9,1,0,0.12,0.14
21,13,51,558,4.32,9,0,0,0.07,0.16
18,19,60,1934,4.92,8,1,0,0.02,0.14
32,36,20,2153,4.48,8,1,1,0.02,0.07
31,17,44,2272,4.82,11,0,1,0.04,0.17
14,31,28,2362,3.53,11,1,1,0.09,0.18
7,22,74,2206,4.05,5,1,2,0.13,0.14
29,16,70,2011,4.9,10,1,0,0.08,0.11
26,16,56,743,3.56,6,1,0,0.11,0.09
34,13,23,2755,4.28,4,0,0,0.1,0.08
25,24,76,1610,4.02,10,0,1,0.08,0.15
34,21,61,2174,4.47,5,0,0,0.04,0.13
32,25,41,2477,3.74,6,0,1,0.13,0.05
35,15,19,538,4.48,9,0,1,0.05,0.05
30,37,26,2115,4.99,4,0,2,0.05,0.03
26,18,49,519,3.91,11,1,0,0.05,0.14
25,12,77,720,4.19,10,0,1,0.02,0.08
5,17,72,2372,3.54,9,0,0,0.08,0.02
17,16,24,2822,4.15,8,1,1,0.06,0.08
25,13,48,750,4.11,9,0,1,0.08,0.17
13,35,66,711,4.35,10,1,1,0.07,0.06
21,22,19,918,3.89,5,1,1,0.08,0.13
25,28,26,1695,3.99,8,0,2,0.05,0.1
35,39,26,1006,4.41,8,1,0,0.12,0.12
26,16,25,1145,4.86,11,1,0,0.08,0.13
16,19,12,2151,3.85,11,0,1,0.04,0.1
10,34,60,1368,4.52,10,1,0,0.14,0.03
20,21,55,991,4.29,8,0,0,0.03,0.12
30,35,64,2842,3.66,6,1,0,0.11,0.09
9,12,35,1669,4.35,4,1,2,0.1,0.06
13,35,40,1761,4.56,6,1,1,0.02,0.18
18,34,28,1239,4.4,8,0,2,0.14,0.15
34,38,77,2290,3.66,10,1,0,0.05,0.07
30,33,24,923,4.78,5,0,0,0.11,0.12
33,21,67,791,3.56,11,0,2,0.05,0.19
23,28,39,2703,3.85,9,0,1,0.08,0.06
12,24,57,2483,4.42,11,1,0,0.15,0.19
27,17,65,2897,3.83,10,1,2,0.1,0.14
39,21,51,2457,3.65,8,1,2,0.05,0.12
35,29,33,742,4.27,4,0,1,0.07,0.2
39,15,61,1730,4.58,6,0,2,0.1,0.08
36,37,52,2289,4.12,4,0,2,0.07,0.07
9,19,43,2805,4.55,6,0,2,0.14,0.08
98,2,258,9762,1.6566213338089886,19,3,7,0.4603509285044704,0.4286061964803051
21,33,12,2582,4.94,10,0,0,0.03,0.08
36,22,77,2977,3.85,4,0,1,0.12,0.04
36,34,20,1842,4.41,4,1,2,0.14,0.14
24,16,22,594,3.9,6,1,2,0.05,0.06
6,17,59,2767,4.81,10,0,0,0.04,0.02
24,32,28,800,4.84,6,1,0,0.01,0.06
22,25,53,2160,3.98,6,0,0,0.03,0.17
5,20,42,1708,4.47,7,1,1,0.14,0.19
33,35,47,2947,4.83,11,1,0,0.06,0.14
33,13,12,1189,4.26,9,1,2,0.06,0.08
61,4,161,9308,2.1595202963690876,19,5,7,0.7165857859445873,0.5651100139257057
10,25,44,1492,4.7,4,1,2,0.03,0.06
12,28,45,2681,4.81,7,0,1,0.08,0.18
28,32,47,1160,4.27,7,0,2,0.11,0.14
24,36,48,2429,4.91,8,1,2,0.09,0.04
18,20,34,2425,4.44,11,0,2,0.01,0.09
9,16,73,2805,3.73,10,0,0,0.12,0.12
38,36,22,1562,4.42,7,1,2,0.14,0.16
20,22,77,804,3.95,7,1,0,0.07,0.19
11,28,79,2347,4.06,11,0,0,0.06,0.04
20,26,10,1025,4.71,6,0,1,0.04,0.17
11,35,63,906,4.96,6,0,1,0.05,0.03
71,3,292,10717,1.1657357614616588,22,5,9,0.7078789208661708,0.40849345331974407
18,37,45,1385,3.99,9,1,1,0.12,0.02
18,31,46,2925,4.18,10,0,0,0.06,0.03
37,22,68,1372,4.98,4,1,0,0.06,0.03
37,38,30,2470,4.89,9,0,2,0.07,0.05
85,2,167,7676,1.6022304876059297,16,5,9,0.6230594819804736,0.556346387645401
11,16,10,1804,4.15,11,1,2,0.14,0.07
36,10,68,2088,4.7,7,1,0,0.11,0.11
7,10,37,510,4.81,4,1,0,0.07,0.11
33,29,65,2487,3.57,9,0,2,0.03,0.2
28,32,18,1472,3.9,6,1,2,0.13,0.09
26,23,74,508,4.83,6,0,0,0.08,0.07
10,36,45,527,4.08,4,0,1,0.12,0.19
28,24,43,1185,3.92,10,1,0,0.01,0.13
27,20,41,1081,3.91,4,0,1,0.05,0.07
14,33,75,1741,4.06,6,0,2,0.1,0.07
20,35,34,2161,3.87,10,0,0,0.08,0.04
15,18,60,2550,3.51,4,1,2,0.05,0.12
36,26,72,1710,3.76,10,0,2,0.04,0.15
10,13,54,542,4.82,9,0,2,0.05,0.11
28,29,35,2134,3.61,6,0,0,0.11,0.18
37,28,30,1934,4.12,11,0,0,0.04,0.11
16,16,60,541,4.18,4,1,1,0.09,0.08
31,10,33,1229,4.67,6,1,0,0.07,0.07
22,18,21,2481,3.88,5,0,1,0.12,0.06
17,22,20,1147,3.96,6,0,1,0.04,0.08
34,33,36,2482,3.52,6,0,0,0.05,0.2
17,11,32,2428,4.85,7,0,0,0.07,0.08
38,11,42,1659,4.53,9,1,2,0.03,0.11
34,33,47,2042,3.89,10,1,2,0.07,0.07
29,36,64,536,4.83,6,1,0,0.07,0.05
6,39,79,2519,3.63,11,1,1,0.15,0.14
22,24,51,1322,4.05,4,1,0,0.09,0.12
9,26,38,1078,4.35,8,1,2,0.02,0.03
23,22,43,1520,4.26,4,0,1,0.07,0.18
22,16,66,1581,4.48,7,0,2,0.13,0.11
36,18,12,2702,3.95,4,0,0,0.13,0.08
64,4,174,8354,1.1202631192286554,21,3,5,0.5001593918188912,0.6433383471766183
14,12,57,2522,4.11,8,0,0,0.14,0.04
26,32,73,612,3.69,8,0,2,0.03,0.11
17,31,22,2279,4.61,10,0,0,0.01,0.12
21,24,45,2319,4.87,9,1,0,0.1,0.16
13,16,79,1100,4.05,7,1,0,0.11,0.09
28,32,42,941,4.38,9,0,2,0.03,0.17
18,35,66,727,4.53,8,0,2,0.03,0.15
12,10,64,1373,4.75,6,1,0,0.14,0.16
23,23,22,1645,3.8,7,1,2,0.14,0.19
32,28,60,1170,4.35,9,0,1,0.03,0.17
34,25,62,1791,4.61,5,1,1,0.04,0.08
11,19,45,1194,3.8,8,1,1,0.13,0.14
30,10,14,2008,4.21,8,0,1,0.07,0.18
15,14,34,1527,4.2,7,0,0,0.12,0.11
18,12,46,620,4.76,8,0,1,0.07,0.14
25,26,28,1241,4.67,10,1,0,0.11,0.05
12,27,44,2009,3.85,11,0,0,0.07,0.17
7,35,43,1742,3.85,8,0,2,0.14,0.16
32,30,63,1193,4.59,11,1,1,0.06,0.18
60,2,294,8443,1.7352711646375483,21,5,6,0.5584347715077322,0.7606540196698246
27,28,15,2590,3.77,11,0,2,0.08,0.18
22,31,10,2053,4.12,5,0,0,0.1,0.05
39,34,43,2212,4.74,7,0,0,0.05,0.17
17,31,65,1412,3.62,8,1,2,0.1,0.19
16,27,35,1093,4.06,9,1,0,0.03,0.17
9,25,51,1533,4.47,11,0,2,0.14,0.13
15,11,47,711,4.66,10,0,1,0.03,0.19
15,24,35,2175,4.48,4,1,0,0.13,0.04
35,22,68,2461,4.1,11,1,0,0.11,0.02
35,22,33,1905,4.99,7,0,1,0.06,0.19
17,25,30,1912,3.56,9,1,0,0.06,0.14
18,17,69,1421,4.24,5,1,2,0.15,0.04
29,20,29,2883,4.27,4,0,2,0.04,0.08
37,17,15,1421,3.86,9,1,2,0.11,0.15
37,31,76,2630,4.34,11,1,0,0.04,0.16
19,19,19,2539,3.83,11,1,1,0.14,0.05
20,32,21,2699,4.17,9,1,0,0.11,0.1
10,10,31,2258,4.15,8,0,1,0.14,0.17
29,21,71,1993,4.66,10,1,1,0.13,0.19
19,18,70,577,4.91,7,1,0,0.09,0.13
8,14,26,911,3.8,7,0,1,0.03,0.13
8,18,19,2077,4.99,5,1,0,0.04,0.1
34,25,21,2097,4.91,6,0,0,0.04,0.12
38,27,49,2928,3.67,11,1,0,0.04,0.04
31,39,32,812,4.87,6,1,0,0.08,0.08
35,17,49,2942,4.35,6,1,2,0.13,0.11
36,32,59,503,4.82,7,0,0,0.01,0.07
13,20,19,608,4.92,10,1,2,0.04,0.08
12,39,13,1385,4.79,10,0,0,0.09,0.19
96,3,252,9050,2.2612382218647396,23,3,6,0.7374605576505893,0.43357482022864224
37,28,52,1622,4.46,5,1,2,0.05,0.07
27,13,14,691,4.2,6,1,0,0.06,0.13
25,29,43,2880,4.05,4,0,0,0.06,0.07
16,35,75,1735,3.88,6,0,1,0.05,0.14
6,19,33,1126,4.16,7,0,1,0.11,0.07
17,33,23,1072,4.71,4,0,0,0.1,0.13
83,2,297,9911,2.229518713876915,21,4,5,0.7981868142286486,0.6690296520988822
24,38,51,2425,4.94,8,0,1,0.14,0.14
18,29,22,695,3.94,9,0,2,0.14,0.03
34,23,38,761,4.48,4,0,1,0.09,0.16
33,30,74,2869,4.54,10,0,1,0.04,0.06
12,11,55,2967,3.79,5,1,2,0.04,0.13
16,38,43,2434,4.05,11,0,0,0.09,0.14
30,13,72,831,4.01,4,0,2,0.14,0.16
6,16,13,1819,4.98,6,0,1,0.08,0.11
18,28,37,1759,4.94,4,0,2,0.14,0.09
10,39,10,1180,4.73,4,1,1,0.05,0.11
75,4,269,7775,1.731926137937446,23,5,9,0.7789639090631519,0.6080908204147017
21,26,22,1033,3.9,4,1,2,0.12,0.17
29,25,14,2619,4.87,7,1,0,0.13,0.06
36,22,23,2023,3.9,9,1,1,0.07,0.17
16,33,41,2686,4.28,11,1,2,0.02,0.09
17,33,59,823,3.87,7,0,2,0.02,0.15
23,31,36,2440,4.96,9,1,1,0.02,0.08
29,32,44,572,3.56,11,0,2,0.07,0.15
35,35,12,1912,3.76,6,0,0,0.04,0.16
29,36,13,1761,4.65,8,0,1,0.07,0.12
20,27,16,1487,3.73,7,1,0,0.08,0.13
27,30,12,1845,4.97,8,1,1,0.07,0.15
18,21,68,2286,3.98,7,0,0,0.1,0.14
10,32,10,1828,4.88,5,1,1,0.11,0.15
29,34,37,1531,4.49,5,1,2,0.07,0.17
27,10,68,2506,4.45,4,1,1,0.06,0.06
16,24,62,1730,4.87,8,0,2,0.06,0.06
17,12,19,910,4.27,4,1,0,0.02,0.19
38,15,12,2805,4.1,9,0,2,0.06,0.17
10,23,16,2319,3.83,4,1,0,0.04,0.13
12,32,18,2673,3.72,7,1,2,0.05,0.02
12,15,78,1693,4.69,7,1,0,0.11,0.17
37,10,22,1161,3.69,4,0,1,0.15,0.16
38,29,49,1729,4.09,9,1,1,0.14,0.19
19,15,71,1856,4.11,7,0,2,0.13,0.02
39,17,71,2173,4.5,9,0,1,0.11,0.03
26,35,19,1588,3.92,5,1,2,0.14,0.11
27,24,20,2635,4.76,5,1,0,0.12,0.17
26,23,71,2358,3.81,8,0,0,0.08,0.2
9,25,65,1566,4.68,5,0,1,0.09,0.08
35,29,58,2406,4.77,9,1,1,0.05,0.03
17,32,25,2460,3.79,4,1,2,0.01,0.06
32,25,18,999,4.71,6,1,2,0.06,0.18
24,36,42,1802,4.57,7,0,0,0.07,0.1
37,28,44,825,4.81,4,1,0,0.11,0.17
20,33,48,1941,4.26,7,1,2,0.13,0.1
33,10,34,1052,3.85,8,0,1,0.14,0.03
27,13,65,2437,4.87,4,0,1,0.06,0.13
28,33,57,1387,4.69,4,1,2,0.14,0.1
38,19,19,1495,3.53,11,0,2,0.12,0.11
11,29,50,1428,4.91,4,0,1,0.01,0.19
8,27,68,807,4.92,8,1,1,0.09,0.1
38,11,37,1830,4.03,4,1,1,0.06,0.16
66,4,156,8446,1.929208501753671,19,4,9,0.6861020157065681,0.6352148985335139
9,24,75,969,4.33,6,0,2,0.08,0.11
27,38,60,2154,4.87,4,1,0,0.09,0.13
19,13,71,1124,3.69,8,1,1,0.05,0.04
35,25,39,2838,4.39,8,0,0,0.14,0.07
13,24,49,748,4.6,4,0,0,0.1,0.15
29,27,49,2871,3.7,8,1,1,0.03,0.05
29,16,78,1966,4.27,10,1,2,0.11,0.04
25,24,71,1103,3.63,5,0,0,0.08,0.07
13,31,24,558,4.34,9,0,0,0.08,0.17
26,20,12,1520,4.16,8,1,2,0.13,0.16
27,28,33,2816,3.9,11,1,1,0.03,0.16
8,17,50,1841,4.78,10,1,1,0.08,0.08
33,33,72,2641,4.07,10,1,2,0.12,0.04
19,10,57,1777,4.55,6,0,2,0.1,0.03
5,12,70,1186,4.69,5,0,0,0.01,0.13
34,14,57,1014,3.77,7,1,1,0.12,0.15
33,27,56,1032,3.68,5,1,1,0.14,0.09
24,21,65,901,3.51,6,0,2,0.11,0.12
37,21,17,2640,3.96,9,1,2,0.13,0.07
26,30,27,1073,4.72,5,0,1,0.06,0.09
17,36,32,2065,4.66,4,1,1,0.06,0.15
11,35,78,1470,4.81,8,1,1,0.05,0.15
12,28,74,2305,4.64,4,0,0,0.11,0.03
92,4,280,10141,1.7340858023244328,19,3,5,0.49030120232043917,0.6083054507839545
13,20,75,2962,4.08,4,0,0,0.13,0.07
29,26,78,2502,3.51,10,1,1,0.03,0.18
20,25,31,1898,3.55,4,1,1,0.1,0.11
14,13,74,2054,4.22,10,0,1,0.15,0.11
15,19,21,2138,4.04,5,0,1,0.05,0.1
35,31,28,1261,4.34,7,1,1,0.1,0.19
16,24,31,1962,3.6,10,0,2,0.14,0.06
35,34,64,2812,4.38,9,1,0,0.14,0.13
18,28,71,1360,3.6,8,0,1,0.06,0.08
36,12,60,2474,4.14,5,0,2,0.02,0.18
21,37,57,1366,4.03,9,1,0,0.1,0.05
39,30,26,1622,3.84,11,1,2,0.14,0.14
5,32,22,1553,3.97,4,0,1,0.08,0.1
33,39,37,1814,3.5,6,1,2,0.07,0.14
8,14,76,2462,3.99,6,1,2,0.13,0.05
27,20,14,527,3.62,10,1,2,0.07,0.09
32,33,69,2835,4.88,4,0,0,0.11,0.04
20,14,24,1080,3.61,10,0,2,0.06,0.19
16,16,53,2799,4.93,7,1,0,0.06,0.06
25,15,55,1426,4.24,9,1,1,0.04,0.2
21,39,38,2657,4.27,8,0,1,0.02,0.1
17,35,77,2388,4.68,10,1,0,0.13,0.03
36,22,58,2945,4.54,9,0,1,0.04,0.02
19,11,52,2055,3.86,5,0,0,0.02,0.13
16,28,77,775,3.54,7,0,0,0.09,0.13
19,20,29,2794,4.67,6,0,2,0.09,0.11
38,36,27,1847,3.69,4,0,0,0.09,0.03
10,29,73,2955,4.4,5,1,1,0.08,0.08
21,14,58,2672,4.91,7,1,0,0.03,0.08
24,18,51,652,4.32,9,1,0,0.01,0.15
13,15,21,2104,3.93,7,0,0,0.02,0.1
9,26,45,2401,3.77,7,0,2,0.14,0.12
27,28,17,2567,3.54,9,1,0,0.08,0.07
72,3,285,11566,1.8705267150305058,17,5,7,0.6329796709227424,0.48339462513325193
18,17,69,746,4.34,10,0,2,0.07,0.03
21,16,58,1913,4.19,8,0,1,0.1,0.2
23,14,47,1870,3.79,11,1,2,0.06,0.14
37,24,67,1726,3.85,11,1,2,0.12,0.05
5,19,14,1532,4.94,9,0,1,0.05,0.15
17,33,55,2215,3.53,5,0,1,0.06,0.16
31,25,11,2191,4.05,9,0,2,0.14,0.16
10,18,34,2650,3.56,4,0,2,0.05,0.07
10,16,10,2898,3.79,5,0,1,0.1,0.19
37,20,78,2781,4.9,7,1,2,0.06,0.02
34,18,49,2170,3.72,11,0,2,0.08,0.09
39,26,77,536,4.4,11,1,2,0.02,0.04
27,39,78,2127,4.02,8,0,2,0.03,0.09
14,18,78,2839,4.45,8,0,2,0.02,0.03
23,12,25,2564,4.78,4,0,0,0.13,0.14
32,31,63,2637,3.93,4,0,0,0.14,0.03
27,17,72,1871,3.62,6,0,2,0.02,0.13
8,28,27,1176,3.81,6,0,0,0.02,0.06
24,29,26,1476,4.16,6,1,2,0.09,0.05
23,25,13,1967,4.27,5,0,2,0.08,0.08
31,16,18,752,4.91,8,0,2,0.1,0.14
38,37,40,2116,3.52,4,0,0,0.11,0.12
8,16,14,2516,4.64,10,0,2,0.12,0.14
11,29,25,2731,3.61,6,0,0,0.03,0.19
11,34,51,2837,3.62,4,0,2,0.02,0.06
30,22,50,1260,4.48,6,0,0,0.13,0.09
30,12,39,2705,4.86,5,1,0,0.08,0.07
23,21,35,892,3.93,9,1,1,0.15,0.13
13,33,58,930,3.9,5,1,2,0.08,0.07
24,17,40,1496,4.43,11,1,0,0.08,0.12
20,22,59,1591,4.66,7,1,1,0.1,0.17
21,29,24,1600,4.8,4,1,2,0.03,0.12
26,25,61,601,3.87,11,1,0,0.05,0.17
17,16,47,1392,4.61,10,1,1,0.14,0.13
16,13,47,2754,3.96,9,0,1,0.04,0.18
14,38,69,2760,4.32,9,1,1,0.04,0.19
5,21,29,2626,3.79,7,1,0,0.08,0.11
36,26,53,2288,3.72,9,1,2,0.1,0.16
34,10,72,2680,4.9,5,1,2,0.01,0.1
12,39,59,1720,4.32,9,0,1,0.07,0.15
25,26,31,971,3.51,10,1,2,0.07,0.03
93,2,201,8475,1.8300084811039814,18,3,6,0.5940846566975325,0.7603178183677112
22,15,18,2837,4.54,5,1,0,0.13,0.18
6,21,24,1779,3.99,9,1,0,0.14,0.18
13,35,57,1998,4.2,9,0,2,0.13,0.07
7,20,29,921,4.17,4,0,1,0.12,0.07
30,30,44,1038,3.91,10,0,0,0.13,0.09
25,20,76,2206,4.97,7,1,2,0.03,0.18
34,27,69,2280,4.32,9,0,1,0.06,0.17
32,17,43,2848,4.85,10,0,0,0.11,0.07
30,34,63,1811,4.38,9,0,2,0.14,0.12
38,16,21,2460,4.54,7,0,1,0.1,0.11
12,37,28,1485,3.54,7,0,1,0.04,0.14
14,23,35,1305,4.27,4,0,0,0.14,0.06
18,25,32,2804,4.58,4,0,2,0.12,0.04
19,21,42,2985,3.68,4,1,2,0.11,0.02
88,1,244,10286,2.212182029798595,18,5,9,0.7597481084838116,0.5276353459067664
22,29,39,1676,3.63,9,1,0,0.1,0.19
36,38,32,1148,4.71,10,0,0,0.01,0.14
27,32,45,2769,4.97,5,1,2,0.05,0.15
27,30,52,2224,4.44,8,0,1,0.14,0.19
39,25,75,1959,3.62,8,0,2,0.05,0.1
19,30,62,2683,4.38,5,1,2,0.12,0.11
28,28,69,2051,4.61,9,1,1,0.07,0.08
32,25,46,1125,4.9,6,1,0,0.14,0.05
20,18,70,1275,3.57,6,0,2,0.09,0.16
20,22,62,1802,4.66,11,1,1,0.1,0.18
10,35,21,1768,3.7,6,0,0,0.04,0.17
6,14,44,2273,4.69,10,0,1,0.02,0.03
17,31,76,1666,4.83,4,0,1,0.12,0.07
13,28,47,2050,4.79,4,0,1,0.02,0.13
38,19,33,2640,4.48,11,0,0,0.11,0.08
21,16,49,1906,4.25,7,0,0,0.09,0.05
31,18,74,2412,4.81,10,0,0,0.12,0.12
33,34,66,2826,4.28,10,1,2,0.04,0.11
26,23,54,2250,3.79,7,0,2,0.09,0.15
28,24,22,1120,4.91,11,0,0,0.1,0.2
11,22,15,1811,4.06,8,0,2,0.02,0.14
38,19,56,1171,4.44,7,1,1,0.11,0.08
16,23,53,1300,3.8,4,1,1,0.06,0.19
27,35,41,670,3.67,8,1,1,0.03,0.12
19,30,12,2048,4.33,7,0,2,0.06,0.14
37,32,63,2919,4.33,7,0,0,0.02,0.08
17,38,47,1916,4.05,10,1,2,0.13,0.1
27,21,13,2481,3.97,6,0,2,0.07,0.1
90,1,210,9440,1.135345984230531,20,3,9,0.7574795877198168,0.5898339952084034
39,38,46,1438,4.69,8,1,1,0.05,0.17
5,28,45,1334,4.04,11,0,0,0.11,0.04
9,15,67,2756,4.88,5,1,1,0.12,0.08
17,21,50,2546,3.67,9,0,0,0.02,0.03
9,33,17,1884,4.9,7,1,2,0.02,0.11
36,22,76,2531,4.53,4,0,0,0.14,0.07
25,17,39,1964,4.02,8,1,0,0.06,0.03
28,25,61,2916,3.51,9,1,1,0.04,0.16
22,11,34,1755,4.7,10,0,0,0.03,0.04
25,31,61,1504,4.95,4,1,0,0.08,0.07
14,16,68,2231,4.97,11,1,0,0.12,0.16
28,21,39,1772,4.14,4,1,0,0.08,0.11
25,16,76,1840,3.61,8,0,2,0.01,0.17
29,28,13,2811,3.97,6,1,0,0.08,0.09
27,23,66,2252,3.96,9,0,0,0.05,0.17
26,39,72,2456,3.65,6,1,1,0.11,0.12
8,18,41,1412,4.29,11,1,0,0.08,0.04
38,27,60,2191,4.41,7,1,2,0.15,0.1
10,20,72,569,4.59,6,0,1,0.09,0.12
32,25,10,1757,3.58,7,1,1,0.1,0.13
35,28,28,931,3.91,7,0,0,0.08,0.19
39,20,44,1577,4.03,8,1,1,0.05,0.05
27,27,72,669,4.84,11,0,1,0.1,0.13
10,20,35,2583,4.85,4,1,0,0.06,0.16
20,34,22,2450,3.89,11,1,2,0.11,0.18
6,13,32,2484,4.23,5,1,2,0.04,0.11
28,27,44,758,4.14,10,1,0,0.06,0.06
21,28,21,2798,4.29,5,0,1,0.09,0.17
5,22,18,2560,3.93,6,1,0,0.1,0.18
10,13,76,2604,4.19,8,0,0,0.1,0.04
9,39,53,1503,3.72,5,0,1,0.11,0.06
33,19,70,1684,4.56,10,0,1,0.05,0.18
16,38,30,936,4.05,4,1,0,0.13,0.11
7,31,16,729,4.31,7,0,1,0.01,0.05
5,14,20,1330,4.41,7,0,1,0.04,0.14
31,12,54,1340,4.75,8,0,2,0.02,0.1
28,25,41,1716,3.62,6,0,2,0.1,0.19
23,35,45,1119,4.22,4,0,0,0.05,0.06
12,17,46,2904,4.84,10,1,0,0.04,0.09
6,33,50,2899,3.99,6,1,0,0.08,0.05
34,16,58,1781,4.17,10,1,2,0.1,0.03
34,28,24,1121,3.63,11,1,1,0.1,0.07
36,23,22,1134,4.63,6,1,0,0.09,0.17
5,24,62,2493,3.63,8,0,2,0.15,0.07
